movie_id,title,author,content,rating,created_at
687163,Proyecto Salvación,anamb25,"Muy sobrevalorada, te esperas que sea como interestelar pero es mucho menos seria,y con comedia muy forzada",6.0,2026-05-25T08:51:16Z
603,Matrix,Antonio Alaminos-Fernández,"""The Matrix,"" released in 1999, is widely considered to be one of the most influential and groundbreaking sci-fi films of the past 25 years. Directed by the Wachowskis, the film tells the story of Neo, a hacker who discovers that the reality he knows is actually a simulated world controlled by sentient machines. Keanu Reeves delivers a strong performance as Neo, and is supported by a talented cast including Carrie-Anne Moss, Laurence Fishburne, and Hugo Weaving. The film's unique blend of action, philosophy, and science fiction made it an instant classic, and its impact can still be felt in the genre today. The film also benefits from a memorable soundtrack and a standalone storyline that keeps the focus on the characters and their development. Despite the franchise's subsequent sequels not living up to the original, ""The Matrix"" remains a must-watch for any sci-fi fan.
________________________
Matrix, estrenada en 1999, es ampliamente considerada como una de las películas de ciencia ficción más influyentes e innovadoras de los últimos 25 años. Dirigida por los Wachowski, la película cuenta la historia de Neo, un hacker que descubre que la realidad que conoce es en realidad un mundo simulado controlado por máquinas inteligentes. Keanu Reeves ofrece una gran actuación como Neo y cuenta con el apoyo de un elenco talentoso que incluye a Carrie-Anne Moss, Laurence Fishburne y Hugo Weaving. La combinación única de acción, filosofía y ciencia ficción de la película la convirtió en un clásico instantáneo, y su impacto aún se puede sentir en el género en la actualidad. La película también se beneficia de una banda sonora memorable y una historia independiente que mantiene el enfoque en los personajes y su desarrollo. A pesar de que las secuelas posteriores de la franquicia no están a la altura del original, ""The Matrix"" sigue siendo una visita obligada para cualquier fanático de la ciencia ficción.",9.0,2023-01-21T14:53:40Z
83533,Avatar: Fuego y ceniza,Cuby75,"La espectacularidad visual sigue siendo el mayor atractivo de la saga: escenas imponentes, un 3D bien logrado y fotografías realmente impactantes. Sin embargo, la historia vuelve a caer en una rutina argumental que ya se siente repetida. Aun así, es un buen plan para disfrutar en el cine. No pidas más.",6.0,2026-01-10T19:34:03Z
83533,Avatar: Fuego y ceniza,by.annie._,"¿Qué puedo decir? La amé. Fui tres veces con distintas personas (y, actualmente, planeando una cuarta), y en todas sentí demasiado, igual que en la primera y la segunda entrega. Son pocas las sagas que me pegan tanto como lo logró Cameron con Pandora, y deseo taaanto que saquen las últimas dos. En esta explaya más las luchas internas de los personajes, lo cual me gustó bastante porque me permitió conocerlos ya no solo como guerreros, sino como seres aún más profundamente emocionales. A la primera escena ya estaba llorando! Definitivamente volvería a ese cine mil veces.",,2026-01-26T14:58:05Z
350,El diablo viste de Prada,Jrloridan,"*""El diablo viste de Prada""* es una comedia dramática que fue estrenada en 2006, dirigida por David Frankel y basada en la novela homónima de Lauren Weisberger. La película se centra en Andrea Sachs (interpretada por Anne Hathaway), una joven que acaba de graduarse de la universidad y consigue un trabajo como asistente personal de Miranda Priestly (Meryl Streep), la implacable editora en jefe de una influyente revista de moda llamada *Runway*.

El filme explora el contraste entre los sueños de Andrea de ser una periodista seria y la realidad de tener que lidiar con las exigencias desmesuradas de Miranda, quien es despiadada y extremadamente exigente. A lo largo de la película, Andrea se ve obligada a adaptarse a un mundo superficial y opresivo, sacrificando su vida personal y sus principios en el proceso. La trama se mueve entre situaciones cómicas y momentos de reflexión sobre el impacto de las prioridades laborales y la lucha por encontrar un equilibrio en la vida.

Meryl Streep entrega una de sus actuaciones más memorables, dando vida a un personaje tan fascinante como aterrador. Su capacidad para interpretar la frialdad y el control absoluto de Miranda Priestly es uno de los pilares de la película. Anne Hathaway, por su parte, hace un trabajo sólido, mostrando la evolución de su personaje de una joven ingenua a una mujer que comienza a comprender el precio del éxito en este mundo competitivo.

La película también se destaca por su representación de la industria de la moda, mostrando tanto la superficialidad como el esfuerzo incansable que se requiere para sobresalir en este entorno. La estética visual, con un vestuario de lujo y paisajes urbanos de Nueva York, también juega un papel fundamental en la atmósfera de la película.

*""El diablo viste de Prada""* es una película entretenida que ofrece una mirada crítica al mundo de la moda y al mismo tiempo pone en cuestión las decisiones que tomamos en la vida profesional y personal. Su mezcla de humor, drama y reflexión la convierte en una de las comedias más populares de la década.",9.0,2025-02-09T16:47:50Z
249397,Nymphomaniac. Volumen 2,Martin Oaks,"**Larsvontrimaniac. Volumen 2**

En esta segunda entrega el ritmo se acrecenta y la historia se digiere mejor. Se añaden muchas lagunas al guión, en las que el drama principal de la adicción y la autodestrucción desaparece para sustituirlo por una especie de _thriller_ sin sentido alguno.

Lo paradójico es que es precisamente eso lo que aporta un ritmo narrativo más intenso a la obra, pero lamentablemente se aparta del todo de su cometido inicial.

Lo mejor de esta segunda parte: el minuto final.",6.0,2022-12-24T18:57:30Z
1084242,Zootrópolis 2,Marco-Hugo Landeta Vacas,"(CASTELLANO) Zootopia 2 tenía un reto enorme: no solo continuar una película excelente, sino justificar su propia existencia. Y lo cierto es que lo consigue en buena medida. No reinventa la fórmula, pero entiende qué hacía especial a la original y decide no romperlo.

Desde el principio se percibe el mismo dinamismo entre Judy y Nick. La química sigue intacta y la estructura de investigación vuelve a funcionar como motor narrativo. Hay persecuciones, humor físico y diálogos rápidos, pero también espacio para pequeños momentos de carácter que refuerzan su relación. No todo tiene el impacto de la primera vez, pero el engranaje está bien engrasado.

Visualmente, el mundo vuelve a impresionar. La expansión de la ciudad y los nuevos entornos mantienen ese nivel de detalle minucioso que convirtió a la primera en una referencia técnica. La animación tiene soltura, color y ritmo. Se nota que Disney no ha escatimado en ambición estética.

Donde quizá se percibe cierta irregularidad es en el equilibrio entre comedia y discurso social. Intenta tocar temas relevantes y ampliar su comentario sobre convivencia y prejuicios, pero no siempre alcanza la misma precisión que la original. A ratos parece más segura en la acción que en la reflexión.

Aun así, es una secuela sólida. No es rompedoramente nueva ni supera claramente a su predecesora, pero tampoco la traiciona. Mantiene el espíritu, entrega entretenimiento de calidad y deja la sensación de que este universo aún tiene recorrido.

Zootopia 2 no es un salto histórico en la animación, pero sí una continuación muy disfrutable que demuestra que la ciudad todavía tiene historias que contar.

(ENGLISH) Zootopia 2 faced a huge challenge: not only continuing an excellent film, but justifying its own existence. And it largely succeeds. It doesn’t reinvent the formula, but it understands what made the original special and wisely chooses not to break it.

From the beginning, the dynamic between Judy and Nick feels intact. Their chemistry remains strong, and the investigative structure once again drives the narrative. There are chases, physical comedy, and sharp dialogue, but also quieter character moments that reinforce their bond. Not everything lands with the same impact as the first time, yet the machinery runs smoothly.

Visually, the world impresses again. The expanded city and new settings maintain the meticulous detail that made the first film a technical benchmark. The animation feels fluid, colorful, and energetic. Disney clearly invested in visual ambition.

Where some unevenness appears is in the balance between comedy and social commentary. It attempts to broaden its message about coexistence and prejudice, but it doesn’t always reach the same precision as its predecessor. At times it feels more confident in action than in reflection.

Still, it is a solid sequel. It isn’t groundbreaking nor clearly superior to the original, but it doesn’t betray it either. It preserves the spirit, delivers quality entertainment, and suggests that this universe still has stories to tell.

Zootopia 2 isn’t a historic leap in animation, but it is a very enjoyable continuation that proves the city still has life.",8.0,2026-02-25T01:21:27Z
39254,Acero puro,Jhon Carpi,"#VistoEn2024 #RealSteel (Revisión) Me encanta esta película. La base es simple, boxeo con robots. El grueso de la película es la relación padre-hijo de los protagonistas, sumado a ir luchando para conseguir dinero en esta modalidad de boxeo robótico. Me suele gustar este tipo de cine, soy eterno fan de Rocky, este cambio de tuerca, nunca mejor dicho, funciona.

Los humanos son sustituidos para dar más espectáculo en las peleas. Las escenas de acción, peleas y demás están muy bien hechas, su CGI está bien pulido y conseguido. Hugh y Dakota funcionan muy bien como padre e hijo y su relación como crece a medida que avanza la película está muy bien llevada, llega a ser emotiva. Los combates geniales, y su banda sonora pronto se convirtió en una de mis favoritas cuando la escuché.
Para mí es una gran película que tiene un poco de todo y que la disfruto como el primer día. Lástima no ver una segunda parte. Me ha encantado revisionarla y volver a meterme en este mundo.
NOTA: ★★★★ (8/10)",8.0,2024-01-20T12:28:33Z
278,Cadena perpetua,javimar,A total example of how we never have to lose HOPE.,10.0,2017-01-22T16:58:46Z
157336,Interstellar,cgarcia01ven,"Una de las mejores peliculas en su genero que se puede ver, con una trama, locaciones, actuaciones y musica, impresionantes.",,2025-07-23T20:26:29Z
299536,Vengadores: Infinity War,Antonio Alaminos-Fernández,"Avengers: Infinity War is the culmination of a decade of Marvel Cinematic Universe films, bringing together all of the heroes to face off against the formidable Thanos (Brolin) as he seeks to collect all of the Infinity Stones and gain the power to destroy half of the galaxy. The Russo brothers have managed to pull off an epic, enjoyable, and engaging film despite the daunting task of cramming so much into one movie. While there are pacing issues, some subpar CGI, and characters who are underutilized, the stakes are raised and the film boasts a villain worthy of greatness in Thanos. The performances from Hemsworth, Downey Jr., Saldana, and Brolin are standouts and the action scenes are well-choreographed. The story may feel rushed at times, but the third act delivers in a big way. Despite some flaws, Avengers: Infinity War is an emotional, thrilling, and epic experience that leaves audiences on the edge of their seats.
_____________________________
Avengers: Infinity War es la culminación de una década de películas de Marvel Cinematic Universe, que reúne a todos los héroes para enfrentarse al formidable Thanos (Brolin) mientras busca recolectar todas las Infinity Stones y obtener el poder de destruir la mitad de la galaxia. Los hermanos Russo han logrado realizar una película épica, agradable y atractiva a pesar de la abrumadora tarea de incluir tanto en una película. Si bien hay problemas de ritmo, algunos CGI deficientes y personajes que están infrautilizados, las apuestas aumentan y la película cuenta con un villano digno de grandeza en Thanos. Las actuaciones de Hemsworth, Downey Jr., Saldana y Brolin son sobresalientes y las escenas de acción están bien coreografiadas. La historia puede sentirse apresurada a veces, pero el tercer acto se entrega a lo grande. A pesar de algunos defectos, Avengers: Infinity War es una experiencia emocional, emocionante y épica que deja al público al borde de sus asientos.",9.0,2023-01-12T22:31:15Z
755898,La guerra de los mundos,Marco-Hugo Landeta Vacas,"(CASTELLANO) A veces la crítica se ensaña con una película hasta el punto de enterrarla antes de darle una mínima oportunidad. Con la nueva versión de La guerra de los mundos, protagonizada por Ice Cube, ha pasado algo parecido. Es verdad que el resultado no es brillante, que se nota la falta de presupuesto y que hay decisiones que rozan lo absurdo, pero también es cierto que no es tan terrible como se dice. Al contrario: tiene momentos curiosos y un punto de entretenimiento que, si uno se lo toma con cierta ligereza, funciona mejor de lo esperado.

La idea de apoyarse en el estilo “Screenlife”, con personajes conectados por redes y pantallas, no es precisamente novedosa, pero sí mantiene un pulso narrativo que engancha. Es un recurso heredado de otras cintas recientes y aquí se combina con la historia clásica de invasiones alienígenas, lo que genera un contraste extraño pero al mismo tiempo llamativo. Aunque el guion no siempre se sostiene y la tecnología parece salida de un tutorial mal aprendido, ese caos aporta un toque involuntariamente cómico que evita el aburrimiento.

Ice Cube carga con la mayor parte del peso y, aunque su actuación no pasará a la historia, tiene esa presencia que al menos sostiene la trama. A veces se le nota perdido frente a pantallas verdes, reaccionando a cosas que no existen, pero incluso en esas escenas transmite una cercanía que hace que uno siga mirando. En el fondo, la película funciona como un vehículo suyo, y verlo lidiar con alienígenas y hackers a golpe de clic tiene cierta gracia.

Uno de los puntos más criticados ha sido la publicidad descarada, sobre todo de Amazon, que parece salvar al mundo con drones y tarjetas regalo. Personalmente, no me parece tan grave: la publicidad forma parte del cine desde siempre, y que aquí se haga de forma tan obvia no deja de ser otro motivo para tomarse la película como lo que es: un espectáculo ligero, casi autoparódico. Si en un anuncio vemos a Pascual o Movistar, ¿por qué no reírse también de un dron que derrota a los alienígenas?

Evidentemente, hay momentos en los que todo se derrumba: efectos visuales pobres, personajes secundarios planos y un guion que pretende ser crítico con nuestra dependencia de los datos pero que nunca desarrolla esa idea. Sin embargo, también hay que reconocer que, dentro de esa torpeza, se genera una especie de “placer culpable”. No es la épica de Wells ni una gran superproducción, pero tampoco es la catástrofe absoluta que muchos quieren vender.

Al final, La guerra de los mundos con Ice Cube es una película fallida, sí, pero con chispa. Se ve rápido, tiene momentos que provocan carcajadas (involuntarias, la mayoría), y cumple como entretenimiento barato de sobremesa. Hay producciones muchísimo más costosas que resultan mucho más aburridas. Aquí, al menos, hay un intento de jugar con las formas y un resultado que, sin ser memorable, se disfruta más de lo que la fama negativa haría pensar.

(ENGLISH) Sometimes critics tear a movie apart so much that it gets buried before anyone gives it a fair chance. That’s what happened with this new version of War of the Worlds, starring Ice Cube. It’s true that the film isn’t brilliant, that the lack of budget is obvious, and that some choices border on the absurd. But it’s also true that it isn’t nearly as terrible as people claim. In fact, it has curious moments and a layer of entertainment that, if you approach it with the right mindset, works better than expected.

The decision to lean on the “Screenlife” format, with characters connected through screens and networks, isn’t exactly original, but it keeps the story moving. Borrowed from other recent films, this device blends with the classic alien invasion tale, creating something awkward but oddly engaging. The script doesn’t always hold up, and the tech details feel like they came out of a half-baked tutorial, yet this mess produces an unintentional comic relief that prevents the film from becoming boring.

Ice Cube carries most of the weight. His performance won’t make history, but his presence holds the film together. Sometimes he looks lost in front of green screens, reacting to things that clearly aren’t there, yet he still brings a certain warmth that keeps you watching. In a way, this feels like a showcase for him—and watching him face off against aliens and hackers with little more than a click has its own charm.

The blatant product placement, especially Amazon saving the day with drones and gift cards, has been one of the film’s most criticized aspects. Honestly, it’s not that bad. Advertising has always been part of cinema, and here its over-the-top use only adds another reason to take the film as what it really is: light, almost self-parodying entertainment. If we can laugh at seeing Pascual or Movistar in ads, why not laugh at a drone saving humanity?

Of course, some moments fall apart: weak visual effects, flat secondary characters, and a script that tries to critique our dependence on data but never develops the idea. Still, within that clumsiness, there’s a kind of guilty pleasure. It’s not Wells’ epic vision or a grand blockbuster, but it’s not the total disaster some make it out to be.

In the end, Ice Cube’s War of the Worlds is a flawed movie, but it has spark. It’s fast to watch, filled with moments that provoke (mostly unintentional) laughs, and works as cheap afternoon entertainment. Many bigger productions are far more boring. Here, at least, there’s an attempt to play with form, and the result—while far from memorable—is more enjoyable than its bad reputation suggests.",5.0,2025-08-19T01:06:32Z
755898,La guerra de los mundos,contefree.lat,"normalmente no veo peliculas en [ **CASTELLANO** ] pero como es [ **Ice Cube** ] pude hacer una excepción con esta película no es la gran cosa pero tampoco la es la peor cosa esta intermedio esperando la versión doblada al [ **Español latino** ] para disfrutar de esta Película y sus momentos graciosos,epicos,memorable",,2025-09-01T01:41:58Z
1265609,Máquina de guerra,Marco-Hugo Landeta Vacas,"(CASTELLANO) Me ha gustado bastante porque me ha recordado mucho a ese tipo de películas de acción que veía los viernes por la noche al volver de fiesta, de las de Schwarzenegger, Stallone o Van Damme. Tiene esa energía de serie B musculada, de supervivencia bruta, de tipos duros metidos en una situación imposible y obligados a resistir como sea.

Además, dentro de la película se pueden ver ecos bastante claros de otras cosas que me gustan mucho. Está ese punto de eliminación uno a uno que recuerda a Deliverance y también a Depredador, con la sensación de que la amenaza va arrasando con todos casi sin esfuerzo. Y luego hay momentos de combate y de tensión que remiten bastante a Aliens: El regreso, sobre todo cuando la acción se vuelve más física y exagerada.

Alan Ritchson, además, me gana fácil. Ya de entrada me apetece verlo en una película así, y aquí cumple con lo que uno espera de él: presencia, contundencia y carisma suficiente para sostener una historia que, siendo sinceros, no va precisamente sobrada de originalidad. Pero tampoco creo que esa sea su prioridad.

La película no es sofisticada ni pretende serlo. Va a lo que va: acción, tensión, ruido, músculo, tiros y amenaza constante. Y, dentro de ese terreno, funciona bastante bien. No me parece una de esas películas que haya que analizar demasiado, sino más bien una de esas que se disfrutan si conectas con ese tipo de cine directo y sin complejos.

Es verdad que tira de muchas fórmulas conocidas y que no todo el reparto tiene el mismo peso. También se nota que está construida a partir de influencias muy visibles. Pero, aun así, tiene ritmo, aguanta bien y sabe darte justo ese tipo de entretenimiento bruto que a veces apetece muchísimo.

En conjunto, me ha gustado porque recupera un tipo de acción que no siempre se ve tanto ahora y que, de vez en cuando, sienta fenomenal. No será una obra maestra, pero sí una peli muy disfrutable si entras en su juego y aceptas ese espíritu de videoclub desatado.

(ENGLISH) I liked it quite a lot because it really reminded me of the kind of action movies I used to watch on Friday nights after coming home from partying, the kind with Schwarzenegger, Stallone, or Van Damme. It has that pumped-up B-movie energy, that raw survival mood, that feeling of hard men thrown into an impossible situation and forced to endure however they can.

You can also spot some very clear echoes of other things I love. There is that one-by-one elimination feel that brings Deliverance to mind, and also Predator, with the sense that the threat is wiping everyone out almost effortlessly. And then there are moments of combat and tension that really evoke Aliens, especially when the action becomes more physical and exaggerated.

Alan Ritchson is also an easy win for me. I already want to watch him in a movie like this, and here he delivers what you expect from him: presence, force, and enough charisma to carry a story that, to be honest, is not exactly overflowing with originality. But I do not think that is really its priority anyway.

The movie is not sophisticated, and it does not pretend to be. It goes straight for what it wants: action, tension, noise, muscle, gunfire, and constant threat. And within that territory, it works pretty well. I do not think this is one of those films you need to overanalyze; it is more one of those you enjoy if you connect with this kind of direct, unapologetic action cinema.

It is true that it relies on many familiar formulas and that not every member of the cast carries the same weight. You can also feel that it is built out of very visible influences. Even so, it has pace, it holds up well, and it knows how to give you exactly that kind of rough entertainment that sometimes feels especially satisfying.

Overall, I liked it because it brings back a kind of action movie that you do not always see so often now, and that, every once in a while, feels great. It may not be a masterpiece, but it is a very enjoyable film if you accept its game and that wild old video-store spirit.",8.0,2026-03-10T00:30:26Z
238,El padrino,JuanesZ64,"El comienzo de una Gran Trilogía de mafiosos, y una de las mejores películas del cine:

*** La Historia o el Argumento:** nos ambienta en el año 1945 tras acabarse la segunda mundial en la ciudad de Nueva York, dónde vive uno de los Dones más peligrosos de la mafia Italoamericana llamado: Don Vito Corleone, que estaba en ese momento en una fiesta celebrando la boda de su hija Connie Corleone con su esposo Carlo Rizzie y ahí conocemos a los miembros de la familia Corleone, la esposa de Vito, la señora Corleone y sus hijos: El mayor llamado: Santino ""Sonny"" Corleone, el más fuerte, el más temperamental y el que debió haber Sido el heredero de la familia Corleone, Tom Hagen, el hijo adoptado que vendría a hacer el abogado de la familia o el Consiliere, Freddo Corleone el tontito de la familia que más adelante se encargará de los casinos propiedad de la familia, Michael Corleone el menor de los varones, el que nunca prometió meterse en los asuntos mafiosos de la familia por eso estudio en la universidad y fue soldado Marín en la segunda guerra mundial y además de conseguir una novia llamada Kay Adams, el no lo sabe pero será él que lleve las riendas de su familia, y por último tenemos a Constanza ""Connie"" Corleone que es la que recién se acabó de casar con esposo Carlo Rizzie; tras acabar la boda Tom Hagen viaja a Los Ángeles, California para solucionar el problema del ahijado de Don Vito llamado: Jhonny Fontae (Basado en Frank Sinatra) con un productor de Hollywood que se solucionó basicamente cortandole la cabeza a un caballo; después Don Vito Corleone tuvo una reunión con un narcotraficante apodado ""El Turco"" llamado: Virgil Sollozo, que quiere la ayuda judicial y política que los amigos de Don Vito les podría brindar, pero Vito se niega puesto que las drogas son algo malo para él y podría acabar con su negocio en el futuro, y tras cancelar el trato Don Vito Corleone manda a uno de sus matones de confianza llamado: Luca Brassi para ver que estan planiando los Tataglia puesto que Sollozo tenía la protección de los Tataglia, pero al llegar se encuentra con Bruno Tataglia y Luca es asesinado en ese mismo momento, secuestran a Tom Hagen y mientras que Don Vito estaba en la calle comprando fruta con su hijo Freddo, unos matones de Sollozo le ocasionan 5 tiros a Don Vito que por poco le ocacionan la muerte ya que Freddo no pudo hacer nada ya que por poco se le cae la pistola al defender a su padre y los matones fueron rápidos, tras enterarse de esto Michael fue a quedarse más tiempo con su familia dejando un lado a Kay, mientras la familia se enteró de que ya habían liberado a Tom Hagen después les había llegado un mensaje diciendo que Luca Brassi está durmiendo con los peces, tras asesinar Paulie, un conductor que debió haber estado ahí cuando le dispararon al Padrino de Vito, Michael decide ir al Hospital para ir a visitar a su padre, pero antes tuvo una cena con su novia Kay donde se despide de ella diciendo que la vera pronto, entonces Michael llega al Hospital pero lo que nota es que el hospital está totalmente solo, no hay guardias ni gente de la prensa ni nadie, entonces lo primero Michael lo primero que se le ocurre es llamar a su hermano Sonny, para decirle que envien guardias, y le dice a una enfermera que cambien a su padre a otra habitación, y después llega Enzo el pastelero que Michael le ordena que vaya a fuera y juntos actuan como si tuvieran un arma en el bolsillo para ahuyentar a unos matones que iban a matar a Don Vito, y tras irse el pastelero, llegó la Policia y el Oficial de Policia corrupto llamado el Oficial Mc Clauskey, que le ordena a Michael que se aleje del Hospital, Michael se niega y acto seguido el oficial Mc Clauskey le dá un tremendo puñetazo en la cara a Michael que le deforma la cara, y después de eso llega Tom Hagen con muchos guardaespaldas para cuidar a Don Vito Corleone y el oficial Mc Clauskey al enterarse que Tom Hagen es abogado, el oficial corrupto decide alejarse del lugar con toda sus patrullas, al día siguiente Sonny al enterarse de esto, furioso manda a matar a Bruno Tataglia el hijo mayor de los Tataglia, y convierte la casa de su padre en una fortaleza, entonces Sonny y Tom no saben que van a hacer con Sollozo y Mc Clauskey puesto que Mc Clausky estaba comprado por Sollozo, puesto que Sollozo quería reunirse con Michael para escuchar el trato, pero a Michael se le ocurre la idea de que él vaya a la entrevista junto a Sollozo y el Oficial Mc Clauskey y en plena entrevista con un arma que ocultará Clemenza en el baño matará tanto a Sollozo como a Mc Clauskey, en un primer instante su familia no lo tomó enserio hasta que Michael dijo que lo va ha ser por negocio, y tras practicar con la pistola o revolver con el cual va ha matar a los dos, llegó el momento de la entrevista, y la entrevista se llevó a cabo en un restaurante italoamericano en el Bronx, y mientras que se dá acabo la entrevista Michael pide permiso para ir al baño pero del baño saca un revolver que ocultó clemenza para él, y al salir del baño Michael sigue con la entrevista y al proseguir la entrevista, Michael saca la pistola y de un tiro que mata a Sollozo con un tiro en la cabeza y al Oficial a Mc Clauskey con dos tiros una en la cabeza y otra en el cuello, y después Michael fue exiliado a la isla de sicilia en Italia puesto que la policia de Nueva York lo seguía buscando; y mientras tanto con la familia Corleone, Sonny sigue dirigiendo a la familia Corleone mientras que su padre se recupera,puesto que se había librado una guerra entre los Corleone contra los Tataglia y los Barzini con la ayuda del consiliere de Tom Hagen y mientras tanto Freddo se encargaría del negocio de los casinos en Las Vegas, pero resulta que el matrimonio entre Connie y Carlo no va nada bien puesto que Carlo siempre se mantenía golpeandola, Sonny ya le había dado ya una golpiza en la calle en público a Carlo, pero en vez de aprender la lección este siguió golpeando a Connie, entonces Connie llamó a Sonny y Sonny todo furioso decidió ir a darle otra lección a Carlo, pero lo que ignoraba Sonny es que esto era una trampa, puesto que se dirigió en carro a la casa de Carlo y Connie, y Sonny al llegar a un peaje se le aparecieron unos tipos con metralletas que le ocasionaron 35 tiros en su cuerpo y Sonny muere; y mientras tanto Michael en su exilio en sicilia, Italia, este se mantenía recorriendo los montes de sicilia con sus dos guardaespaldas, hasta que se le ocurre ir al pueblo natal de su padre: Corleone, y allí mira por primer vez y se enamora de una Italiana llamada: Apollonia Viteli, en un principio el padre de Apollonia no aprobaba esta relación, pero Michael se le llega muy respetuoso y muy caballeroso al señor y se va ganando su confianza y la de Apollonia también tanto así que su relación avanza tanto así que se terminan casando y hacen el amor en su luna de miel, todo iba bien en su relación, eso hasta  que Michael le decide enseñar a conducir a su esposa, y le pregunta de que cuando la enviará a Estados Unidos y le dice que cuando aprenda Inglés, en ese mismo día Michael se entera de la muerte de su hermano Sonny, y en ese mismo día mientras estaba distraído uno de sus guardaespaldas llamado: Fabrizzio traiciona a Michael poniendo una bomba en su carro y explota, Michael sobrevivió porque estuvo fuera del vehículo pero la que no logró sobrevivir fue su esposa Apollonia, y por ende Apollonia muere; y mientras tanto en Estados Unidos Don Vito se entera de la muerte de su hijo tras recuperarse de los balazos, y lo primero que hace es llamar a un enterrador llamado: Bonasera que le debía un favor a Don Vito, que le dice que ponga su cadáver en condiciones para su funeral, y tras finalizar el funeral de Sonny, Don Vito convoca una reunión con los Tataglia, los Barzini y los jefes de las 5 familias mafiosas de Nueva York y en Nueva Jersey y la reunión concluye con una paz temporal entre los Corleone y los Tataglia y los Barzini, y tras concluir la reunión Michael por fin puede volver a Los Estados Unidos y lo primero que hace es proponerle matrimonio a su antigua novia Kay Adams puesto que ella estaba trabajando de maestra en una escuela primaria, y ella acepta y tienen un hijo llamado: Anthony Vito Corleone; y además al regresar Michael empieza a trabajar para su padre reemplazandolo ya que estaba enfermo, y un día se reunieron Michael Coreleone junto a los amigos de su padre: Salvatore Tessio y Peter Clemenza y le preguntan que van a hacer con sus enemigos de los Tataglia y los Barzini y Michael tiene un plan para acabar por una vez por todas con sus enemigos de los Tataglia y los Barzini pero primero tenían que hacer negocios en Las Vegas, y para eso los va ha ayudar su hermano Freddo, y Michael se dirige a Las Vegas y es recibido por una calurosa bienvenida estilo Las Vegas gracias a su hermano Freddo y Jhonny Fontae, pero Michael lo rechaza puesto que estaba cansado y solo venía por negocios y al llegar hace firmar a Jhonny un contrato de 5 presentaciones en el casino, lo cual Jhonny acepta, y la razón principal de que Michael vino a Las Vegas es para hacer un negocio con un magnate de Las Vegas llamado: Moe Green, y el negocio era que Michael iba a comprar todos los casinos y hoteles que son propiedad de Moe Green, Moe Green lo rechaza puesto que ya había hecho un trato mejor con Barzini y conservar su negocio, y tras este negocio Michael y Moe Green terminan peleados puesto que además Moe golpeo a Freddo porque se mantenía enamorando a las chicas del casino; tras el negocio fallido de Michael en Las Vegas, Michael vuelve a Nueva York para recibir asesoramiento de su padre Don Vito puesto que tenía una entrevista pendiente con Emilio Barzini, y en sus consejos Don Vito le dice a su hijo Michael que es muy probable que lo maten en esa entrevista, entonces Michael debe andar con cuidado y Don Vito al terminar de hablar con su hijo, decide ir a jugar con su Nieto Anthony Vito con Naranjas y con una especie de regadora de plantas que tenía las plantas, que tenía Anthony Vito, y mientras jugaban y corrian a Don Vito le dá un paro cardiaco, y ahora sí, Don Vito muere, y en pleno funeral de Don Vito, Tom Hagen le pregunta a Michael que van a hacer con sus enemigos, a lo que Michael responde que se va ha encargar de ellos después del bautizo, puesto que Michael aceptó ser padrino del hijo de su hermana Connie, y en pleno bautizo Michael manda a sus sicarios a matar a los enemigos de la familia, puesto que Clemenza asesina a unos miembros de la familia Barzini con una escopeta mientras salian de un ascensor, un sicario mata a Moe Green metiendole una bala en el ojo mientras le daban masajes, otro sicario mata a un miembro de los Tataglia mientras estaba atrapado en una puerta giratoria de un hotel, matan a Philp Tataglia unos sujetos con metralletas mientras estaba acostado en su cama desnudo junto a su esposa y por último un sicario disfrazado de policia mata en la calle a los guardaespaldas de Emilio Barzini, y al mismo Emilio Barzini mientras el caía por unas escaleras; tras acabar el bautizo Michael manda a asesinar a un traidor en la familia llamado: Salvatore Tessio, y a Michael le faltaba un último cabo suelto para acabar con los problemas de la familia y poder mudarse con ellos a Nevada, y era otro traidor que fue el responsable de la muerte de Sonny Corleone y le metio esa trampa, y era nada más y nada menos que Carlo Rizzie, el esposo de Connie, entonces Michael le hace una pequeña visita a Carlo puesto que lo castiga hechandolo lejos de los asuntos de la familia, y le manda un carro que lo llevará al aeropuerto, pero lo que ignoraba Carlo es que Michael lo había engañado puesto que Clemenza estaba en la parte de atras del carro y lo asesina estrangulandolo con unas cadenas de oro hasta matarlo y Carlo muere, y tras esto mientras la familia Corleone se mudaba a Nevada Connie se entera de la muerte de esposo y le reclama a Michael por esto y le jura odio eterno, y su esposa Kay de esto le pregunta a Michael si es verdad, a lo que Michael miente y dice que No, después su esposa lo abraza y le ofrece servirle un poco de brandi pero mientras se estaba sirviendo la copa de brandi, Kay ve como le besan la mano a su esposo Michael y lo llaman Padrino y acto seguido le cierran la puerta en la cara, terminando así una de las mejores películas de gangsters de todos los tiempos.

* **Actuación y Personajes:** en cuanto en este apartado tenemos unos personajes muy realistas y unas actuaciones muy sobresalientes e incluso excelentes; empezando por quien sería el Protagonista: Don Vito Corleone, interpretado por Marlon Brando, hace un papel excelentemente exitoso, con un equilibrio entre un líder tranquilo y calculador y un asesino de sangre fría, dicho reconocimiento fue reconocido en los oscares ganando el premio de mejor actuación en este apartado un Gran reconocimiento para el actor y más viendo como es de perfeccionista y dificil de tratar; ya siguiendo con quien sería el Co-Protagonista por así decirlo: Michael Corleone, interpretado por Al Pacino, hace el papel del personaje más tridimensional de la película puesto que desde un inicio no quería estar en los asuntos mafiosos de la familia por eso fue marin en la segunda guerra mundial, pero al ver que su familia estaba en peligro y estaba por perder el control de la situación entonces no tuvo otra opción que tomar las riendas de su familia y no solo resolver los problemas de su familia sino en covertirse en el nuevo capo de su familia, esta fue la actuación que puso en el mapa de la actuación del cine al actor Al Pacino tanto así que lo perfecionaría en la secuela; ya continuando con: Santino ""Sonny"" Corleone, interpretado por James Caan, hace el papel de un hermano mayor fuerte, temperamental y bravucon de la familia digno sucesor de la mafia cuyo papel es muy creible y muy bien explotado por parte del actor; ya siguiendo con: Tom Hagen, interpretado por Robert Duvall hace el papel de un abogado cosejero de la familia, cuyo papel lo hace de forma excelente haciendo el papel de alguien leal, pero a la vez serio y sobrio muy creible que sea abogado; ya continuando con: Freddo Corleone, interpretado por John Cazale hace el papel del tonto de la familia cuyo papel lo cumple de forma excelente haciendo el papel de alguien torpe pero amigable que apesar de su incompetencia haría cualquier cosa por la familia, destaco sobretodo su actuación en la escena del negocio en Las Vegas; ya siguiendo con la hija menor de la familia: Constanza ""Connie"" Corleone, interpretada por Talia Shire, hace el papel de una mujer preocupada por el maltrato de su marido, pero al final de la muerte de este lo cual lo hace un personaje complejo y con muchos problemas aunque el doblaje latino con la voz que le dieron tiende a gritar mucho; ya siguiendo con su marido: Carlo Rizzie, interpretado por Gianni Russo, hace el papel de un marido controlador, tirano, mujeriego y machista que puede ser hasta odiable pero apesar de eso puede sentir algo de lastima por la forma que lo mató Michael y a la vez algo de empatía por la forma de actuar de él puesto que su nueva familia conyugal siempre le dá la espalda; ya finalizando con los protagonistas tenemos a la esposa definitiva del Co-Protagonista: Kay Adams, interpretada por Diane Keaton, hace el papel de una chica tierna, leal y una novia inocente, consciente que su novio jamas estará en los asuntos criminales de su familia, pero al final tuvo que incumplir su promesa y va poco a poco los horrores de su familia. por lo que podemos ver tenemos un elenco de protagonistas bastante bueno y destacable pero que desgraciadamente no tenemos lo mismo con los antagonistas en los que destaco uno o dos de los cuatro que son, los dos destacables serían primero: el que sería el primer villano intermedio por así decirlo: Virgil ""El Turco"" Sollozo, interpretado por Al Lettieri, hace el papel de alguien que basicamente no acepta un No por respuesta siempre busca la forma de conseguir lo que quiere no le importa que sí para eso tenga que comprar policias, vender drogas o asesinar a un Don de la mafia, es el claro reflejo de lo que la familia Corleone no quiere convertirse por juntarse con drogas y un digno antagonista aunque sea intermedio; ya siguiendo con el segundo antagonista destacable que sería valga la rebundancia el otro intermedio, estoy hablando del: Oficial Mc Clausky, interpretado por Sterling Hayden, es un personaje que refleja la realidad de la Policia de Estados Unidos de esos años, corrupto y cruel, que es capaz de mezclarse con drogas y dejar morir a Don Vito Corleone, destaco su actuación como policia cuando se conocio con Michael en la escena del hospital; y continuando con los dos villanos definitivos por desgracia en la pelicula los sientes casi de relleno, empezando con: Philip Tataglia, interpretado por Victor Rendina la única participación que tuvo en toda la pelicula fue en la reunión que convocó Don Vito con las demás familias mafiosas de Nueva York y se abraza con Don Vito al hacer la paz temporal y ya, esa es toda la perticipación en toda la pelicula lo cual me parece una desgracia ya que es un personaje que pudo dar más de sí más sabiendo que el Líder de la familia que ya habían matado fuera de contexto los Corleone a su hijo mayor Bruno y tenía la protección del villano destacable de la Pelicula: Virgil Sollozo; y ya finalizando con quien sería el Antagonista definitivo: Emilio Barzini, interpretado por Richard Conte, pasa lo mismo que Philip Tataglia es algo olvidable, pero en el caso de Barzini es menos grave puesto que se le ve por lo menos en tres escenas destacables, una en la fiesta de la boda en el inicio acompañando y celebrando con Vito, otra es obviamente en la reunión que convocó Don Vito, y la tercera en el funeral de Don Vito donde habla con Salvatore Tessio, y además se siente como una amenaza más fuerte que Tataglia puesto que pone en más aprietos a nuestros protagonistas en la historia, pero otro problema que tengo con él y no entiendo era el vínculo que tenían los Barzini con los Tataglia, puesto que su guerra había comenzado cuando mataron a un hijo de los Tataglia y a un protegido narcotraficante de ellos y a su oficial de policia y lo que parecia un ofenta contra los Tataglia se convirtió automaticamente en una ofenta de los Barzini solidarisandose de manera altruista por así descirlo con los Tataglia, cosa que no entiendo, cosa que tal vez expliquen mejor en el libro, puesto que en la pelicula yo no sé; encuanto a los demás personajes secundarios secundarios, terciarios o incluso extras de la pelicula todos cumplen bien su trabajo y no hay queja alguna.

* **Banda Sonora:** En cuanto a la banda sonora compuesta por Nino Rota y Carmine Coppola es muy buena, Italiana y Sombría que indaga mucho en el suspenso y sabe donde poner una situación de intriga como por ejemplo la que suena cuando Michael Corleone mata a Sollozo y al Oficial Mc Clausky, destaco dos temas en escpecial de la Banda Sonora los cuales son: el tema de los títulos principales que suenan al iniciar la Película, y el tema del Romance entre Michael y Apollonia que se popularizó tanto que llegó a hacer el tema principal de la Pelicula.

* **Efectos especiales o Visuales:** en cuaanto este apartado no hay mucho que decir cumple, aunque no resalta mucho ya que es una pelicula de gangster destaco sobretodo las muertes ejecutada con las armas falsas que se ven y se oyen muy reales y las muertes ocasionadas fuera de estas armas también se ven muy reales y creibles, y en este aparatado quiero destacar especialmente una muerte que costó mucho de producir y fue considerada la muerte más salvaje y violenta del cine, estoy hablando de la muerte de Santino ""Sonny"" Corleone en el peaje, la cual costó mucho de efectos especiales entre los cuales destaca petardos y sangre falsa lo cual es digno logro de la pelicula este efecto.

* **Dirección:** en cuanto a la dirección tenemos a Francis Ford Coppola a acargo a pesar de no ser la principal opción del estudio de la Paramount, apesar de tener decendencia italiana, fue elegido enrealidad por cobrar barato y hacer producciónes poco destacables es sin lugar a duda su mejor trabajo como dirección de cine a pesar de todos los problemas que sufrió tanto de huelgas de Italoamericanos reales que no querían que no se haga la pelicula e incluso problemas que tuvo con diferentes actores en los cuales se destaca los miles que tuvo con Marlon Brando, hace una fotografía bastanste oscura y tomas que podríamos definirlas en falta de empatía con las victimas que se ven en pantalla, es también de destacar el titanic labor de contratar al elenco que ya conocemos e incluir a Marlon Brando en esta, y más sabiendo que el actor ya no quería hacer más peliculas del padrino incluso en las secuelas, algo curioso que debo destacar de la dirección es la necesidad de poner a su hija recien nacida Sofia Coppola en un papel diferente al que tendría en la tercera parte del padrino, un blooper curioso de la pelicula puesto que en esta interpreta al hijo de Connie pero en la tecera interpreta a Mary Corleone la hija de Michael Corleone.

* **Conclusión:** El Padrino es una Gran pelicula de Gagsters italoamaricanos que sí te gusta la mafia siciliana debes ver sí o sí.",9.0,2023-02-25T06:31:06Z
911430,F1 la película,Marco-Hugo Landeta Vacas,"(CASTELLANO) Desde los primeros minutos queda claro que F1 quiere atraparte a golpe de motor. La decisión de arrancar con Daytona, acompañada por esa emisora clásica de Florida, aporta un guiño que emociona a quienes han vivido de cerca el ambiente del automovilismo. Es un inicio que ya te coloca en la pista, con el rugido de los coches como banda sonora de lo que está por venir.

Joseph Kosinski demuestra una vez más que sabe cómo filmar velocidad y peligro. Al igual que hizo en Top Gun: Maverick, convierte las carreras en un espectáculo visual difícil de olvidar. La cámara se pega a la pista, a los neumáticos y a los pilotos, transmitiendo una sensación de vértigo que pocas veces se ha conseguido en el cine. No es solo técnica: hay una narrativa detrás de cada adelantamiento, de cada curva.

Brad Pitt lleva el peso de la película con una presencia magnética. Su personaje, un veterano con más arrugas que ilusiones, funciona porque el actor no oculta el paso del tiempo, lo integra. Verlo al volante transmite esa mezcla de experiencia y riesgo que define a los grandes corredores. A su lado, el resto del reparto cumple bien, aunque es evidente que la película está construida en torno a él.

En cuanto a la trama, es cierto que no es la más original. Hay clichés de sobra, desde el piloto veterano hasta las inevitables rivalidades en la pista. Pero la manera en que están ejecutados, con una puesta en escena espectacular y un ritmo que apenas te deja respirar, consigue que no molesten demasiado. Aquí lo que importa es la emoción, la tensión de cada carrera y la adrenalina que se contagia al espectador.

Lo más interesante es cómo se equilibra la espectacularidad con la épica personal. No se trata solo de coches dando vueltas: la película logra transmitir el sacrificio, la soledad y también la gloria que esconde este deporte. Es un espectáculo pensado para pantalla grande, de esos que ganan muchísimo en una sala con buen sonido y una pantalla inmensa.

En definitiva, F1 no revolucionará el género, pero sí lo eleva a un nivel de espectáculo pocas veces visto. Es cine hecho para disfrutar, con secuencias que te dejan clavado en la butaca y con un Brad Pitt que demuestra por qué sigue siendo una estrella. Una película que acelera desde el primer minuto y no levanta el pie del acelerador hasta el final.

(ENGLISH) From the very first minutes, F1 makes it clear that it wants to grab you with the roar of the engines. Starting with Daytona, accompanied by that classic Florida radio station, is a brilliant touch that instantly pulls you into the racing world.

Joseph Kosinski proves once again that he knows how to capture speed and danger. Just like in Top Gun: Maverick, he turns the races into an unforgettable visual spectacle. The camera hugs the track, the tires, and the drivers, creating a sense of vertigo rarely seen on screen. It’s not just technique: there’s storytelling in every overtake and every turn.

Brad Pitt carries the film with magnetic presence. His character, a veteran with more wrinkles than illusions, works because the actor embraces age instead of hiding it. Watching him behind the wheel conveys both experience and risk. The supporting cast delivers, though it’s clear the film is built around him.

The plot isn’t groundbreaking. Familiar tropes are everywhere—from the aging racer to the inevitable rivalries. Yet, the execution, with spectacular staging and relentless rhythm, keeps it all engaging. What matters here is the emotion, the tension of each race, and the adrenaline that spreads to the audience.

What stands out is how the film balances spectacle with personal epic. It’s not just cars circling a track: it conveys the sacrifice, solitude, and fleeting glory of the sport. This is big-screen cinema, designed to be felt with booming sound and sheer scale.

In the end, F1 doesn’t reinvent the genre, but it raises it to rare heights. It’s a film made to be enjoyed, with sequences that glue you to your seat and with Brad Pitt proving why he’s still a star. A movie that floors the accelerator from the start and never lets up.",9.0,2025-08-23T23:58:48Z
911430,F1 la película,15AnimationStudios,"Una gran película. La trama es muy buena y lo mejor es la música y la iluminación, todo eso hace que F1 sea una gran película. Grandes actuaciones, excelente director y excelente música.",,2025-08-30T19:26:45Z
911430,F1 la película,Sambalamx,"""If we do what everybody else, we lose"" 

Un viejo piloto de la F1 que tuvo un accidente, regresa décadas después para apoyar al peor equipo de la parrilla y evitar que se disuelva. 

Moderna. Clásica. Fan.

Cambios rápidos de ambiente a través de diferentes canciones y secuencias. Aparecen muchos números ""7"" como un guiño o marca del director. Clásica historia de superación, donde los protagonistas empiezan de un lugar muy bajo y terminan llegando a lo más alto. 

Trata de conectar con la realidad, y separarse del mundo contaminado que absorbe todo. El pasado vs el futuro. El dinero vs la pasión. 

Una promo de 2 horas y media de la F1.

Me pregunto si su estrategia era legal. 

¿De que se trata entonces?

Nunca es tarde para triunfar.

Técnica: 7.4
Expresión: 7.1
Efecto: 6.8
Experiencia: 7.7
Calificación: 7.3/10

P: 1
R: 1",7.0,2025-10-02T17:51:11Z
122,El señor de los anillos: El retorno del rey,Marco-Hugo Landeta Vacas,"Una obra monumental que cierra de manera magistral una trilogía épica. Con una dirección impecable, efectos visuales asombrosos y una profundidad emocional que trasciende el género, la película se consolida como un hito en la historia del cine. Cada escena está cargada de intensidad, desde los momentos más íntimos hasta las batallas más grandiosas, todo al servicio de una narrativa que honra el material original y eleva el arte cinematográfico. La combinación de interpretaciones memorables, un diseño de producción impecable y una banda sonora conmovedora hace que esta experiencia sea inolvidable. Un monumento al cine que deja una huella imborrable en quienes la ven y que continúa inspirando a nuevas generaciones de cineastas. Una celebración del cine en su máxima expresión.",10.0,2024-12-10T23:53:26Z
634649,Spider-Man: No Way Home,Abejo,"La verdad que me decepciono, llena de huecos argumentales, prestaron mas atención en el fanservice que en la misma película, como viene siendo costumbre en las ultimas de Marvel, parece mas un capitulo de una serie adolescente que una película.",2.0,2022-05-11T15:01:24Z
634649,Spider-Man: No Way Home,Juan,"Increhible pelicula, me gustó como enlaza el mundo marvel, dando un gran sentido a todos los personajes, la recomiendo mucho.",10.0,2022-08-25T05:01:05Z
634649,Spider-Man: No Way Home,atajero,"Spiderman No Way Home nos da un inesperado cierre a su trilogía, dándonos razones de porque se hizo como se hizo anteriormente al personaje dándole un nuevo enfoque en el MCU.

La película está plagada de nostalgia y hermosos guiños en juegos de cámara a las anteriores sagas, incluso en el final hay hermosos detalles que son imperceptibles en el primer visado.

William Defoe y otro actor se roban la escena cada vez que aparecen en plano, aún así siento un poco desperdiciado a Alfred Molina, me gustaría haberlo visto más tiempo en pantalla.

Gran cierre para la trilogía de Watts y Marvel vuelve a demostrar que cuando quiere puede ofrecernos productos a la altura.

Aún así la película lleva a tapar los huecos argumentales apelando a la nostalgia, contrario a Endgame, con un solo revisionado estos no se pueden notar en cuanto pueda los dejaré aquí.",9.0,2022-09-06T06:23:41Z
634649,Spider-Man: No Way Home,Martin Oaks,"**Vete a casa, anda...**

No veo en _No Way Home_ alguna razón para considerarla mejor que su predecesora _Far From Home_, a pesar de las críticas apasionadas tan unánimes. Es verdad que los primeros 10 minutos parecen encaminarse hacia la auto crítica y el humor inteligente, pero enseguida se diluyen mis expectativas debido a la trivialidad argumental y la sinfonía de efectos especiales de siempre.

Por lo demás, otra aventurita del hombre araña sin más interés que el entretenimiento visual puro y duro, y un homenaje final a la saga. Qué lástima que no se haya encargado James Gunn de este pegote...",5.0,2022-12-14T08:28:08Z
1038392,Expediente Warren: El último rito,tmdb51217069,"En las sombras de lo desconocido, donde el miedo se entrelaza con lo sobrenatural, surge una historia que desafía los límites de nuestra realidad. “**Expediente Warren 4**”, también conocida como “**The Conjuring: Last Rites**”, se perfila como la entrega más oscura y aterradora de la aclamada saga de terror. 

Desde las profundidades del archivo de los Warren, emerge un caso que pondrá a prueba no solo su fe sino también su cordura. Patrick Wilson y Vera Farmiga regresan para dar vida a Ed y Lorraine Warren, los renombrados investigadores paranormales que se enfrentan a entidades que desafían toda explicación.

Bajo la dirección de **Sam Johnson**, esta película promete llevarnos a un viaje donde el suspenso y el terror se entrelazan en cada escena. Los productores James Wan y Peter Safran han insinuado que esta podría ser la última vez que veamos a los Warren en la gran pantalla, lo que añade una capa de urgencia y finalidad a la narrativa.

Los rumores que han circulado tras la escena post-créditos de “La Monja II” han alimentado las llamas de la especulación. ¿Qué secretos oscuros yacen esperando ser descubiertos? ¿Qué horrores nos aguardan en “Los últimos ritos”?

Además, la expansión de la franquicia con una serie de televisión solo aumenta la intriga y el misterio que rodea a esta saga. “Expediente Warren 4” no es solo una película; es una puerta a lo inexplorado, un espejo de nuestras pesadillas más profundas.",7.0,2024-06-25T08:38:56Z
680,Pulp Fiction,Martin Oaks,"**El “Octavo Arte”**

""Pulp Fiction"" es un fenómeno cultural, un terremoto cinematográfico que sacudió los cimientos del Hollywood comercial y dejó una marca indeleble en el cine contemporáneo. Al margen de los premios de los que fue acreedora y merecedora, esta cinta no solo confirmó el estatus de Tarantino como un autor único, sino que también revitalizó las carreras de sus actores y dio origen a innumerables imitadores. Y lo mejor es que esta obra revolucionaria fue solo el principio, una tarjeta de presentación, una declaración de intenciones en la carrera de este extraño, irreverente y genial creador. 

Lo que hace a ""Pulp Fiction"" tan extraordinariamente innovadora es su audaz estructura narrativa no lineal. Una especie de “Octavo Arte” donde Tarantino desmantela el esquema tradicional de planteamiento - desarrollo - desenlace, presentando una serie de historias entrelazadas, a menudo inconexas cronológicamente, que giran en torno a gánsteres mafiosos, boxeadores tramposos, drogadictos de lujo y criminales de poca monta en Los Ángeles. Esta fragmentación bizarra, lejos de confundir, crea una experiencia cinematográfica hipnotizante y desconocida hasta entonces en el cine de masas, manteniendo al espectador constantemente intrigado sobre cómo se conectarán las piezas del rompecabezas. Es una genialidad más propia de Ernst Lubitsch o de Joseph Leo Mankiewicz (de los que Tarantino ha bebido mucho) que de un friki empleado de vídeo club obsesionado con el cine alternativo asiático. 

Los diálogos son las auténticas estrellas de la película. Tarantino eleva la conversación casual a un arte, llenando cada escena con líneas memorables, debates filosóficos sobre hamburguesas y controversias existenciales sobre los masajes de pies y sus implicaciones sexuales. Es ingenioso, crudo, divertido y a menudo perturbador, creando figuras que se sienten increíblemente vivas y auténticas, a pesar de sus ocupaciones moralmente ambiguas.

El elenco es un auténtico desfile de estrellas que ofrecen algunas de las mejores actuaciones de sus carreras. John Travolta y Samuel L. Jackson ya forman una de las parejas más icónicas del cine como los asesinos a sueldo Vincent Vega y Jules Winnfield, cuyas charlas sobre el “Cuarto de Libra con queso“ o las revelaciones divinas antes de una masacre, son ya legendarias. Uma Thurman está electrizante como Mia Wallace, la “femme fatale” cuya sobredosis proporciona uno de los momentos más tensos y estilizados de la película. Y Bruce Willis aporta una vulnerabilidad sorprendente a su papel de boxeador Butch Coolidge.

La cinematografía de Tarantino es audaz, los encuadres y los planos secuencia son distintivos, y la banda sonora es un personaje más, extraída de la ingente colección personal del realizador, que recupera temas musicales ya olvidados para reconvertirlos en las pistas de audio de nuestras playlists.",9.0,2025-06-04T22:55:47Z
27,Nueve canciones,Martin Oaks,"**Fuera los tabúes**

Compadezco sinceramente a quien no se haya visto reflejado en esta miscelánea pasional, de factura cinematográfica impecable aunque intrascendente.

En su mensaje hay mucha belleza, como en el sexo real. Y la controversia originada por esta cinta sólo se debe a la hipocresía de una sociedad podrida como la nuestra, llena de convenciones y de tabúes, donde la violencia gratuita y los dogmas de fe se asimilan y se aceptan sin reflexionar, mientras que el acto físico del amor es un escándalo.",6.0,2022-12-25T20:23:20Z
496243,Parásitos,janettha,"Lo que amo de las historias coreanas es que son tan **impredecibles** que tu atención y tus emociones siempre están al full. Por algo creo que ganó los premio que ganó. Además creo que fue una gran aportación al mundo para darle apertura a _series y películas coreanas_.
Creo que al estar del otro lado del charco, sólo sabemos o hemos visto (en lo personal) una manera distinta de vivir a comparación de la vida de la familia del barrio pobre. Es sorprendente cómo los sucesos van acomodándose, creo que la actriz principal es muy buena ya que su actuación (no soy experta pero...) me hace _creer y sentir estar en la historia_.",8.0,2022-11-22T16:54:31Z
496243,Parásitos,JeuryDeLaRosa,"Es una pelicula bastante buena con un giro de trama un tanto inesperado, con un exelente elenco elegido meticulosamente.",,2024-04-25T14:14:57Z
496243,Parásitos,Marco-Hugo Landeta Vacas,"(CASTELLANO) Recuerdo perfectamente la sensación al terminar Parásitos: la de haber visto algo distinto, incómodo y, a la vez, extrañamente divertido. No es solo que la película sea original —que lo es—, sino que tiene esa capacidad tan poco común de ir cambiando de piel sin que se noten las costuras. Empieza casi como un juego, te hace bajar la guardia… y cuando te das cuenta, ya estás metido en algo mucho más turbio.

Una de las grandes virtudes del cine coreano, y aquí se nota especialmente, es esa libertad para mezclar tonos sin pedir perdón. Aquí conviven la comedia negra, la sátira social y una tensión creciente que se va colando poco a poco. Nada parece forzado. Todo fluye con una naturalidad engañosa, como si la película supiera exactamente cuándo hacerte reír y cuándo incomodarte.

La puesta en escena es clave. El uso del espacio, los contrastes entre unos mundos y otros, y cómo se mueven los personajes dentro de ellos dicen tanto como los diálogos. Hay una precisión casi quirúrgica en cada decisión visual, pero nunca se siente fría ni calculada. Al contrario, todo está al servicio de una historia que va ganando peso emocional sin subrayados innecesarios.

En el centro de todo está la mirada de Bong Joon-ho, que vuelve a demostrar que sabe entretener sin renunciar a decir cosas incómodas. Lo interesante es que la película no juzga abiertamente. Observa, deja que el espectador saque sus propias conclusiones y, cuando quiere, aprieta donde más duele. Esa mezcla de ironía, crueldad y lucidez es lo que la hace tan memorable.

No es una película que se agote al terminar. Al contrario, sigue rondándote la cabeza después, haciendo que repienses escenas, gestos y decisiones. Tiene ritmo, tiene mala leche y tiene inteligencia. Y lo mejor es que nunca pierde el sentido del espectáculo.

No me pareció perfecta, pero sí muy cerca de serlo. Una de esas películas que justifican por sí solas por qué el cine sigue siendo un lugar donde todavía pueden pasar cosas inesperadas.

(ENGLISH) I clearly remember the feeling when Parasite ended: the sense of having seen something different, uncomfortable and, at the same time, strangely entertaining. It’s not just that the film is original — which it is — but that it has that rare ability to constantly change its skin without the seams showing. It starts almost like a game, makes you lower your guard… and before you realize it, you’re already deep into something much darker.

One of the great strengths of Korean cinema, and something that’s especially evident here, is its freedom to mix tones without asking for permission. Black comedy, social satire and a growing sense of tension all coexist here, slowly creeping in. Nothing feels forced. Everything flows with a deceptive naturalness, as if the film knows exactly when to make you laugh and when to make you uncomfortable.

The staging is key. The use of space, the contrasts between different worlds, and the way characters move within them say as much as the dialogue. There’s an almost surgical precision in every visual decision, but it never feels cold or calculated. On the contrary, everything serves a story that gains emotional weight without unnecessary emphasis.

At the center of it all is Bong Joon-ho’s gaze, once again proving that he knows how to entertain without giving up on saying uncomfortable things. What’s interesting is that the film doesn’t openly judge. It observes, lets the viewer draw their own conclusions and, when it wants to, presses exactly where it hurts most. That mix of irony, cruelty and clarity is what makes it so memorable.

It’s not a film that ends when the credits roll. It lingers, making you rethink scenes, gestures and decisions. It has rhythm, bite and intelligence. And best of all, it never loses its sense of spectacle.

I didn’t find it perfect, but very close to it. One of those films that justify, on their own, why cinema is still a place where unexpected things can happen.",9.0,2026-01-14T22:25:18Z
129,El viaje de Chihiro,cesardpaz,"una hermosa pelicula, recomendada, se lo van a pasar bien",,2018-10-06T06:50:20Z
1233413,Los pecadores,SMasH598,"Pecadores (**Sinners**), protagonizada por Michael B. Jordan, llega una nueva visión del terror, dirigida por Ryan Coogler, la historia nos lleva a los años 30 donde conoceremos a dos hermanos gemelos intentando dejar atrás sus vidas problemáticas en Chicago, par regresas a su ciudad natal de Clarksdale, Mississippi y tener un nuevo comienzo, solo para descubrir que un mal aún mayor, los espera para darles la bienvenida. Si sigues bailando con el diablo, algún día te seguirá hasta tu casa.""
 
Los gemelos Smoke y Stack buscan establecer un negocio con cosas que aprendieron al trabajar con Al Capone en Chicago, todo parece ir muy bien para la noche de inauguración, incluso su primo Samuel quien sueña con tocar blues estará en la inauguración, junto a ellos se unirán amigos de su pasado para esta increíble noche, que al parecer llamo la atención no solamente de los lugareños, ahora deberán defender su comunidad antes de que sea destrozada por colmillos sobrenaturales.

Ryan Coogler director de “**Pantera Negra**” y “**Creed**” se vuelve a juntar con Michael B. Jordan para darnos una historia donde en cierta forma se re-imagina a los vampiros; ambientada principalmente en un periodo de 24 horas, tendremos una trama aterradora, entretenida y gore, ademas Coogler presenta una narrativa visual magistral y música trepidante, aunque también tenemos un acercamiento singular con un número musical de la cultura afroamericana en una escena en el granero, que parece trascender el tiempo, la cual a mi parecer esta un poco fuera de lugar.

Para quienes no les interese el sub-texto de la cultura afroamericana que intenta transmitir Michael B. Jordan, Pecadores puede funcionar como una película de vampiros sólidamente aterradora, ademas esta no es una cinta moralizadora que quiera darnos un mensaje, por otro lado es inevitable compararla con ""Del Crepúsculo al Amanecer"" de Quentin Tarantino que también presentaba a unos hermanos atrapados durante la noche en un club, buscando lograr sobrevivir la noche venciendo a todos los vampiros del lugar.

En definitiva creo que esta es una de las mejores películas del año y de las mejores películas de vampiros también, si bien el genero de terror es explotado año con año a mas no poder, esta es una cita cumplidora, ademas hay que mencionar que en los aspectos de producción, vestuario y efectos especiales Ryan Coogler es acompañado por viejos conocidos que han ganado el Oscar en esas ternas, en definitiva esta es una película que debes ver en cartelera o en un servicio de streaming cuando llegue a las plataformas.

Calificación: **8.5**

X: @SMasH_MXDF",7.0,2025-04-26T20:18:10Z
1233413,Los pecadores,Marco-Hugo Landeta Vacas,"(CASTELLANO) Tiene algo de Abierto hasta el amanecer pero ambientado en los años 30. Vampiros, gángsters, violencia, coreografías... todo mezclado con una energía que a ratos funciona muy bien, y en otros momentos no tanto. La verdad es que esperaba más, quizá por cómo la vendían, y en ese sentido me ha decepcionado un poco.

La historia arranca con fuerza, con estilo, con mucha actitud. Pero a medida que avanza, esa potencia inicial se va diluyendo. Hay tramos donde parece que todo va a explotar y, sin embargo, se queda a medio gas. Como si la película no terminara de decidir qué quiere ser. Aun así, se deja ver.

Lo que sí me ha encantado es la música. Es brutal. No solo acompaña bien, sino que a veces directamente sostiene el ritmo y da cuerpo a escenas que, sin ella, serían bastante más planas. De hecho, sin esa banda sonora, la sensación general sería mucho más floja.

Visualmente tiene momentos potentes y un reparto entregado. Pero no termina de cuajar del todo. Es entretenida, sí, pero no memorable. Se disfruta mientras la ves, pero no deja mucha huella cuando acaba.

Le reconozco estilo y personalidad, y por eso la salvo. Pero con un montaje más afinado y algo menos de dispersión tonal, podría haber sido una película mucho más redonda.

(ENGLISH) It has a From Dusk Till Dawn vibe, but set in the 1930s. Vampires, gangsters, violence, musical numbers... all mixed into a cocktail that works in some moments and feels flat in others. Honestly, I was expecting more—maybe because of the hype—and in that sense, it let me down a bit.

The film starts strong, full of style and confidence. But as it moves forward, that energy begins to fade. Some scenes build up tension but never fully explode. It feels like the movie can’t decide what it really wants to be. Still, it’s watchable.

What really won me over is the music. It’s fantastic. Not only does it complement the tone, but at times it literally carries the rhythm and gives depth to scenes that would’ve otherwise fallen flat. Without the soundtrack, this film would’ve lost a lot of its punch.

There are some powerful visuals and a committed cast. But overall, it doesn’t quite come together. It's entertaining, sure—but not unforgettable. You enjoy it in the moment, but it doesn’t stay with you.

I’ll give it credit for style and ambition. With tighter editing and a clearer tone, it could’ve been something truly special.",7.0,2025-06-06T05:57:33Z
1233413,Los pecadores,Thomas Ubieda 🍿,"Una película atractiva por su planteamiento y la mezcla entre varios géneros que hacen un resultado satisfactorio. 

""Sinners"" es una de las sorpresas del 2025 por esa calidad visual y narrativa, todo ello por una ejecución formidable que brinda una de las mejores experiencias en el cine actual, mezclando un sinfín de argumentos que se complementan entre sí para establecer una trama original. Se puede decir que hay dos películas en una por ese cambio o giros de trama que no te esperas llegar, aplicando el método impacto a cualquier espectador. Se debe tener en cuenta que si esperas acción o vampiros desde el inicio de la cinta, entonces esto no es para ti. 

Es una película que se construye con el pasar de las escenas para ir fomentando toda la información necesaria para mejor entendimiento de los sucesos y establecer una experiencia única. En este punto, el director y escritor Ryan Coogler destaca considerablemente, agregando detalles significativos en su guion que respaldan toda la temática planteada. Se abarca gran énfasis en la música, la década de los años 30, y el impacto que tiene ésta con temas sobrenaturales. 

En tal sentido, ""Sinners"" te lleva por un cúmulo de factores bien trazados en cada escena, y que se ejecutan de buena manera, agregando drama, acción, el estilo western, vampiros, simbologías, historia, metáforas, críticas sociales y una gran variedad de mensajes reflexivos, donde todos juntos hacen una maravilla para el cine actual. 

Se deben deben destacar aspectos cinematográficos como la banda sonora, la fotografía, el guion, los efectos especiales, el vestuario, el montaje, el diseño de producción, el maquillaje, el sonido, y sin duda las interpretaciones. Es importante mencionar que cada uno de ellos lo hizo de manera espectacular, cada uno con su relevancia y momentos en la pantalla. 

Michael B. Jordan se roba toda la atención, lo que hace este actor en sus dos personajes es una barbaridad. Su desenvolvimiento en abarcar roles diferentes con gran escala de notoriedad es admirable, rompiendo el paradigma en su gran potencial actoral. Su desenvolvimiento, epicidad, versatilidad y manejo de expresiones le suman muchísimo a la película. Por otro lado, Hailee Steinfeld, Miles Caton, Wunmi Mosaku, Delroy Lindo, entre otros, brillan. 

Aportar ese enfoque musical, la importancia de la misma, y conectarla con mucha historia es sumamente genial. Se aborda una conexión entre lo que implica la música, lo satánico, la religión, el pasado, el futuro, la lujuria, la supervivencia y el nexo familiar. Aunado a ello, hacer reflexión sobre los traumas del pasado, la violencia, el racismo, la libertad, el esclavismo, la comunicación, la agresividad, las promesas, los ideales personales, el talento musical, la infidelidad, la muerte de seres queridos, la lucha por un mejor futuro, y la hermandad. 

En ""Sinners"" tenemos una de las mejores escenas del año. Digna de aplausos, mérito, creatividad y significado puro.",8.0,2025-07-23T19:33:34Z
1233413,Los pecadores,Thomas Ubieda 🍿,"Una película atractiva por su planteamiento y la mezcla entre varios géneros que hacen un resultado satisfactorio. 

""Sinners"" es una de las sorpresas del 2025 por esa calidad visual y narrativa, todo ello por una ejecución formidable que brinda una de las mejores experiencias en el cine actual, mezclando un sinfín de argumentos que se complementan entre sí para establecer una trama original. Se puede decir que hay dos películas en una por ese cambio o giros de trama que no te esperas llegar, aplicando el método impacto a cualquier espectador. Se debe tener en cuenta que si esperas acción o vampiros desde el inicio de la cinta, entonces esto no es para ti. 

Es una película que se construye con el pasar de las escenas para ir fomentando toda la información necesaria para mejor entendimiento de los sucesos y establecer una experiencia única. En este punto, el director y escritor Ryan Coogler destaca considerablemente, agregando detalles significativos en su guion que respaldan toda la temática planteada. Se abarca gran énfasis en la música, la década de los años 30, y el impacto que tiene ésta con temas sobrenaturales. 

En tal sentido, ""Sinners"" te lleva por un cúmulo de factores bien trazados en cada escena, y que se ejecutan de buena manera, agregando drama, acción, el estilo western, vampiros, simbologías, historia, metáforas, críticas sociales y una gran variedad de mensajes reflexivos, donde todos juntos hacen una maravilla para el cine actual. 

Se deben deben destacar aspectos cinematográficos como la banda sonora, la fotografía, el guion, los efectos especiales, el vestuario, el montaje, el diseño de producción, el maquillaje, el sonido, y sin duda las interpretaciones. Es importante mencionar que cada uno de ellos lo hizo de manera espectacular, cada uno con su relevancia y momentos en la pantalla.

Michael B. Jordan se roba toda la atención, lo que hace este actor en sus dos personajes es una barbaridad. Su desenvolvimiento en abarcar roles diferentes con gran escala de notoriedad es admirable, rompiendo el paradigma en su gran potencial actoral. Su desenvolvimiento, epicidad, versatilidad y manejo de expresiones le suman muchísimo a la película. Por otro lado, Hailee Steinfeld, Miles Caton, Wunmi Mosaku, Delroy Lindo, entre otros, brillan. 

Aportar ese enfoque musical, la importancia de la misma, y conectarla con mucha historia es sumamente genial. Se aborda una conexión entre lo que implica la música, lo satánico, la religión, el pasado, el futuro, la lujuria, la supervivencia y el nexo familiar. Aunado a ello, hacer reflexión sobre los traumas del pasado, la violencia, el racismo, la libertad, el esclavismo, la comunicación, la agresividad, las promesas, los ideales personales, el talento musical, la infidelidad, la muerte de seres queridos, la lucha por un mejor futuro, y la hermandad. 

En ""Sinners"" tenemos una de las mejores escenas del año. Digna de aplausos, mérito, creatividad y significado puro.",8.0,2025-07-24T15:40:39Z
1233413,Los pecadores,silviabe,"Desde los primeros minutos de la película, ya te atrapa, intentando descrubrir con mucha curiosidad, que es lo que va a ocurrir. Para mi la banda sonora es de lo mas destacado de la película y la misteriosa conexion entre la leyenda de Robert Johnson, el blues el diablo y esta pelicula, le da un toque especial. la recomiendo sin duda",,2026-02-01T15:04:04Z
1234821,Jurassic World: El renacer,SMasH598,"Jurassic World Renace (**Jurassic World Rebirth**), han pasado cinco años desde los eventos de Jurassic World Dominion, parece que la ecología del planeta se ha vuelto en gran medida hostil e inhóspita para los dinosaurios. Los que quedan vivos se encuentran en entornos ecuatoriales aislados, con climas similares al que alguna vez habitaron. Las tres criaturas más colosales de esa biosfera tropical poseen la clave de un fármaco que traerá milagrosos beneficios que salvarán la vida de la humanidad.

La cinta comienza en unas instalaciones secretas en una isla, donde se experimenta con dinosaurios y cual escena de destino final tenemos una secuencia que desatara el caos, después nos encontraremos en una ciudad de Estados Unidos, donde esta uno de los últimos dinosaurios, vemos a Scarlett Johansson como Zora Bennett, una mercenaria que esta siendo contratada por Rupert Friend como Martin Krebs, un empresario sin escrúpulos que busca reclutar un equipo lo suficientemente capaz de adentrarse a un entorno aislado y protegido para conseguir ADN especifico de algunos dinosaurios. 

Esta es la séptima entrega de una serie que ahora se conoce como “**Jurassic World**”, aunque Steven Spielberg produce esta séptima entrega y uno de los guionistas de la película original esta ayudando a escribir la historia, tenemos una obra de inferior calidad para los fans de este universo de dinosaurios, si bien hay una premisa interesante donde indican que la gente se aburrió cuando estas criaturas se volvieron comunes, y dejaron de ser negocio, o que un grupo de científicos intentó reinventar los dinosaurios creando una serie de nuevas especies,  no es lo suficientemente fuerte o importante para el espectador.

Por desgracia la trama deja mucho que desear, si bien tenemos a este equipo que esta en busca del ADN de dinosaurios y que tal vez la historia hubiera funcionado así, nos presentan a una familia de pasajeros varados en un barco, tan unidimensionales y algunos desagradables, que la película se detiene en seco con un cambio de ritmo que ni combinando ambos grupos logran funcionar, ademas siendo una película que se supone se enfoca en dinosaurios, esta es tal vez la cinta con menos dinosaurios de toda la franquicia.

Tengo que decir que esta cinta realmente era innecesaria, ni siquiera vale pena hablar de los efectos o las secuencias de acción, contra un dinosaurio que parece sacado de un dibujo animado, con cabeza de alíen y depredador, donde la verdadera batalla fue entre el capitalismo y el socialismo, Jurassic World Renace llega con el peso de una franquicia extinta, si eres fan de la franquicia de Jurassic Park te recomiendo ver esta película cuando este en un servicio de streaming, si te da curiosidad.

Calificación: 7.0

X: @SMasH_MXDF",6.0,2025-07-15T06:56:51Z
1234821,Jurassic World: El renacer,Marco-Hugo Landeta Vacas,"(CASTELLANO) La nueva entrega de la saga jurásica llega con todo el despliegue visual y de acción que uno espera en un blockbuster veraniego. Hay persecuciones, rugidos que retumban en la sala y dinosaurios diseñados con un nivel de detalle impresionante. El entretenimiento está garantizado y, en ese sentido, cumple lo que promete.

El problema es que también se siente como un “más de lo mismo”. La trama avanza sin demasiadas sorpresas y, aunque el ritmo no decae, a ratos parece que ya hemos visto estas secuencias una y otra vez. La película juega a lo seguro, sin arriesgar en nuevas ideas o giros narrativos que le den frescura real.

La ausencia de los personajes clásicos puede decepcionar a los más nostálgicos, pero el reparto brilla gracias a incorporaciones como Scarlett Johansson y Mahershala Ali, dos intérpretes que elevan el nivel con su carisma y solidez. Sus escenas funcionan, aunque el guion no siempre les dé la profundidad que merecen.

Visualmente, Gareth Edwards cumple con un espectáculo vibrante, apoyado en una dirección enérgica que rescata parte del espíritu de Spielberg, aunque sin alcanzar del todo ese sentido de maravilla que marcó la primera entrega. Es un viaje entretenido, pensado para pasar un buen rato, pero difícilmente quedará en la memoria como algo más que eso.

En definitiva, “Jurassic World: El Renacer” es puro cine palomitero: funciona en lo inmediato, da lo que promete, pero no consigue devolverle a la franquicia el asombro perdido.

(ENGLISH) The new Jurassic installment comes loaded with the visual display and action you’d expect from a summer blockbuster. There are chases, thundering roars, and dinosaurs crafted with remarkable detail. Entertainment is guaranteed, and in that sense, it delivers exactly what it promises.

The problem is that it also feels like “more of the same.” The story moves forward without major surprises and, while the pace never drops, many sequences feel recycled. The film plays it safe, avoiding bold ideas or narrative twists that could bring real freshness.

The absence of the classic characters may disappoint longtime fans, but the cast shines with newcomers like Scarlett Johansson and Mahershala Ali, two actors whose charisma and talent elevate the material. Their presence adds weight, even if the script doesn’t always give them enough depth.

Visually, Gareth Edwards delivers a vibrant spectacle, with energetic direction that at times recalls Spielberg’s spirit, though it never quite reaches that original sense of awe. It’s a fun ride, designed for pure entertainment, but unlikely to linger in memory as something more meaningful.

Ultimately, “Jurassic World: Rebirth” is popcorn cinema at its core: it entertains, it thrills, but it doesn’t manage to restore the franchise’s lost wonder.",8.0,2025-08-19T23:28:58Z
1234821,Jurassic World: El renacer,Duein01,"La película ha perdido frescura y originalidad, aunque mantiene la línea de las últimas entregas: guion predecible, personajes poco carismáticos, y abuso del patrón de blockbuster moderno.

Sigue la tendencia descendente de la saga. Aunque no desentona con sus predecesoras más recientes, se aleja notablemente de la esencia de las películas originales, mucho más cuidadas en todos los detalles. El desarrollo opta por la comodidad, reciclando fórmulas e introduciendo personajes que rara vez logran aportar interés (El personaje del inicio que dura 5 minutos es ridículo). Si bien el apartado visual es competente y puntualmente logra generar alguna escena impactante, el conjunto lo percibo poco inspirado y falto de emoción real. El legado jurásico, que en su momento maravillaba por innovación y suspense, ahora se reduce a un entretenimiento superficial y perfectamente olvidable tras los créditos.",5.0,2025-10-06T21:18:49Z
1234821,Jurassic World: El renacer,Duein01,"La película ha perdido frescura y originalidad, aunque mantiene la línea de las últimas entregas: guion predecible, personajes poco carismáticos, y abuso del patrón de blockbuster moderno.

Sigue la tendencia descendente de la saga. Aunque no desentona con sus predecesoras más recientes, se aleja notablemente de la esencia de las películas originales, mucho más cuidadas en todos los detalles. El desarrollo opta por la comodidad, reciclando fórmulas e introduciendo personajes que rara vez logran aportar interés (El personaje del inicio que dura 5 minutos es ridículo). Si bien el apartado visual es competente y puntualmente logra generar alguna escena impactante, el conjunto lo percibo poco inspirado y falto de emoción real. El legado jurásico, que en su momento maravillaba por innovación y suspense, ahora se reduce a un entretenimiento superficial y perfectamente olvidable tras los créditos.",5.0,2025-10-07T12:59:31Z
1234821,Jurassic World: El renacer,albertokr,Una de las mejores sagas y esta en cuestión una de las mejores películas para mi. La he visto un montón de veces y creo que cada vez se superan mas. Esperando impaciente a la siguiente entrega.,,2026-04-08T11:17:26Z
27205,Origen,George Cloney,"Estamos ante una excelente y ambiciosa trama que no decepciona al final. Christopher Nolan, como siempre, nos sorprende con una buena lógica y confusión conceptual, que conquista con fuerza, estética e ingenio.",8.0,2018-04-07T17:34:07Z
27205,Origen,Martin Oaks,"**Insufrible**

Jamás me atrevería a poner en duda la capacidad fílmica y creatividad cinematográfica de Nolan, especialmente en sus caballeros oscuros, pero este es uno de esos casos en el que el ritmo narrativo brilla por su ausencia, el guión es una broma pretenciosa que expone la posible manipulación tangible de los sueños, lo que hace que el conjunto sea una obra infumable e insufrible.

Es difícil sacar conclusiones acerca del reparto cuando todo aquí son efectos especiales, sobre actuaciones y misceláneas para no contar nada interesante.",3.0,2022-12-28T20:02:00Z
1272837,28 años después: El templo de los huesos,Marco-Hugo Landeta Vacas,"(CASTELLANO) 28 años después. El templo de los huesos me ha gustado más que la anterior. No porque sea necesariamente más grande o más impactante en todos los aspectos, sino porque aquí da la sensación de que muchas de las ideas terminan de colocarse mejor y de que la historia encuentra una forma más sólida de desarrollarse. Viéndola, uno tiene bastante claro que habrá que esperar a la tercera para juzgar del todo el conjunto, pero esta segunda pieza ya funciona muy bien por sí sola.

Lo mejor es que no se limita a repetir el esquema de la anterior ni a vivir del prestigio de la saga. Tiene más sentido interno, más cuerpo dramático y una historia que avanza con convicción. Sigue habiendo violencia, tensión y momentos de auténtico mal rollo, claro, pero esta vez todo eso está mejor integrado en algo que quiere contar más cosas que una simple lucha por sobrevivir. Se nota más ambición y, sobre todo, más claridad.

Además, el reparto está magnífico. Alfie Williams vuelve a estar sensacional y confirma que tiene una presencia fuera de lo común. Ralph Fiennes está enorme, con esa mezcla tan suya de autoridad, rareza y humanidad, y tanto Jack O’Connell como Erin Kellyman bordan también sus papeles. La película gana mucho porque los personajes no son simples figuras metidas en una carnicería, sino presencias con peso, con tensión y con una forma muy concreta de ocupar la pantalla.

También me ha gustado mucho el tono. Hay algo más oscuro, más reflexivo y a la vez más emocional que en la anterior. No abandona el género, ni mucho menos, pero no se queda solo en el golpe, el sobresalto o la salvajada. Tiene una historia muy buena detrás, y eso es lo que hace que varias escenas se queden más tiempo en la cabeza. Incluso cuando se pone brutal, no da la impresión de ser violencia vacía.

Y luego está la música, que me ha parecido una maravilla. No solo por las piezas elegidas, sino por cómo se utilizan. No están ahí para adornar ni para subrayar de forma obvia, sino para darle identidad, respiración y a veces hasta una extraña belleza a lo que estamos viendo. En una película así, eso marca muchísimo la diferencia, porque convierte varias secuencias en algo más potente y más memorable.

Por eso, ahora mismo, me parece una entrega superior a la anterior y una muy buena continuación dentro de esta nueva trilogía. Habrá que ver cómo encaja todo cuando llegue la tercera, pero El templo de los huesos ya deja la sensación de que aquí hay algo más que una secuela de género bien hecha. Hay personalidad, actores enormes, una historia con más fondo del que parecía y una utilización de la música realmente brillante.

(ENGLISH) 28 Years Later: The Bone Temple worked better for me than the previous film. Not because it is necessarily bigger or more impressive in every way, but because this time many of its ideas feel more fully in place and the story finds a stronger shape. Watching it, you can tell that the third film will be needed to judge the whole picture properly, but this second chapter already works very well on its own.

What makes it stand out is that it does not simply repeat the previous film’s structure or live off the prestige of the saga. It has more internal logic, more dramatic weight, and a story that moves forward with conviction. There is still violence, tension, and real ugliness, of course, but this time those elements are better integrated into something that wants to do more than just show a fight for survival. It feels more ambitious and, above all, clearer.

The cast is also excellent. Alfie Williams is outstanding again and confirms that he has a rare kind of screen presence. Ralph Fiennes is superb, bringing that distinctive mix of authority, strangeness, and humanity, while Jack O’Connell and Erin Kellyman are both terrific as well. The film gains a lot from the fact that its characters are not just figures thrown into a bloodbath, but real presences with weight, tension, and a very defined way of occupying the screen.

I also liked the tone a lot. There is something darker, more reflective, and at the same time more emotional than in the previous film. It never abandons the genre, far from it, but it does not settle for shock, brutality, or chaos alone. There is a very strong story underneath, and that is what makes several scenes stay with you. Even when it gets savage, it never feels like empty violence.

And then there is the music, which I thought was wonderful. Not just because of the pieces that are used, but because of how they are used. They are not there as decoration or as obvious emphasis, but to give the film identity, rhythm, and at times even a strange kind of beauty. In a film like this, that makes a huge difference, because it turns several sequences into something more powerful and more memorable.

That is why, for me, this is a stronger entry than the previous one and a very good continuation within this new trilogy. We will have to see how everything fits once the third film arrives, but The Bone Temple already gives the feeling that there is more here than just a well-made genre sequel. There is personality, there are excellent performances, a story with more depth than expected, and truly brilliant use of music.",8.0,2026-03-27T02:13:31Z
361743,Top Gun: Maverick,zorroblanco,"Dicen que segundas partes no son buenas, pero esta vez creo se equivocan. La tension de los cazas unos detras de otro s es espectacular. Como siempre Tom lo borda.
Gracias.",10.0,2022-10-20T08:00:28Z
361743,Top Gun: Maverick,Martin Oaks,"**Volando iba**

Y “Maverick” llegó. Y lo hizo con la pesada carga de la nostalgia y la promesa de un espectáculo aéreo sin igual. Y sí, es innegable que las secuencias de vuelo son una maravilla, inmersivas y adrenalínicas. El problema es que como secuela de “Top Gun” se revela un ejercicio de complacencia que prefiere la seguridad de la fórmula a la audacia de la innovación, dejando un sabor agridulce en aquellos que esperábamos algo más que un simple refrito glorificado.

El mayor lastre de la película es que es tan predecible como muchos nos temíamos que iba a ser. Desde el momento en que se presentan los nuevos reclutas (una sola mujer entre kilos y kilos de testosterona americana), la trama “despega” como un libro abierto. El antiguo conflicto entre Maverick y Rooster, aunque tiene su carga emocional por el legado de Goose, sigue un camino tan trillado que roza lo perezoso. El espectador es aquí un mero testigo de una serie de eventos predeterminados, con apenas incertidumbre. “Maverick” se conforma, por lo tanto, con ser una reiteración de lo que ya funcionó en su momento, pero sin aportar nada sustancialmente nuevo.

Más allá de que Tom Cruise nos parezca o no un buen actor, el resto del elenco apenas tiene un espacio para actuar. Los jóvenes pilotos son poco más que caras bonitas con características muy superficiales: el arrogante, el callado, la chica dura… Sus interacciones carecen de la chispa que debería generar un equipo de élite, y la profundidad narrativa es inexistente. Son monigotes en una historia para simple gloria y regocijo del personaje de Maverick, y cuyo papel en la obra es ser salvados, inspirados o superados por él.

La subtrama romántica con Penny Benjamin (Jennifer Connelly) es muy forzada y sin la química de la que tanto he oído hablar. Es un mero accesorio para recordarnos que Maverick también tiene una vida personal, y que es hetero normativa, pero sin la profundidad necesaria para que nos importe una mierda. Es una lástima que con tanto talento reunido, la mayoría de los personajes sean tan superfluos. “Maverick” parece temer despegarse de su predecesora, limitándose a repetir su fórmula en lugar de buscar su propia identidad, lo que le impide alcanzar un verdadero potencial como la obra independiente y memorable que podía haber sido, sin que tengamos esa sensación de déjà vu.

La amenaza a la que se enfrentan los pilotos es intencionalmente vaga y despersonalizada, un ""enemigo"" sin rostro ni país de origen. Si bien esto evita cualquier controversia política (porque a los americanos siempre les ha disgustado mucho posicionarse, claro), la misión se convierte en un mero pretexto para mostrar las impresionantes acrobacias aéreas, sin que exista una relevancia argumental definida. La falta de un antagonista creíble o de un contexto geopolítico claro hace que el clímax, por muy espectacular que sea visualmente, carezca de la resonancia emocional que elevaría la película más allá del mero entretenimiento palomitero.

Maverick es un triunfo visual, una película que ensalza la figura de su protagonista, pero es muy poco más. Recicla las tramas y los personajes sin atreverse a explorar nuevas idiosincrasias más propias del siglo XXI. Sin duda, es un producto pulcro y efectivo, diseñado para complacer a las masas y a los nostálgicos pero que, para el espectador que busca algo de cine, se queda corta en originalidad y profundidad narrativa.
",5.0,2022-12-13T22:47:48Z
361743,Top Gun: Maverick,Roberto Román Ortiz,"Cruise nuestro que estás en los cielos
Santificados esos momentos y no los nostálgicos
No bajes del cielo pues en la tierra es un coñazo.

Danos más escenas de aviones y no situaciones ñoñas o guiños a la primera película.
Perdóname por esta crítica como yo perdono ese guión tan básico.

No te dejes caer en la tentación de una tercera entrega y líbranos del mal.

Tom.",6.0,2024-11-26T17:23:56Z
299534,Vengadores: Endgame,Juan Hernandez,"“Endgame”, y vaya que el título resulta el más apropiado para este filme que ve la culminación de 22 historias que desde el 2008 vimos comenzar con Disney’s “Iron Man” y que precisamente es quien le da fin a ello.

La estrategia publicitaria y de Producción creada por Kevin Feige desde 2007, año en que asumiera la dirección de Marvel Studios ha sido tan fructífera, claro que también cabe mencionar que con sus altas y bajas (sería tonto no reconocer que no todas las 22 películas que conforman hasta el momento el MCU son perfectas); esa lluvia incesante de ideas, personajes, tramas y arcos dramáticos encuentran aquí su resolución en este Blockbuster de alto calibre.

<iframe src=""//giphy.com/embed/pzhVbovuzdbtLDmNyB"" width=""480"" height=""200"" frameborder=""0""></iframe>

Pero tras el impactante final que sacudió al mundo entero en la Nominada al Oscar Disney’s “Infinity War” (2018)… ¿Qué es lo que “End Game” se encargará de ofrecer? Claro está que el enfrentamiento final entre estos superhéroes contra un imponente y aún más despiadado Thanos (El Nominado al Oscar Josh Brolin), sino además el momento de lucimiento para muchos personajes, muchísimos personajes que solo han estado a la sombra de los protagonistas como son Hawkeye (El Nominado al Oscar Jeremy Renner) juega un papel importante en el prólogo y a quien vemos transformado en Ronin y hasta la misma Nebula (Karen Gillian). Tampoco olvidar la presencia de otros Avengers que ahora integrados y /o veteranos al equipo también aportarán y mucho como Ant-Man (Paul Rudd), Black Widow (Scarlett Johansson), Hulk (El Nominado al Oscar Mark Ruffalo) poseedor de una arma poderosa del lado de los Avengers.

<iframe src=""//giphy.com/embed/Yj6dHPsht8wXavhDOj"" width=""480"" height=""200"" frameborder=""0""></iframe>

El guion escrito por Christopher Markus y Stephen McFeely repite la fórmula que funcionó de maravilla en la Magistral Disney’s “Civil War” (2016) dándole a cada personaje su propio momento y espacio para mucho o poco aportar al desarrollo de la trama, también viene de la mano de la puesta en escena de los hermanos Russo, que inician desde el panorama más desolador y lúgubre 5 años después del chasquido letal hasta la cumbre de todas las batallas. Quizás para parte del público resulte un poco enredado algunas subtramas (en especial los viajes al pasado) y el excesivo metraje pero es la parte medular de todo esto. Sin olvidar claro los momentos cómicos (marca de la casa) sin que estos destruyan la tensión narrativa. Todo en perfecto equilibrio con lo más actual en cuanto al uso de Efectos Visuales (Thanos vs todos, T O D O S... es lo más espectacular que nuestra generación y los blockbusters recientes nos pueden ofrecer y quien esto escribe admite que, justo en ese momento me levanté de mi asiento y aplaudí fuertemente).

Y por supuesto, al ser un producto de consumo fácil para todas las masas Disney no toma más riesgos y va por camino seguro al éxito, al menos con una mejor personalidad de que antecesora “Infinity War” de la cual me quede esperando más sangre y destrucción. Pero con algo más debajo de su superficie espectacular, un manejo de tópicos lo que en este universo representa el sentido de la pérdida, aprovechar las oportunidades, el verdadero heroísmo y sacrificio, el amor, la transición/evolución.

https://youtu.be/TcMBFSGVi1c

<em><strong>Disney’s “Avengers End Game” (2019) ¿Es una Misión Cumplida?</strong></em>

Absolutamente, claro que la maquinaria continúa con las secuelas de “Doctor Strange”, “Black Panther”, la película propia de “Black Widow” y series para la plataforma Disney +; pero el viaje en el que nos embarcamos hace diez años llega a su puerto, sanos y salvos, la sensación es de nostalgia, no queremos despedirnos pero llega el momento de hacerlo; como bien lo mencione al inicio de este texto con Iron Man (El Nominado al Oscar Robert Downey Jr. en una actuación por demás sobresaliente y dramática esta vez) inició todo y así acaba.

<iframe src=""//giphy.com/embed/4KF9lQ6Y5Xyo9iByYa"" width=""480"" height=""200"" frameborder=""0""></iframe>

Ojalá y que el equipo encargado de hacer las adaptaciones para las siguientes fases del Marvel Cinematic Universe y con los personajes que queden puedan lograr la misma experiencia que hemos tenido hasta ahora, el panorama es desigual pero eso no importan en Hollywood y mucho menos en la junta de accionistas convocada por Bob Iger.",,2019-04-26T20:40:18Z
299534,Vengadores: Endgame,eaimoi,"Creo que estamos ante la mejor película de superhéroes a día de hoy. Es extraño que una película de 3 horas se me haga corta, tanto que te esperas hasta el último crédito final para ver si te dan una migaja más. Stand Lee se ha ido y se ha llevado a unos cuantos con él. Buen viaje y gracias por tanto, por todo. 

Ahora algún spoiler, avisado quedas ;). 

Hay varias cosas que no me acaban de cuadrar y me descolocan un poco:

* ¿Por qué Hulk no vuelve a usar el guantalete de las gemas para revivir a Iron Man?
* ¿Por qué se revive a todos los del chasquido de Thanos y no a Blackwindow o a Visión?
* ¿Si devuelven la gema del alma podrán recuperar a Blackwindow?
* ¿Por qué se inventa Hulk unas teorías sobre los viajes temporales?. Si no se las cree ni él, ¿por qué son ley en la trama?
* ¿Cómo es posible que Stark en una tarde invente la máquina del tiempo?
* ¿Cómo puede morir Nébula del pasado a manos de Nébula del futuro y seguir en pie?, aquí me acorde de las teorías de Hulk y que todo puede ser, todo menos revivir a Iron Man, Black Window o Visión. 
* Si Loki se va con el teseracto, si vuelven atrás a cogerlo en otro punto temporal, ¿ya no se va?, ¿qué pasa con Loki¿. Vaya con el cubo cósmico. 
* Si Gamora del pasado puede seguir viva en esta línea temporal sin afectar al presente, ¿porque no viajan otra vez, ya que tienen material de sobra y se traen a Iron Man, BlackWindow o Visión del pasado a esta línea temporal?.

Para mí un peliculón, pero con cosas que me descolocan un poco.",10.0,2019-08-16T20:25:49Z
299534,Vengadores: Endgame,Pelis_reviews,"**LA MEJOR PELICULA QUE VI EN MI VIDA.**

Avengers Endgame: sin duda la mejor película de superhéroes de la historia y mi película favorita. Después de 21 películas (y series) y 11 años de historia llega el juego final, el momento culmine de una saga, y que buena manera de terminar una saga (aunque después se haya estrenado Spiderman: Far from home). 

Es todo lo que siempre desee ver en el cine. Como amante del cine y de los comics puedo decir con certeza que esta película es una maravilla. 

Aunque hay algunas cosas de la película que no terminan de cerrar y explicarse del todo, creo que el film se disfruta de principio a fin. De todas las veces que la vi en ningún momento se me hizo pesada, la verdad es que no parecen ni se sienten 3 horas de contenido audiovisual porque se disfruta mucho de la película.

Endgame es todo lo que el verdadero cine puede ofrecer, para mi, y es por eso que hasta el momento es la mejor película que vi en mi vida.",10.0,2020-11-20T06:06:18Z
1061474,Superman,Thomas Ubieda 🍿,"Una película muy colorida y enérgica con esencia notable de los cómics, momentos bien logrados y una premisa con tantos argumentos que puede dividir las críticas.

""Superman"" es una entrega bien elaborada que aporta otra perspectiva del personaje, estando más humanizado, realista, y vulnerable en cada uno de los contextos que se plasmaron dentro de la historia, llevándote así, por una montaña rusa de emociones tanto positivas y algunas negativas, pero que hacen una producción llamativa y totalmente entretenida. Es una película que afronta muchos riesgos de distintos enfoques, pero hace todo lo posible por entregar un resultado sustentable y que pueda hacer tanto conexión con los consumidores en general y los fanáticos del alienígena. 

Todo lo visto en pantalla es una aventura frenética desde su inicio, dando esos puntos claves que deben tomarse muy en cuenta para ir estableciendo tus expectativas mientras avanza la historia, además de tener una contextualización sobre el tipo de Superman que fue idealizado para todo esto. En tal sentido, creo que priorizar ciertos detalles que fundamentan en gran manera el inicio de este nuevo nuevo universo, en teoría cumple. 

Como película ""Superman"" está entretenida, con secuencias de acción bien logradas, un trama que puede envolver al espectador, detalles de adaptación que sirven para darle más esencia a la cinta, agregado de personajes llamativos o elocuentes, un ritmo decente, y aspectos cinematográficos que destacan en diferentes momentos. En este punto, James Gunn realizó un trabajo muy formidable que tiene su gran mérito y que puede aportar mucho más que una simple película de superhéroes, estableciendo un guion arriesgado, pero con mucho trasfondo interesante para sacar críticas sociales y mensajes reflexivos muy importantes. Sin embargo, hay detalles que pueden disminuir lo que ve construyendo con el pasar de los minutos, pero siempre dependerá de las expectativas del consumidor. 

Es importante mencionar que la cinta en todo momento aplica un filtro para darle más saturación a los colores y hacer llamativa a la historia, como si de un cómic estuviera cobrando vida, lo cual es un acierto para hacer diferencia de otras entregas del kryptoniano. Además, se debe destacar todo lo relacionado con la fotografía, la musicalización, el sonido, el vestuario, el maquillaje, el montaje, la banda sonora, entre otros. Ya que hablando de efectos especiales, creo que cumplen y muchos de ellos están bien ejecutados, sin embargo, hay escenas donde la renderización si dejó mucho de qué hablar, incluso hay similitud que recuerda a la película de ""The Flash"". De tal manera, no significa que todo esté, porque no, hay muchas secuencias donde los efectos están muy bien elaborados y destacan, solamente en pequeñas escenas. 

En términos de interpretación, David Corenswet como el nuevo Superman es una maravilla. La esencia, el aura, personificación y sentido de pertenencia es notable con cada escena. Es una nueva versión más humanizada que deja a un lado el sentimiento de ser un dios ante el mundo entero. Es un plus que hace conectar rápidamente siempre que seas fanático del personaje. Por otro lado, Nicholas Hoult se roba la pantalla por ser un Lex Luthor expresivo y lleno de muchas cualidades que lo hacen tener buen desenvolvimiento, es una nueva cara que merece todo el mérito posible. Rachel Brosnahan, María Gabriela de Faría, Skyler Gisondo y Edi Gathegi están fenomenales. 

Desde mi perspectiva y como fanático del personaje, no creo que sea la mejor película de Superman, pero sí es muy buena y puede estar entre las mejores. El tomar mucha esencia de las cintas de Christopher Reeve y Richard Donner lo puede hacer debatible. No obstante, también tiene ciertos detalles negativos que no llegan a tener ese impacto como se debe. Puedo mencionar el agregado de muchas subtramas que no tienen profundidad y pasan desapercibidas, el exceso de personajes secundarios que no aportan mucho a la trama, la falta de contextualización en algunos argumentos narrativos, los detalles en muchos efectos especiales, y los momentos convencionales tanto en la acción, como en muchos personajes y sobre todo en diálogos que le restan importancia a momentos cruciales.

""Superman"" es una crítica social constructiva sobre la guerra, el uso de mala política, el poder, y la importancia de la vida de las personas afectadas debido a lo antes mencionado. Aunado a ello, hace una metáfora sobre la maldad que prevalece en este mundo a través de distintos medios de comunicación. Además, abarca temas reflexivos como la envidia, la negatividad, la bondad, la amabilidad, la perseverancia, los cuellos de botella, el verdadero amor, la contradicciones, el entendimiento errático de las personas, la justicia, la ambición, la manipulación y la importancia de los animales. 

Es una película que posee un recurso de ideas inmenso, donde muchas de ellas fueron plasmadas de excelente manera, pero otras donde faltó mejor ejecución. Vale la pena darle una oportunidad y qué buen inicio de universo para DC Comics. 

Mr. Terrific es un personajazo!

7.5/10",7.0,2025-07-28T22:02:43Z
1061474,Superman,Marco-Hugo Landeta Vacas,"(CASTELLANO) El Superman de James Gunn me deja con sentimientos encontrados. La primera hora me pareció un auténtico bodrio: lenta, sin emoción, con escenas que poco o nada transmitían de lo que uno espera al reencontrarse con el superhéroe por excelencia. Si algo siempre ha distinguido al personaje es su capacidad de emocionar, y aquí esa chispa tardó demasiado en aparecer.

La segunda mitad, en cambio, encuentra algo más de alma. Hay momentos en los que Gunn parece conectar con lo que significa Superman, aunque lo hace desde una estética muy comiquera que nunca termina de acercarse a la esencia de los cómics originales. Los colores son excesivos, casi chillones, y muchos de los personajes resultan caricaturescos o poco trabajados. Personalmente, creo que sólo se salvan el perro —que aporta humanidad— y Mr. Terrific, uno de los pocos que parece tener verdadero peso.

David Corenswet cumple como Clark Kent, pero sigue lejos de la grandeza que Christopher Reeve imprimió al personaje. Y aunque Henry Cavill no era perfecto, sigue siendo el único que logró acercarse al mito. Este reinicio, en varios momentos, me recordó a las películas de Spiderman de los 70: más simpáticas por su ingenuidad que por su calidad real.

No es un desastre, pero tampoco la revitalización épica que prometía. Gunn entrega un espectáculo irregular que entretiene a ratos, sin lograr que Superman vuelva a hacernos soñar de verdad.

(ENGLISH) James Gunn’s Superman leaves me with mixed feelings. The first hour felt like a complete bore: slow, emotionless, with scenes that failed to deliver the excitement you expect when revisiting the ultimate superhero. What has always defined the character is his ability to inspire, and here that spark takes far too long to appear.

The second half, however, manages to find some soul. There are moments where Gunn seems to connect with what Superman truly represents, though filtered through an overly comic-book aesthetic that strays from the essence of the originals. The colors are too loud, the characters often cartoonish or underdeveloped. Honestly, only the dog —who brings some humanity— and Mr. Terrific come across as genuinely solid.

David Corenswet does his job as Clark Kent, but he’s nowhere near the greatness Christopher Reeve gave the role. And while Henry Cavill wasn’t perfect, he’s still the only one who captured the myth. At times, this reboot reminded me of those 70s Spiderman films: more charming for their naivety than for their actual quality.

It’s not a disaster, but it’s far from the epic revitalization it promised. Gunn delivers an uneven spectacle that entertains in parts, without ever making Superman truly soar again.",7.0,2025-08-17T02:20:32Z
1061474,Superman,15AnimationStudios,"Una gran película, la música es increíble, pero lo que más me gustó fueron los colores, muy vivos y muy parecidos a los de los cómics. Una gran trabajo de James Gunn.",,2025-08-31T19:31:09Z
372058,Your Name.,Sergio,"Es una gran obra para todos los publicos, muy entretenida y con una banda sonora maravillosa. Lo que a simple vista puede parecer una comedia romantica mas, es sin duda una película que seguro que amaras y disfrutaras teniendo un argumento dinamico y entretenido.",10.0,2020-12-08T02:32:59Z
11,La guerra de las galaxias,Antonio Alaminos-Fernández,"Star Wars, originally released in 1977, was directed by a visionary filmmaker and starred a cast of actors who didn't realize the impact their film would have on pop culture. The movie follows the journey of a farm boy, Luke Skywalker, as he fights against the evil Empire and their planet-destroying weapon, the Death Star. The film boasts a cast of memorable characters, including Darth Vader, Han Solo, Princess Leia, and Obi-Wan Kenobi, and is known for its iconic quotes and special effects. The story, which follows the hero's journey, is simple but effective and filled with self-awareness and humor. The acting and pacing may have some flaws, but the score, composed by John Williams, is unforgettable. Though there are plot holes in later films, the original Star Wars, now known as A New Hope, is a thrilling adventure with likable heroes and terrifying villains that set the standard for blockbuster movies. And let's not forget, Han shot first.
__________________________
Star Wars, estrenada originalmente en 1977, fue dirigida por un cineasta visionario y protagonizada por un elenco de actores que no se dieron cuenta del impacto que su película tendría en la cultura pop. La película sigue el viaje de un granjero, Luke Skywalker, mientras lucha contra el malvado Imperio y su arma destructora de planetas, la Estrella de la Muerte. La película cuenta con un elenco de personajes memorables, incluidos Darth Vader, Han Solo, la princesa Leia y Obi-Wan Kenobi, y es conocida por sus citas icónicas y efectos especiales. La historia, que sigue el viaje del héroe, es simple pero efectiva y está llena de autoconciencia y humor. La actuación y el ritmo pueden tener algunos defectos, pero la partitura, compuesta por John Williams, es inolvidable. Aunque hay lagunas en la trama de películas posteriores, la Guerra de las Galaxias original, ahora conocida como Una nueva esperanza, es una aventura emocionante con héroes simpáticos y villanos aterradores que establecen el estándar para las películas de gran éxito. Y no lo olvidemos, Han disparó primero.",8.0,2023-01-12T21:31:54Z
502356,Super Mario Bros: La película,imdnxl,"> Personalmente creo que no se le puede desmeritar el exito rotundo que a hecho Mario Bros en taquillas. Su existo es es palpable, sin embargo, ¿Es realmente buena? Lo es, pero no lo suficiente, si bien es cierto que nintendo a hecho un gran trabajo en cuanto a gráficas y animación, le a quedado un poco corto el desarollo de personas e incluso la historia de Mario en términos generales. Se siente vacío, una historia sin mucho fundamento, apegada al juego pero con dale días notables en  diálogos y dirección, todos sabíamos cómo terminaría la película, es preferible pero siento que podían a ver explotado más a otros personajes como Luigi o Peach.",8.0,2023-05-06T21:24:16Z
575265,Misión: Imposible - Sentencia final,Marco-Hugo Landeta Vacas,"(CASTELLANO) Cerrar una saga como Misión Imposible después de casi treinta años no es tarea fácil. Sentencia Final llega con ese reto y, aunque había dudas sobre si estaría a la altura, lo cierto es que la despedida tiene garra. Hay épica, hay emoción y, sobre todo, secuencias que justifican de sobra el maratón de casi tres horas, incluso si en algún tramo la película se siente un poco más larga de lo necesario.

El arranque apuesta por la intriga y el espionaje, recordando a los primeros tiempos de la saga. Conspiraciones, engaños, sospechas constantes… todo envuelto en ese clima de que nadie es lo que parece. Es verdad que el ritmo baja en algunos momentos y uno piensa que la historia podría contarse con menos rodeos, pero esa calma acaba jugando a favor: prepara el terreno para que, cuando la acción estalle, el espectáculo sea brutal.

Y ahí aparece Tom Cruise, otra vez dejando claro que sigue siendo el último gran héroe de Hollywood. Corre, salta, se cuelga de todo lo que puede y lo hace con una convicción que contagia. A sus más de sesenta años, sigue empeñado en que el público contenga la respiración con cada acrobacia. Más que un espía, su Ethan Hunt ya es casi un mito de resistencia, alguien que nunca se rinde aunque todo esté en su contra.

El reparto acompaña bien, aunque es verdad que algunos personajes secundarios quedan algo desaprovechados. Los guiños al pasado y los cameos sacan sonrisas a los fans de siempre, pero se echa en falta que ciertos personajes tengan un poco más de espacio. De todos modos, cada vez que la cámara vuelve a Cruise, la película recupera todo su magnetismo.

El clímax es un festival. Escenas submarinas, persecuciones imposibles y secuencias aéreas que parecen de otro mundo. McQuarrie demuestra que sabe manejar el caos como pocos, logrando que todo fluya con tensión y emoción hasta el último minuto. Puede que la historia no sorprenda demasiado, pero cuando la acción se vive con esa intensidad, lo demás pasa a un segundo plano.

Al final, Sentencia Final no reinventa nada, pero sí logra despedirse con dignidad. Es un cierre que honra a la saga, combina nostalgia con espectáculo puro y deja claro que Ethan Hunt se baja del tren en lo más alto. Quien vio la primera entrega allá por julio de 1996, no puede evitar salir del cine con la sensación de haber acompañado un viaje tan desmesurado como inolvidable.

(ENGLISH) Ending a saga like Mission Impossible after nearly thirty years is no easy task. Dead Reckoning arrives with that challenge and, although there were doubts about whether it would live up to expectations, the truth is that the farewell has bite. There’s epic scale, there’s emotion, and above all, sequences that more than justify the nearly three-hour runtime, even if at times the film feels a bit longer than necessary.

The opening leans into intrigue and espionage, reminiscent of the franchise’s early days. Conspiracies, betrayals, constant suspicion… all wrapped in that atmosphere where nothing is what it seems. It’s true that the pace slows down in places and one feels the story could have been told with fewer detours, but that calm eventually pays off: it sets the stage so that when the action erupts, the spectacle is overwhelming.

And then comes Tom Cruise, once again proving he’s still Hollywood’s last true action hero. He runs, jumps, clings to anything he can, and does it with a conviction that’s contagious. At over sixty, he’s still determined to make the audience hold their breath with every stunt. More than a spy, his Ethan Hunt has become a symbol of resilience, someone who never gives up even when everything is against him.

The supporting cast delivers, though it’s true that some secondary characters feel underused. The nods to the past and nostalgic cameos will make longtime fans smile, but certain roles deserved more room to shine. Still, whenever the camera focuses back on Cruise, the film regains all its magnetism.

The climax is pure spectacle. Underwater scenes, impossible chases, and aerial sequences that feel out of this world. McQuarrie shows he knows how to orchestrate chaos like few others, keeping the tension and excitement alive until the very last second. The story may not hold many surprises, but when the action burns with this kind of intensity, little else matters.

In the end, Dead Reckoning doesn’t reinvent the formula, but it does manage to say goodbye with dignity. It’s a closing chapter that honors the saga, blending nostalgia with pure spectacle and making it clear that Ethan Hunt leaves the stage at the very top. For those who watched the first mission back in July 1996, it’s impossible not to leave the theater with the feeling of having been part of a journey as excessive as it was unforgettable.",10.0,2025-08-18T01:51:55Z
1306368,El botín,Marco-Hugo Landeta Vacas,"(CASTELLANO) Hay películas que no pretenden reinventar nada y, aun así, funcionan. El botín es exactamente eso: un thriller clásico, directo, bien armado, que sabe lo que quiere ser desde el primer minuto. No busca sorprender con fuegos artificiales ni con giros imposibles, sino mantener la tensión, el pulso narrativo y el interés del espectador. Y en mi caso, lo consigue.

Gran parte del atractivo está, sin rodeos, en ver juntos a Ben Affleck y Matt Damon. Hay química, hay oficio y hay una comodidad evidente en cómo se mueven dentro de la historia. Se nota que saben jugar a este tipo de cine y que se lo creen. Pero sería injusto quedarnos solo ahí: Teyana Taylor, Steven Yeun y Kyle Chandler aportan matices, presencia y personalidad a un reparto que funciona como un bloque sólido, sin eslabones flojos.

La película se apoya en una premisa sencilla y la explota con inteligencia. No todo está perfectamente engrasado —hay decisiones discutibles y algún tramo menos inspirado—, pero el conjunto mantiene el tipo. El ritmo es constante, la tensión está bien dosificada y hay una sensación de amenaza que nunca desaparece del todo. Eso, en un thriller, ya es mucho decir.

También se agradece su tono seco y poco dado al subrayado emocional. Aquí no se busca la lágrima ni el discurso grandilocuente. Todo es más físico, más contenido, más de miradas y silencios que de explicaciones innecesarias. Puede que eso haga que no cale a un nivel más profundo, pero encaja con lo que la película propone.

No es una obra memorable ni una película que vaya a dejar huella durante años, pero sí una de esas que se ven con gusto, que entretienen de verdad y que recuerdan a un tipo de cine que hoy escasea en plataformas. Un thriller sólido, honesto y eficaz, sostenido por un reparto que eleva el material.

A veces, con eso basta.

(ENGLISH) There are films that don’t try to reinvent anything and still work. The Rip is exactly that: a classic, straightforward thriller, well put together, that knows what it wants to be from the very first minute. It doesn’t aim to impress with fireworks or outrageous twists, but to sustain tension, narrative momentum, and viewer engagement. And in my case, it succeeds.

A big part of its appeal, plainly speaking, is seeing Ben Affleck and Matt Damon together again. There’s chemistry, experience, and a clear sense of comfort in how they move through the story. You can tell they know this kind of film and believe in it. But it would be unfair to stop there: Teyana Taylor, Steven Yeun, and Kyle Chandler bring nuance, presence, and personality to a cast that works as a solid whole, with no weak links.

The film is built around a simple premise and exploits it intelligently. Not everything is perfectly polished — there are questionable choices and a few weaker stretches — but the overall result holds up. The pacing is steady, the tension well managed, and there’s a lingering sense of threat that never fully disappears. In a thriller, that already counts for a lot.

Its dry tone, free of emotional underlining, is also refreshing. There’s no attempt to force tears or deliver grand speeches. Everything is more physical, restrained, driven by looks and silences rather than unnecessary explanations. That may prevent it from hitting deeper emotional notes, but it fits perfectly with what the film sets out to do.

It’s not a landmark film, nor one that will linger for years, but it’s the kind you watch with pleasure, that genuinely entertains, and that recalls a style of cinema increasingly rare on streaming platforms. A solid, honest, effective thriller, elevated by a cast that raises the material.

Sometimes, that’s enough.",7.0,2026-01-22T01:29:53Z
979,Irreversible,mdcacho,"En el primer intento abandonamos mi chica y yo a los 15 minutos; ni entendiamos, ni nos gustaba, ni nos dormiamos. No es una peli para un Sábado noche, palomitas y chica estupenda al lado; al menos como yo entiendo el cine de Sábado. Segundo intento: yo solo (bueno, con mi perro), Martes a las 21:30. Empiezo de nuevo, aguanto esos 15 minutos, otros 5 mas, empieza a gustarme a pesar de lo fuerte, fortísimo, de la escena de violencia en el club gay, el argumento adquiere sentido, mi perro sale de su letargo, gruñe, y a los 5 segundos empieza la escena de la violación, fuerte, fortísima; ni yo ni mi perro podemos dejar de mirar a la pantalla; bajo el volumen, no quiero que ""Chespir"" (el susodicho can) se me pervierta ni que se traumatice. Ya estoy (estamos) enganchados. Yo aguanto hasta el final y Chespir ya lleva unos minutos durmiendo. 
Ni bodrio ni genialidad ... aprobaillo raspao (un 5).",5.0,2016-10-05T08:17:58Z
1184918,Robot salvaje,SMasH598,"Robot Salvaje (**The Wild Robot**), DreamWorks Animation nos presenta la adaptación del éxito literario de Peter Brown, escrita y dirigida por el tres veces nominado al Óscar, Chris Sanders creador de películas como: Los Croods, Lilo & Stitch y Como entrenar a tu Dragón, nos trae esta épica aventura donde conoceremos a la unidad ROZZUM 7134, mejor conocida como “Roz” quien debe aprender a adaptarse al duro entorno salvaje, en esta historia sobre el autodescubrimiento de lo que significa estar vivo y conectado con todos los seres vivos.

La pelicula comienza con sonidos de tormenta e imágenes cortadas para conocer de manera inmediata a ROZZUM 7134 una robot que ha naufragado en una isla deshabitada por humanos, “Roz” busca saber cuál es su propósito o tarea por hacer ya que fue creado para hacer la vida más fácil, es así como gradualmente lograra establecer relaciones con los animales que viven dentro de la isla y posteriormente por azares del destino se convertirá en la madre adoptiva de un gansito huérfano. 

Desconozco si DreamWorks realizo en esta película la adaptación completa de la trilogía de Peter Brown, aunque posiblemente así sea, ya que la cinta comienza contándonos una historia que se transforma y encadena de forma natural con la siguiente historia, mostrándonos y conectándonos con algunos personajes increíbles, aunque la narrativa se maneja bien en gran parte de la película, se utilizan clichés de películas infantiles, que en esta cinta serían innecesarios, como por ejemplo un villano que llega de la nada, pero bueno a veces, cuanto más simple es la historia, más perfecta es.

El trabajo de animación por parte de DreamWorks en The Wild Robot es magistral, las paletas de colores que manejan, el modo en que realizan las tomas para darnos paisajes asombros que cautivan al espectador, así como las texturas que se muestran en los animales, paisajes y en “Roz” son asombrosos, esta película de mínimo debe ganar el próximo Oscar a Mejor película de animación, eso sin tomar él cuenta el guion que cuenta con una poderosa historia que hace tiempo no se veía ni siquiera en las películas de Pixar.

Robot Salvaje tiene varios mensajes y enseñanzas importantes, como por ejemplo el autodescubrimiento, el equilibrio que puede darse entre la tecnología y la naturaleza, una exploración de lo que significa estar vivo y conectado con todos, como bien lo dice Roz en la cinta, ""**a veces para sobrevivir, debemos convertirnos en mas que aquello para lo que fuimos programados**"", en definitiva esta es una película que no te puedes perder.


Calificación: 9.0

X @SMasH_MXDF",,2024-09-23T03:08:42Z
1184918,Robot salvaje,yoamoalcine,"La mejor película del año y no solo en la categoría de animación

DreamWorks Animation  entrega su mejor película en bastante tiempo y lo hace quizás también brindando la mejor película del año simplemente gracias a que se atreve a darnos una película original llena de sentimientos y profundidad que te hace volver a creer en el cine y en el arte.

El director Chris Sanders vuelve a demostrar toda su capacidad para regalarnos una extraordinaria película llena de emociones, sentimientos, cariño, pasión y honestidad. Una película delicada y hermosa que nos transporta al sentimiento más puro que es el amor en toda sus dimensiones y con la astucia de desfragmentarlo en todas sus estructuras que nos permite disfrutar de la película mas hermosa del año.

Basada en el libro de Peter Brown, Sanders escribe el guion con toda su experiencia a cuestas para establecer los elementos necesarios para que la película sea tanto un pasatiempo para los más pequeños y una esperanza al alma para los más grandes en donde nos encontramos con una película llena de realidad y metáforas que van dando vida constantemente a una historia que te va calando demasiado profundo en tu emocionalidad, es un recorrido que te mantiene siempre al borde de caer en llanto y cuando lo logra es inevitable no hacerlo debido que la película es tan gratificante que solo terminas entregándote ante una hermosa puesta en escena y un guion extraordinario.

Parte del atractivo de esta tierna animación proviene de sus comprometidas y absorbentes interpretaciones de voces para que la película tome fuerza y alma. Cada interprete se esfuerza por siempre mantener el tono necesario de lo que la historia busca contar y en donde busca llevarnos y le entregan profundidad, pasión y sensibilidad a cada sentimiento expresado en sus voces desde Lupita Nyong'o, Pedro Pascal y Kit Connor como el trio protagonista y secundarios en donde destacan Stephanie Hsu, Mark Hamill o Catherine O'Hara.

La gran fuerza de la película es crear una versión en pantalla de estos personajes que los hace sentir como una familia. Si las personalidades nos atan en primera instancia a la historia, es también la animación lo que termina complementando las ganas de unirte a la experiencia propuesta. La película de Sanders combina personajes fotorrealistas con imágenes pictóricas de paisaje para crear escenas encantadoras e inmersivas. La vida en la isla se representa con energía, y también se aprecian los detalles, desde las astillas del árbol gigante que un castor industrial roe a diario hasta los finos pelos del oso pardo cascarrabias. El saber representar el lugar remoto como la belleza inmaculada, un entorno no perturbado por las maquinaciones humanas es el gran mensaje final que nos brinda The Wild Robot.

Una de las mejores películas del año y me atrevo a decir que será la más fuerte contendiente en la categoría de animación para la temporada de premios, pero creo que es injusta solo calificarla como animación por que estamos en presencia de una película que traspasa esa categoría y nos devuelve el cine más allá de los remakes o segundas partes, vuelve a darnos una historia nueva que nos permite volver a sentir lo que es el cine en su magia más profunda contar historias que nos llenen de sentimientos mas emociones y aquello ya merece simplemente considerarla como una de las mejores películas del año en todas las categorías.

The Wild Robot es la película que nos sigue haciendo creer en que el cine sigue vivo y que todavía tiene mucho por entregar, no me quejo de las secuelas o remake, por que soy un cinéfilo que consume todo, pero siempre mi corazón será feliz con películas como la que DreamWorks Animation nos ha brindado.",8.0,2024-11-25T10:34:02Z
1184918,Robot salvaje,Emanuel_axel_,"Por lejos es lo mejor del estudio. Una excelente película. Toca donde más duele. 
El amor de una madre puede superar hasta lo establecido por un sistema",9.0,2025-01-03T04:20:58Z
1022789,Del revés 2 (Inside Out 2),MarcoOrlando,Buen animación peroes un poco aburrida está bien para entretener a los niños en casa pero para irla a ver a un cine la VDD no conviene,,2024-06-23T15:51:17Z
1022789,Del revés 2 (Inside Out 2),Gexedd,"**La primera versión es simplemente mágica**, definió algo novedoso en su momento. Esta es mas normal ye entretenida. Obviamente sabemos cuál emoción resulto ser la protagonista ¿no? XD",7.0,2024-08-17T21:45:58Z
1022789,Del revés 2 (Inside Out 2),Manaos Lord,"Buena película, tanto para mirar en familia como para aprender.

Sin dudas una de las mejores películas que ha sacado Disney en varios años y, si bien considero que la primera estuvo un poco mejor, esta no se queda atrás y retrata de la forma más vistosa posible lo que sucede en la cabeza de un adolescente cuando va creciendo.",7.0,2024-08-27T14:57:00Z
862,Toy Story,Maximiliano,"Una de las mejores películas animadas que he visto. Y de todas las que fueron saliendo, es para mi la mejor",9.0,2023-08-14T22:32:42Z
950387,Una película de Minecraft,Archundia666,"Pelicula poco original, y un refrito de otras mil peliculas antes vistas ( angry birds, jumanji, etc)
Historias secundarias que hacen menos divertidas a la pelicula
Mala",1.0,2025-04-06T02:15:32Z
950387,Una película de Minecraft,Zicoxy3,"Me parecía interesante ver cómo se podría meter el universo Minecraft en una peli. La participación de Jack Black también era un pequeño estímulo a verla.
Sábado, 19:15h, sala llena y 9,50€ mediante, me senté en mi butaca. Después de 3 o 4 anuncios, empezó la peli.
Con un enfoque claramente infantil, creo que el simbolismo y ambiente cultural que desempeña Jason Momoa no encaja más que por la excentricidad del personaje... Ese enfoque no tiene incidencia en la peli.
A medida que pasa la peli te das cuenta que el nombre ""minecraft"" es sólo el gancho. Si el videojuego se basa en la exploración, en el crafteo, la construcción y juntar varios materiales para crear otros, en la peli pasa poco menos que desapercibido.
Es una peli de lucha entre el bien y el mal, de amistad, con chistes que los niños no comprenderán.
Hay momentos que te ríes por absurdo, pero son muy pocos.
El doblaje de Jack Black, en mi opinión, es regular. Sobre todo en las canciones. Tengo que verla en original pero estoy seguro que no tiene nada que ver....
En fin, una peli bastante floja en todos los sentidos. Enm mi opinión no han aprovechado todo lo que Minecraft ofrece.",6.0,2025-04-13T08:01:55Z
950387,Una película de Minecraft,tmdb48995709,"Es sorprendente que, a pesar de no conocer en profundidad la franquicia y sin tener la menor intención de verla por mí mismo, lograra entretenerme. Si bien había muchos aspectos que desconocía, la vi como lo haría con cualquier otra película, es decir, como un producto independiente.

Es inevitable considerar que existen momentos incómodos o, como dicen ahora, de “Cringe”, en especial con algunas actuaciones de Jason Momoa y Jack Black, pero son cosas qye firman parte del humor juvenil actual. A pesar de ello, la película logró mantener mi interés y disfruté viéndola.",7.0,2025-04-19T04:15:51Z
950387,Una película de Minecraft,Marco-Hugo Landeta Vacas,"(CASTELLANO) Las películas basadas en videojuegos siempre caminan por una cuerda floja rara: o intentan gustar a todos y no satisfacen a nadie, o se vuelven tan específicas que solo las entiende quien ya está dentro del juego. Minecraft cae justo en medio. Es peculiar, un poco caótica, muy consciente de que su público principal son los niños… y aun así tiene momentos que funcionan mejor de lo que imaginé antes de verla.

Lo primero que salta es el tono. Es una película ruidosa, colorida, que no pretende en ningún momento tomarse demasiado en serio. Para los peques, eso ya es suficiente: criaturas enormes, gags tontos, carreras imposibles y ese aire de “aventura improvisada” que recuerda a las partidas reales del juego. Para los adultos, pues depende del día. A ratos cansa, a ratos entra bien, pero no es un sufrimiento como otras adaptaciones recientes.

Emma Myers es, sin discusión, lo mejor de la película. Tiene una gracia natural, un carisma que aparece hasta en escenas que no dan para mucho, y consigue que cada aparición suya sea un respiro. Se nota cada vez más que es una actriz en pleno crecimiento, de esas que elevan cualquier cosa en la que participan. Jack Black va en su línea habitual —excesivo pero divertido— y Momoa aporta más comedia de la que esperaba, aunque el guion no siempre le acompañe.

El mayor problema es la falta de imaginación. Minecraft, el juego, vive de la creatividad absoluta, de construir desde cero lo que te dé la gana. La película, en cambio, opta por lo más fácil: una aventura básica, previsible, con el tipo de humor que se ha visto mil veces. Funciona… pero no deja huella. A veces da la sensación de que hay demasiada energía puesta en el ruido y poca en la chispa.

Aun así, cumple con su misión: entretener sin complicarse, ofrecer un ratito divertido a los niños y dar un mínimo de nostalgia a quienes han pasado horas picando bloques. No pasará a la historia, pero tampoco pretende hacerlo. Y quizá por eso, dentro de su imperfección, acaba cayendo simpática.

(ENGLISH) Video-game movies always walk a weird tightrope: either they try to please everyone and satisfy no one, or they become so specific that only the hardcore fans understand what’s going on. Minecraft lands right in the middle. It’s peculiar, a bit chaotic, clearly aimed at kids… and yet it has moments that work much better than I expected.

The first thing that stands out is the tone. It’s loud, colorful and never tries to take itself seriously. For children, that’s already enough: big creatures, silly gags, impossible chases, and that “improvised adventure” feeling that actually resembles how people play the game. For adults, well… it depends on your tolerance that day. Sometimes it’s tiring, sometimes it slips down easily, but it isn’t the pain some other adaptations have been.

Emma Myers is easily the highlight. She’s got a natural glow, a charisma that lifts even the most basic scenes, and she’s becoming one of those actors who improve anything they’re in. Jack Black does his usual over-the-top chaos (fun but familiar), and Momoa brings more comedy than expected, even if the script doesn’t always help him.

The biggest issue is the lack of imagination. Minecraft —the game— lives off total creativity, of building whatever you want from nothing. The movie, instead, plays it safe: a predictable adventure, familiar jokes, and set pieces we’ve all seen before. It works, but it doesn’t leave a mark. There are moments where you feel all the energy is going into noise, not spark.

Even so, it delivers on its basic mission: entertain without overthinking, give kids a fun time, and offer a tiny bit of nostalgia to anyone who spent hours mining and building. It won’t be remembered forever, but it doesn’t need to be. And, somehow, within its imperfections, it ends up being kind of likable.",6.0,2025-11-23T01:00:34Z
315635,Spider-Man: Homecoming,sergiosornoza,"Estas son las razones por las que Spiderman homecoming me gustó mucho. En primer lugar es bueno que no hayan contado otra vez una historia de origen ya que de ser así hubiese sido aburrido ver otra vez la picadura, la muerte del tío ben etcétera. En segundo lugar el villano estuvo muy bien hecho ya que sus razones para volverse malo estaban muy bien planteadas y sus escenas de batalla eran increíbles.
Pero como toda película tiene sus puntos malos está también los tiene pero por suerte para mi esos puntos malos solo son dos que se pueden dejar pasar o perdonar. En fin spiderman homecoming fue para mi una de las mejores películas de spider man.
es una pelicula bien hecha, mas apegada a como es peter en los comics ya saben un adolecente novato y bromista en esto de ser un heroe.",9.0,2019-07-11T02:20:27Z
1197306,A Working Man,Marco-Hugo Landeta Vacas,"(CASTELLANO) Rescate implacable (A Working Man) no engaña a nadie: es una película de Jason Statham en toda regla. Si has visto cualquiera de sus trabajos anteriores, sabes perfectamente lo que viene. Un tipo duro, leal, con pasado oscuro, que se ve obligado a usar sus puños (y cualquier objeto contundente al alcance) para rescatar a alguien cercano. En este caso, la fórmula se repite sin demasiadas variaciones, pero funciona porque Statham, como siempre, cumple con solvencia.

La película no pretende reinventar el género. Tampoco lo necesita. Ofrece lo justo: peleas bien coreografiadas, persecuciones, malos muy malos y un héroe que no se detiene ante nada. El ritmo es correcto, la acción es física y directa (se agradece que no abuse del CGI) y la historia, aunque mil veces vista, sirve como excusa para que el protagonista reparta justicia con contundencia.

¿Es original? No. ¿Tiene profundidad dramática? Tampoco. Pero su mayor virtud está en la honestidad: sabe lo que es y no pretende ser más. Hay algo reconfortante en ver una película de acción que no se avergüenza de sus tópicos. Y aunque algunos secundarios no brillan y el guion es más plano que un ring de boxeo, lo que uno viene a buscar —acción, venganza y Statham— está servido.

Sin llegar a ser memorable, Rescate implacable se disfruta por lo que representa: una ración clásica de cine de acción con sello propio. De esas que te hacen desconectar un rato y quedarte con la sonrisa de quien sabe exactamente por qué ha comprado la entrada.


(ENGLISH) A Working Man doesn’t try to fool anyone — it’s a Jason Statham film, through and through. If you’ve seen any of his previous work, you already know the drill. A tough guy with a dark past, loyal to a fault, forced to use his fists (and whatever else is handy) to rescue someone close to him. The formula repeats itself with few surprises, but it works — because Statham always delivers.

This movie isn’t here to reinvent the genre. It doesn’t need to. It offers exactly what it promises: solid hand-to-hand combat, chase scenes, nasty villains, and a hero who won’t stop until he’s put things right. The pacing is decent, the action feels physical and grounded (no CGI overdose, thankfully), and while the story is old as time, it’s enough to set things in motion.

Is it original? No. Does it offer dramatic depth? Not really. But the film’s greatest strength is in its honesty — it knows what it is and never pretends to be anything else. There’s something comforting about watching an action flick that embraces its clichés without apology. And although the supporting cast doesn’t stand out and the script is flatter than a boxing ring, the essentials — action, revenge, and Statham — are all there.

It may not be memorable, but A Working Man delivers exactly what fans come for: a solid dose of classic action, Statham-style. The kind of movie that lets you switch off your brain for a while and enjoy the ride — with a grin of satisfaction.",8.0,2025-05-25T00:52:16Z
22,Piratas del Caribe: La maldición de la Perla Negra,Martin Oaks,"**Aquí empieza todo**

La estética potente de Verbinski, muy sesgada debido al público objetivo de Disney, cierra esta primera entrega de la saga que ha dado a conocer mundialmente al pirata más amanerado del Séptimo Arte.

Johnny Depp ha imprimido una vis cómica a un personaje que debería haber sido mucho más sombrío e inquietante. Y ha sido el contrapunto más comercial a una estética gótica muy bien resuelta por el director, en la que el terror sucio y escatológico propiciado por los filibusteros regala imágenes muy elaboradas, así como números circenses de deliciosa coreografía.

Hay muchos peros en esta inteligente colección cinematográfica, pero quizás, el más destacado sea el giro inverosímil hacia lo esotérico, donde el inframundo de los bucaneros se apodera de la trama episodio tras episodio, aportando no pocas imágenes impactantes, pero también una línea argumental demasiado infantiloide y fantasiosa.

Lo mejor, sin duda, ver a Geoffrey Rush, y escuchar a Hans Zimmer. Y lo peor, que es un proyecto de Disney.",5.0,2022-12-22T22:24:52Z
438631,Dune,Antonio Alaminos-Fernández,"La novela de Frank Herbert de 1965 ""Dune"" se ha considerado durante mucho tiempo ""inadecuable"" para el cine, pero el director Denis Villeneuve demuestra estar más que preparado para la tarea con su última oferta cinematográfica. La historia sigue a la Casa Atreides, dirigida por el duque Leto (Isaac), cuando se ven obligados a una guerra por el control del planeta Arrakis contra la Casa Harkonnen y los nativos Fremen. El planeta es la única fuente de la poderosa droga ""spice"", y el Emperador tiene planes nefastos para su destrucción. Paul Atreides (Chalamet) está plagado de visiones de un futuro peligroso que podría amenazar la existencia de la Casa Atreides. Villeneuve navega magistralmente por las complejas capas de tramas secundarias y hilos narrativos, creando una epopeya visualmente impresionante y bien actuada. Aunque el pesado diálogo y la densa tradición pueden no ser accesibles para todos, la película tiene un aire persistente de terror e intriga que dejará a los espectadores con ganas de más.",9.0,2023-01-15T20:47:49Z
550,El club de la lucha,Antonio Alaminos-Fernández,"David Fincher's 'Fight Club' has become a cultural phenomenon since its release, with its iconic characters, witty dialogue and unique storytelling. The film tells the story of a man experiencing an existential crisis who creates a movement, and it is elevated by the dynamic performances of Edward Norton and Brad Pitt as unlikely partners, and Helena Bonham Carter as the quirky Marla Singer. The film's originality, part-time drama, part-time dark comedy, and its themes of existentialism, masculinity and consumerism have made it a timeless classic. While the film may feel a bit dated at times, it's undeniable that 'Fight Club' has left an indelible mark on cinema and pop culture.
__________________
'Fight Club' de David Fincher se ha convertido en un fenómeno cultural desde su lanzamiento, con sus personajes icónicos, diálogos ingeniosos y narraciones únicas. La película cuenta la historia de un hombre que experimenta una crisis existencial que crea un movimiento, y se eleva con las actuaciones dinámicas de Edward Norton y Brad Pitt como socios poco probables, y Helena Bonham Carter como la peculiar Marla Singer. La originalidad de la película, el drama a tiempo parcial, la comedia negra a tiempo parcial y sus temas de existencialismo, masculinidad y consumismo la han convertido en un clásico atemporal. Si bien la película puede parecer un poco anticuada a veces, es innegable que 'Fight Club' ha dejado una marca indeleble en el cine y la cultura pop.",8.0,2023-01-21T15:18:55Z
550,El club de la lucha,Marco-Hugo Landeta Vacas,"(CASTELLANO) Hay películas que marcan una época, que no solo cuentan una historia, sino que destapan una generación entera. Fight Club es una de ellas. David Fincher construye una bomba visual y emocional que explota contra la alienación moderna, el consumismo y la falsa identidad que creamos para sobrevivir. Es brutal, provocadora, incómoda… y absolutamente brillante.

Edward Norton encarna a la perfección al hombre sin rumbo, atrapado en una rutina vacía, hasta que aparece Tyler Durden, interpretado por un Brad Pitt en estado de gracia. Juntos encarnan esa dualidad que todos llevamos dentro: el que obedece y el que querría destruirlo todo. Lo fascinante es cómo Fincher convierte esa rabia contenida en una especie de liberación colectiva que se le va de las manos, reflejando un malestar social que sigue vigente hoy.

La puesta en escena es de una energía salvaje. El montaje, la fotografía y la voz en off te arrastran a un viaje que pasa del humor negro a la locura total. Fincher juega con la estética, con la narrativa y con el espectador, hasta ese giro final que te deja sin aliento. Y entonces suena “Where Is My Mind” de los Pixies, y todo encaja: el caos, el amor, la destrucción… y la calma después de la explosión.

Más allá de su violencia o su tono nihilista, Fight Club habla del vacío, de la necesidad de sentir algo real aunque duela. Es una crítica feroz a la apatía del hombre moderno y al sistema que lo anestesia con cosas que no necesita. Pero también es una historia sobre la identidad, sobre el miedo a ser uno mismo en un mundo que premia la obediencia.

Fincher firma aquí una de las obras más influyentes del cine contemporáneo. Una película que envejece bien porque no ofrece respuestas, solo preguntas incómodas. Fight Club no se limita a golpear: te sacude por dentro. Y cuando termina, sientes que algo dentro de ti también se ha roto, pero para bien.

(ENGLISH) There are films that define an era — movies that don’t just tell a story but expose the pulse of a generation. Fight Club is one of them. David Fincher builds a visual and emotional bomb that detonates against modern alienation, consumerism, and the false identities we create to survive. It’s brutal, provocative, uncomfortable… and absolutely brilliant.

Edward Norton perfectly embodies the lost man, trapped in an empty routine, until Tyler Durden appears — Brad Pitt at his most magnetic. Together, they personify the duality we all carry within: the obedient self and the one who longs to destroy everything. What’s fascinating is how Fincher turns that contained rage into a collective liberation that spirals out of control, mirroring a social unrest that still feels painfully current.

The direction bursts with wild energy. The editing, the visuals, the voiceover — everything drags you through a whirlwind that moves from dark humor to pure madness. Fincher plays with style, narrative, and perception, leading to that unforgettable twist that leaves you breathless. And then “Where Is My Mind” by the Pixies kicks in, and it all clicks — chaos, love, destruction, and the eerie calm that follows.

Beyond its violence or nihilism, Fight Club speaks about emptiness — the desperate need to feel something real, even if it hurts. It’s a scathing critique of modern apathy and a society that numbs us with things we don’t need. But it’s also about identity, about the fear of truly being yourself in a world that rewards conformity.

Fincher delivers one of the most influential films of modern cinema. It ages like a scar — deeper, but still raw. Fight Club doesn’t just hit; it shakes you to the core. And when it’s over, you realize something inside you has also been torn apart — but in the best possible way.",10.0,2025-10-19T20:19:47Z
872585,Oppenheimer,RichieValero,"Segunda guerra mundial, el físico Julius Robert Oppenheimer (Cillian Murphy) dentro del Proyecto Manhattan, crea ensayos nucleares para construir la bomba para EEUU. Una vez ve creada reflexiona sobre su creación y desde entonces su vida dependerá del uso de armas nucleares. 

_**NUESTRO GALACTUS**_

Wow, quién iba a decir en aquella época, los 40, que ya tendríamos creado el arma más letal y destructora cómo ha sido la bomba atómica, creada por J. Robert Oppenheimer, un físico neoyorquino de 1904 de orígen judío. No sé cómo vivió esa experiencia el ser humano pero en la sala del cine la he vivido cómo si fuera real con los temblores de las butacas. Además de que me tocó reservarlas en la 2a fila. Con los pelos de punta hasta el final.

Christopher Nolan regresa a las pantallas después de Tenet para demostrar una vez más que puede hacer lo que quiera, contándonos en este caso la biografía de Oppie (Cillian Murphy) y el monstruo que creó con el Proyecto Manhattan, lanzado en Hiroshima y Nagasaki en nombre de Harry Truman (Gary Oldman, el James Gordon de El Caballero Oscuro, obras maestras de nuestro Nolan), 33o presidente de EEUU, que acabó con la guerra en 1945. 

_**TRES HORAS, PERO NOLAN HACE QUE NO QUIERA MIRAR EL RELOJ.**_

Sonará muy típico, pero es uno de mis directores favoritos hasta el momento, aunque aún me falta mucho director por descubrir, pero me hace sentir algo diferente a los demás, es tán perfeccionista con cada segundo de la trama. Sus historias me fascinan, crea de ellas una paradoja y las vuelve lo más intimista posible. Nos hace pensar, reflexionar. Tratar temas que en nuestro día a día no cobran vida. Le puede salir mejor o peor pero su huella no desaparece y le reconocemos.

No quiero estropear la película con mis palabras. Pero cada vez que la veo me emociono más. Nolan no solo nos trae una película histórica cuyo tiempo no abruma porque está perfectamente narrada. Es una reflexión de lo más profunda sobre la moralidad de la ciencia y la condición humana añadiendo una banda sonora excelente que te hace ver las mismas visiones que tiene Robert, son increíbles. Al salir del cine guardé instantáneamente la banda sonora en mi playlist. 

Y por si fuera poco, también tenemos el lujo de presenciar actuaciones merecedoras de Oscar y merecidas de Cillian (Oppenheimer) y Robert Downey JR (Lewis Strauss), sólo estos dos pueden protagonizar a estos grandes personajes que te obligan a adentrarte en ellos entendiendo todos sus puntos débiles y fuertes, los hacen creíbles y conmovedores. Aunque los personajes femeninos no hayan tenido tanto papel en esta, tenemos a una Emily Blunt (Kitty Oppenheimer) poderosa, con unas reacciones faciales y frases fuertes, con gusto de presenciar. Lo mismo opino de la encantadora Florence Pugh (Jean Tatlock) que me ha hecho la historia más amena cuando ella aparecía. Pocos momentos pero fabulosos. 

En general, el reparto es brutal, hay intérpretes que no han tenido tanto protagonismo pero se nota que tienen que estar ahí: Rami Malek (David L. Hill), me encanta este hombre, Josh Peck (Kenneth Bainbridge), David Dastmalchian, Dane DeHaan (Kenneth Nichols). Y el gran Tom Conti interpretando al físico Albert Einstein, y muchos más. 

Más películas así necesitamos en el cine y presenciarlas con inquietud, que te lancen esas sensaciones cómo hace esta historia, que hoy en día poca gente experimenta, a veces por obligación social. Y se agradece, incluso emociona. Que bonito es el cine. Y cómo lo echo de menos cada vez que salgo de él.

_**RICARDO VALERO, JULIO 2023, ESPAÑA.**_",10.0,2023-08-05T23:10:30Z
950396,El abismo secreto,Marco-Hugo Landeta Vacas,"(CASTELLANO) A veces no sabes muy bien qué esperas de una película hasta que te sorprende mezclando géneros como si no le importara en absoluto el qué dirán. El abismo secreto entra por ahí: empieza pareciendo una de acción militar, se mete de lleno en lo fantástico, coquetea con el terror y remata con una historia de amor creíble y, en cierto modo, conmovedora. Una locura, sí… pero de las que funcionan.

La relación entre los personajes de Miles Teller y Anya Taylor-Joy es uno de los pilares que sostiene todo el desmadre. No solo tienen química; hacen que te creas la conexión incluso cuando están rodeados de criaturas salidas de un mal sueño y disparos por todas partes. Hay momentos que rozan lo ridículo, claro, pero nunca llegan a cruzar la línea. Al contrario, el humor negro, los diálogos afilados y cierta ternura inesperada ayudan a equilibrarlo.

Visualmente, es potente. Scott Derrickson sabe cómo construir atmósferas, y aquí se nota: desde el abismo inquietante que da nombre a la película hasta los tiroteos con estética de videojuego, todo tiene una energía especial. Quizá a algunos se les haga larga hacia el final, y sí, podría haberse afinado más el guion. Pero en lugar de tomarse demasiado en serio, El abismo secreto decide ser, ante todo, entretenida.

Y lo consigue. Sale airosa de esa mezcla improbable de géneros y deja una última frase que, por absurda o simbólica que sea, se te queda grabada: “Para mí, el pastel de conejo”. Pues eso.

(ENGLISH) Sometimes you don’t know what you're expecting from a movie until it surprises you by mixing genres like it couldn’t care less what anyone thinks. The Secret Abyss does just that: it starts out feeling like a military action flick, dives headfirst into fantasy, flirts with horror, and ends up telling a surprisingly believable and even touching love story. It's a bit crazy—yes—but somehow, it works.

The relationship between Miles Teller and Anya Taylor-Joy’s characters is one of the pillars holding everything together. Not only is there real chemistry between them, but you also genuinely believe their connection—even when they’re surrounded by nightmarish creatures and non-stop gunfire. Some moments come close to being ridiculous, sure, but they never cross the line. Instead, the film leans into dark humor, sharp dialogue, and an unexpected touch of tenderness to balance everything out.

Visually, it’s powerful. Scott Derrickson knows how to create atmosphere, and it shows—from the eerie gorge at the film’s center to the video game-style shootouts, everything has a distinctive energy. Some might feel it drags a little near the end, and sure, the script could’ve used a bit more polish. But rather than take itself too seriously, The Secret Abyss chooses to be, above all, entertaining.

And it pulls it off. It comes out on top of its unlikely genre mashup and leaves you with a final line that, whether absurd or symbolic, sticks with you: “For me, the rabbit pie.” Exactly.",8.0,2025-05-11T21:19:54Z
414906,The Batman,Martin Oaks,"**The Déjà vu**

El problema de _The Batman_ es que no ofrece nada nuevo. Muchas versiones cinematográficas después, esta nueva interpretación solo aprovecha el tirón del superhéroe para presentar otra vez la terrible corrupción imperante en Gotham City, y al hombre murciélago como solución de todo ese desastre. Un Bruce Wayne carente de personalidad, de semblante gris pálido y sin un ápice del glamour de antaño. Y, por supuesto, tendrá que enfrentarse al típico pirado sociópata sin matar a nadie, a base de puñetazos y piruetas (_¡Pum! ¡Zas!, ¡Cranch!_) Lo dicho, nada nuevo.",5.0,2022-12-14T08:18:51Z
1316092,“Cumbres Borrascosas”,Javi,"De pretenciosa, acaba por no entenderse. Interminables escenas que no aportan nada, estética absurda, música que no encaja con la ambientación. Intenta ""burtonizar"" una obra que va de otra cosa. El irrealismo acaba por romper el argumento de la historia y el desarrollo de los personajes. Gran reparto que acaba por diluirse entre tanta niebla.",1.0,2026-05-03T07:54:42Z
1241982,Vaiana 2,yoamoalcine,"Es divertida y encantadora como la primera, pero no propone nada tan nuevo.

Ocho años han pasado para que Disney nos brindase la segunda entrega de Moana y con esta secuela volvemos a encontrarnos con la fórmula exitosa que conquisto en 2016 al espectador y ahora en 2024 lo hará nuevamente, gracias que ocupa la fórmula efectiva que la llevo a su éxito.

Si bien en Moana 2 nos encontramos con nuevos personajes que suman gratos momentos a la historia, la fórmula de construcción sigue siendo la misma, por ende la diversión será segura para los más pequeños y también para los más grandes. Sin embargo, esa seguridad no permite que la historia y esta secuela den un paso más allá para intentar innovar en nuevas atracciones, si bien tiene una historia fresca y emotiva a su haber, también padece de un par de lagunas en el recorrido hacia su desenlace, lo que resta intenciones a una secuela que de todas maneras es encantadora.

Los personajes conocidos siguen dándonos momentos divertidos, Moana sigue siendo un gran personaje de Disney, y el estudio se sigue superando con una animación brutal, sensacional y magistral, llena de colores, texturas y luces que visualmente hacen a Moana 2 un escalón más de sutileza. En cuanto a la música y sus canciones, quizás queda bastante al debe, pero un par de canciones logran su cometido, aunque no lo suficiente para destacar de manera categórica.

En definitiva, es cine familiar de aventuras repleto de emoción y maravillas visuales que se enfoca en los más pequeños de la familia. Un lindo mensaje corre por sus venas con una trama que es más compleja y oscura, pero que posee un mensaje actual y pertinente, lo que convierte a Moana 2 en una cumplidora y correcta película que dejara contentos a la gran mayoría y a otros algo menos motivados, pero en ningún caso ofendido o molestos porque la película tiene una fórmula en que dejara a todos incluidos debido a que es una propuesta que no ofenderá a nadie, más bien hará partícipes a todos.",6.0,2024-11-30T01:32:50Z
1241982,Vaiana 2,Marco-Hugo Landeta Vacas,"(CASTELLANO) No voy a negar que Vaiana 2 se deja ver con gusto. Es entretenida, colorista y vuelve a ese universo que ya conocíamos y que, en su momento, funcionó muy bien. Pero también es una de esas secuelas que se sienten más como una prolongación automática que como una verdadera necesidad. Está bien hecha, sí, pero rara vez sorprende.

El mayor problema está en la sensación de repetición. La película avanza con corrección, encadenando situaciones que funcionan de manera aislada, pero sin una verdadera urgencia narrativa. Todo parece avanzar porque tiene que avanzar, no porque el viaje lo exija. Da la impresión de que la historia tarda demasiado en encontrar su razón de ser, y cuando lo hace, ya estamos bastante acomodados en terreno conocido.

Visualmente, no hay reproches. La animación es espectacular, el océano vuelve a ser hipnótico y el diseño del mundo sigue siendo uno de los grandes logros de Disney en los últimos años. Hay momentos que se disfrutan solo por cómo están animados, con una atención al detalle que roza lo apabullante. En ese sentido, la película cumple con creces.

Las canciones, sin embargo, no tienen el mismo peso que en la primera entrega. Acompañan, animan y mantienen el tono, pero pocas dejan huella real. Funcionan dentro de la película, pero cuesta recordarlas cuando termina. No estorban, pero tampoco elevan la experiencia.

Vaiana 2 acaba siendo una secuela correcta, amable y pensada para no molestar a nadie. Cumple con su público más fiel, especialmente el infantil, pero difícilmente dejará una marca duradera. Se disfruta mientras dura, y poco más. Cuando termina, la sensación es clara: ha estado bien… pero no era imprescindible.

(ENGLISH) I won’t deny that Moana 2 is an easy watch. It’s entertaining, colorful, and it takes us back to a world that once worked beautifully. But it also feels like one of those sequels that exists more out of momentum than real necessity. It’s well made, yes, but it rarely surprises.

The main issue is the sense of repetition. The film moves forward competently, linking together set pieces that work on their own, yet without a real narrative urgency. Things happen because they have to, not because the journey truly demands it. It often feels like the story takes too long to justify itself, and by the time it does, we’re already standing on very familiar ground.

Visually, there’s little to complain about. The animation is stunning, the ocean remains hypnotic, and the world-building is still one of Disney’s strongest achievements in recent years. Some moments are enjoyable purely for how they look, with a level of detail that’s genuinely impressive.

The songs, however, don’t carry the same weight as in the first film. They’re pleasant and keep the tone light, but few really stick. They work within the movie, yet fade quickly once it’s over.

In the end, Moana 2 is a polite, agreeable sequel designed not to offend anyone. It will satisfy its younger audience and loyal fans, but it’s unlikely to leave a lasting impression. Enjoyable while it lasts, but hardly essential.",6.0,2025-12-31T01:48:46Z
424,La lista de Schindler,Marco-Hugo Landeta Vacas,"(CASTELLANO) Hay películas que van más allá del cine, y esta es una de ellas. La lista de Schindler no solo cuenta una historia, sino que se convierte en memoria y en testimonio. Spielberg afronta el Holocausto con una sensibilidad que estremece y, al mismo tiempo, con la claridad necesaria para que su mensaje trascienda generaciones. No es simplemente una narración; es un recordatorio de lo que ocurrió y de lo que nunca debe repetirse.

El blanco y negro potencia cada imagen, devolviéndonos la dureza de una época marcada por el horror. No hay artificios innecesarios: cada plano está al servicio de la verdad histórica. El ritmo, a pesar de lo extenso del metraje, nunca decae porque lo que se cuenta pesa demasiado como para permitir distracciones. El resultado es una experiencia absorbente que se instala en la memoria del espectador.

El trío protagonista brilla con fuerza. Liam Neeson dota a Schindler de una ambigüedad fascinante, un hombre capaz de moverse entre el interés propio y la conciencia moral. Ralph Fiennes encarna con una frialdad inquietante a la monstruosidad del nazismo, y Ben Kingsley aporta humanidad y equilibrio, cerrando un triángulo actoral difícil de olvidar. Las interpretaciones sostienen la grandeza del relato y le dan la carne y hueso que el espectador necesita para comprender la magnitud de lo que presencia.

Es una película dura, sin concesiones, que no busca adornar ni suavizar la tragedia. Su grandeza está en que no ofrece un espectáculo vacío, sino un cine que respeta a las víctimas y que utiliza el arte como vehículo de memoria. Cada escena transmite un peso emocional que va más allá de la pantalla y que conecta directamente con nuestra conciencia.

El mérito de Spielberg no es solo técnico —que lo es, y en grado sobresaliente—, sino ético y humano. Su obra consigue ser a la vez universal y profundamente personal. El legado que deja esta película es inmenso: un testimonio imborrable que convierte el dolor en memoria colectiva y el cine en un acto de justicia.

La lista de Schindler no es simplemente una obra maestra; es una obligación moral para quienes amamos el cine y creemos en su poder como herramienta de memoria. Una película que duele, conmueve y enseña. Y que, sobre todo, nunca se olvida.

(ENGLISH) Some films go beyond cinema, and this is one of them. Schindler’s List does not just tell a story; it becomes memory and testimony. Spielberg approaches the Holocaust with a sensitivity that shakes you to the core and, at the same time, with the clarity needed for its message to endure through generations. It is not simply a narrative; it is a reminder of what happened and what must never be repeated.

The black and white enhances every image, confronting us with the harshness of an era marked by horror. There are no unnecessary embellishments: every frame serves historical truth. Despite its long runtime, the pacing never falters because the weight of what is being told leaves no room for distractions. The result is an absorbing experience that stays with the viewer long after the credits roll.

The leading trio is outstanding. Liam Neeson gives Schindler a fascinating ambiguity, a man caught between self-interest and moral awakening. Ralph Fiennes chillingly embodies the monstrosity of Nazism, while Ben Kingsley adds humanity and balance, closing an unforgettable acting triangle. Their performances sustain the greatness of the story, grounding it in flesh and blood so the audience can grasp its full magnitude.

This is a harsh film, with no concessions, never seeking to soften the tragedy. Its greatness lies in the fact that it avoids spectacle and instead honors the victims, using cinema as a vehicle for memory. Each scene carries an emotional weight that extends far beyond the screen and speaks directly to our conscience.

Spielberg’s achievement is not only technical—though it is masterful in that regard—but also ethical and human. The film manages to be both universal and profoundly personal. Its legacy is immense: a testimony that turns pain into collective memory and cinema into an act of justice.

Schindler’s List is not just a masterpiece; it is a moral obligation for anyone who loves cinema and believes in its power as a keeper of memory. A film that hurts, moves, teaches, and above all, never fades.",10.0,2025-09-29T02:06:31Z
939243,Sonic 3: La película,Jrloridan,"""Sonic 3: La película"" es una adición sólida a la franquicia que probablemente satisfará a los fanáticos de todas las edades. Con actuaciones destacadas y una producción de alta calidad, la película ofrece una experiencia entretenida que equilibra acción, humor y nostalgia.",4.0,2025-02-04T22:41:57Z
354912,Coco,ArgentinaTMDB,Esta película tiene un hermoso argumento y una animación asombrosa. bastante buena atención al detalle con las culturas de México y me gustan las referencias de otras películas pixar,10.0,2020-05-09T19:07:13Z
603692,John Wick 4,sebusca1210,"Muy buena película, apresar de que el 80% de la película es destruir y golpear, no se pierde la trama dándole así a cada pelea un significado",10.0,2023-06-01T14:32:27Z
933260,La sustancia,emifilm,"""LA SUSTANCIA"" me motivo a no salirme de la carrera, realmente amo esta película.",10.0,2025-01-14T06:54:37Z
933260,La sustancia,Marco-Hugo Landeta Vacas,"(CASTELLANO) Coralie Fargeat regresa con The Substance, una obra que se sumerge en el horror corporal extremo y la crítica feroz a los cánones de belleza impuestos por la sociedad. La película propone un pacto fáustico moderno, en el que una misteriosa sustancia permite a las mujeres rejuvenecer y alcanzar la perfección, pero con consecuencias aterradoras.

Desde su inicio, la película atrapa con su atmósfera inquietante y su estilización visual, con referencias claras a cineastas como Cronenberg, Lynch y Kubrick. Demi Moore ofrece una interpretación magnética, elevando el relato con una presencia imponente y una transformación física impactante. A su lado, Margaret Qualley complementa el cuadro con un papel que oscila entre la inocencia y el horror.

El filme brilla en su primera mitad, con una narrativa tensa y provocadora, que mezcla el gore con una sátira afilada sobre la obsesión por la juventud y la imagen. Sin embargo, su última parte cae en la sobrecarga, perdiendo algo del impacto inicial en un festival de excesos que, aunque visualmente potente, podría haber sido más contenido.

A pesar de sus excesos narrativos, The Substance se consolida como una película arriesgada, visceral y de gran impacto, destinada a generar debate y a ganarse un lugar en el culto del horror contemporáneo.

(ENGLISH) Coralie Fargeat returns with The Substance, a film that delves into extreme body horror while delivering a scathing critique of society’s imposed beauty standards. The story presents a modern Faustian bargain, where a mysterious substance allows women to rejuvenate and achieve perfection—but at a terrifying cost.

From the outset, the film grabs hold with its unsettling atmosphere and striking visual style, drawing clear influences from filmmakers like Cronenberg, Lynch, and Kubrick. Demi Moore delivers a commanding performance, elevating the narrative with her imposing presence and shocking transformation. Alongside her, Margaret Qualley offers a role that oscillates between innocence and horror, complementing the film’s eerie tone.

The movie shines in its first half, with a tense and provocative narrative that blends gore with sharp satire on society’s obsession with youth and physical appearance. However, the final act leans into excess, somewhat diminishing its initial impact in a spectacle of grotesque visuals that, while powerful, could have benefited from more restraint.

Despite its narrative excesses, The Substance stands out as a bold, visceral, and impactful film, sure to spark discussion and secure a place in contemporary horror cult cinema.",8.0,2025-02-06T01:11:12Z
1726,Iron Man,Pablo Iván Bonilla Ceballos,"**MCUniversidad #1**

El billonario empresario y playboy de la industria armamentista, Tony Stark es secuestrado por una organización terrorista llamada Los Diez Anillos en espacio hostil de medio oriente, durante su encierro es obligado a crear un arma para salvar su vida, pero en el transcurso cuestiona su profesión, su legado e incluso su propia filosofía.

Kevin Feige un día tuvo una reunión como la que tiene Samuel L. Jackson en la escena post-créditos con Jon Favreau en la que le dijo al director ""Vengo hablarte de la iniciativa Vengadores"". Y Favreau simplemente sonrió.

Ironman es excelente para colocar la base de lo que terminaría por construir Marvel y Disney Studios durante los 10 años que siguieron, pero también ha mejorado, así como el primer traje de Stark, el Mark I, lo que terminaría por convertirse en una idea que revolucionaría el mercado de la industria cinematográfica para bien y mal de muchas personas, simplemente vean lo que opina Scorsese de ellas.

Pero para los que no somos tan exigentes o, mejor dicho, puristas en el cine, que nos gusta dejarnos llevar por la emoción de la acción, Ironman logra con creces presentarnos a uno de los personajes más populares de la década de los 2000 y que en definitiva seguirá siendo parte de las generaciones que sigan, pues, así como yo soy amante de la primera trilogía de Star Wars, los niños del futuro verán a un joven Robert Downey Jr y dirán, qué buenos tiempos le tocaron al viejo.

Sin duda sus dos horas se pasan como agua y se disfrutan mucho más, la historia servirá para la estructura de algunas de las entregas futuras, no hay otro Tony Stark para mí que ya no sea Downey Jr y Jeff Bridges es un regalo para el mundo del cine a pesar de que su personaje villanesco caiga en clichés y en motivaciones que no puedan sustentarlo tanto como lo que representa la película para el universo de Marvel.",8.0,2020-05-11T03:41:30Z
72190,Guerra Mundial Z,Martin Oaks,"**Esta batalla está ganada**

Estupendo _thriller_ apocalíptico que en ningún momento cae en la vulgaridad típica del género.

Forster ya mostró estiló en _Quantum of Solace_, y también anteriormente, y ahora elabora una historia inverosímil pero muy bien contada, sin estridencias gratuitas ni _gags_ absurdos.

Aquí la sangre y los higadillos brillan por su ausencia en favor de una consistencia narrativa y una seriedad argumental que pocos podrían firmar en el Hollywood de hoy en día.",7.0,2022-12-25T20:39:26Z
269149,Zootrópolis,Marco-Hugo Landeta Vacas,"(CASTELLANO) Zootopia es de esas películas que funcionan a todos los niveles. Como entretenimiento puro es divertidísima, ágil y llena de detalles visuales que no se agotan en un solo visionado. Pero además tiene algo más: un discurso inteligente disfrazado de fábula colorida. Y eso, cuando lo ves con perspectiva, es lo que la eleva.

La primera vez impacta por su ritmo y por la química entre Judy Hopps y Nick Wilde. Esa estructura de “buddy movie” está perfectamente medida: choques de carácter, humor constante y una investigación que avanza con naturalidad. Los chistes funcionan tanto para niños como para adultos, y algunos gags —como la escena de los perezosos— ya son historia del cine de animación.

Visualmente es impresionante. La ciudad está construida con un nivel de detalle asombroso, cada barrio responde a una lógica climática distinta y el mundo se siente vivo. No es solo un decorado bonito; es un universo coherente. Se nota una ambición clara por crear algo más sofisticado que la típica comedia animal.

Pero lo realmente interesante es su lectura social. Bajo la superficie amable, la película habla de prejuicios, miedo colectivo y manipulación. Y lo hace sin volverse solemne. Tiene la inteligencia de plantear el problema sin aplastar al espectador con moralejas evidentes. Eso la convierte en una obra más madura de lo que aparenta.

Además, es de esas películas que se quedan asociadas a recuerdos familiares, a etapas concretas, a ese momento en que hubo que buscar el muñeco parlante de la protagonista porque la fascinación era absoluta. Y ahí es donde el cine deja de ser solo cine.

Zootopia es divertida, sofisticada y emocionalmente generosa. Disney en estado de gracia.

(ENGLISH) Zootopia is one of those films that works on every level. As pure entertainment, it is incredibly funny, fast-paced, and filled with visual details that don’t wear out after a single viewing. But it also offers something more: an intelligent message disguised as a colorful fable. And that, when seen with perspective, is what elevates it.

On first watch, what stands out is its rhythm and the chemistry between Judy Hopps and Nick Wilde. The buddy-movie structure is perfectly measured: personality clashes, constant humor, and an investigation that unfolds naturally. The jokes work for both children and adults, and some gags —like the sloth scene— are already part of animation history.

Visually, it is stunning. The city is built with astonishing attention to detail, each district follows its own climatic logic, and the world feels alive. It’s not just a pretty setting; it’s a coherent universe. There is a clear ambition to create something more sophisticated than a typical animal comedy.

What truly makes it stand out is its social reading. Beneath its friendly surface, the film speaks about prejudice, collective fear, and manipulation. And it does so without becoming solemn. It has the intelligence to raise complex issues without overwhelming the viewer with obvious moral lessons. That makes it far more mature than it initially appears.

It is also one of those films that becomes tied to family memories, to specific stages of life, to that moment when the talking toy of the protagonist had to be found because the fascination was absolute. And that is when cinema stops being just cinema.

Zootopia is funny, sophisticated, and emotionally generous. Disney at its peak.",10.0,2026-02-25T00:37:38Z
324857,Spider-Man: un nuevo universo,Antonio Alaminos-Fernández,"Miles Morales, not Peter Parker, is the lead character in the new animated film, Spider-Man: Into the Spider-Verse, the latest venture from Sony and Marvel. The movie follows Miles as he develops his spider powers and teams up with various versions of Spider-Man to take down the nefarious Kingpin and his machine. The movie offers a refreshing take on a beloved character and a unique visual style that combines traditional comic book drawings with 3D and 2D animation. The voice work from the ensemble cast is excellent and the writing is filled with humor and heart. Overall, Spider-Verse is a visually stunning and fun film that is a refreshing addition to the Spider-Man franchise.
_________________________
Miles Morales, no Peter Parker, es el personaje principal de la nueva película animada, Spider-Man: Into the Spider-Verse, la última aventura de Sony y Marvel. La película sigue a Miles mientras desarrolla sus poderes de araña y se une a varias versiones de Spider-Man para derrotar al infame Kingpin y su máquina. La película ofrece una versión refrescante de un personaje querido y un estilo visual único que combina dibujos tradicionales de cómics con animación en 3D y 2D. El trabajo de voz del elenco es excelente y la escritura está llena de humor y corazón. En general, Spider-Verse es una película visualmente impresionante y divertida que es una adición refrescante a la franquicia de Spider-Man.",9.0,2023-01-12T21:52:51Z
1087192,Cómo entrenar a tu dragón,SMasH598,"Cómo Entrenar A Tu Dragón (**How To Train Your Dragon**), para los que no conocen la historia, nos enfocaremos en un desventurado joven vikingo llamado Hipo, que aspira a cazar dragones, quien busca demostrar su valía e inventiva con algunos artilugios a su padre Estoico, quien es jefe de la aldea, sin planearlo Hipo se convertirá en el improbable amigo de un joven dragón, el temido Furia Nocturna, desafiando los cimientos de la sociedad vikinga, así aprenderá que puede haber más en estas criaturas voladoras, de lo que suponía.

Fue en el 2010 cuando conocimos la escarpada isla de Berk en la cinta animada de Dreamwoks, después de 15 años, tres películas y series animadas, Dreamwoks nos regresa a Berk en este Live Action que afortunadamente a diferencia de Disney con sus películas de Live Action que suelen quedarse estancadas por uno más cambios distintos en la historia, esta es una copia casi exacta de la versión animada, creada con amorosa fidelidad al ahora clásico animado.

La película cuida con lujo de detalle, los escenarios, vestuarios, diálogos y por supuesto los efectos especiales que nos transportan a Berk donde los vikingos y los dragones han sido enemigos acérrimos durante generaciones, por otro lado, las actuaciones de Mason Thames, Nick Frost y sobre todo Gerard Butler son de lo mejor, sin embargo, hay dos escenas que a mi parecer son importantes y las dejan muy cortas, la primera es donde Hipo está en el nido de dragones y se da cuenta de lo que pasa, la cortan mucho y la segunda cuando Chimuelo se hunde, en la película animada es más dramática.

De los puntos débiles que veo en la cinta es por ejemplo el Cast de los compañeros de Hipo, muchos se quejaron de que Nico Parker sería Astrid en la película, esto por ser de test morena, pero en ese aspecto Hollywood hizo su magia, como lo podrán ver en la cinta, por otro lado, Julian Dennison interpreta a Patapez, en el caso de Brutacio y Brutilda, ella aunque es su gemela, no tiene parecido en la cinta y Patan tiene una complexión muy diferente a la que conocemos, además, todos ellos ya tienen más de 20 años, lo cual puede ser un problema si hay secuela.

Quienes la adoraron la película en su primera versión quedarán satisfechos con el cuidado con el que está tratada; quienes no estén familiarizados con su magia quedarán cautivados como si la historia fuera completamente nueva, los mensajes de la cinta original perduran, por otro lado, para algunos los remakes live action son innecesarios y cínicos para sacar dinero (cosa que es cierta), pero al menos con esta cinta tenemos una reinterpretación cálida, entrañable y respetuosa de un cuento infantil. 

X: @SMasH_MXDF",8.0,2025-06-15T05:53:08Z
1087192,Cómo entrenar a tu dragón,Thomas Ubieda 🍿,"Un live action que sorprende por su ejecución, agregados, entretenimiento y buenas interpretaciones.

""How to Train Your Dragon"" es una adaptación formidable que sorprende a cualquier espectador por su planteamiento y manera de enfocar una historia más que increíble, destacando por un apartado visual muy atractivo y un nivel de detalle merecedor de aplausos. Sin duda alguna mucha de la esencia de la cinta animada es reflejada en esta producción de acción real. El director Dean DeBlois sabe cómo sorprender en gran manera al público, una vez más demuestra su enorme talento para grandes proyectos. Llevar esto a nivel real es un trabajo excepcional, y él sabe muy bien como lograrlo a gran escala. 

Es una película que mantiene y agrega matices para complementar la experiencia en pantalla, con la finalidad de otorgar un producto visualmente espectacular y que entretenga a la familia en general. Cada detalle tiene un cuidado muy bien ejecutado y se mantiene con el pasar de las escenas. El montaje, la puesta en escena, el vestuario, el maquillaje, el diseño de producción, la musicalización, y sobre todo lo efectos especiales están muy bien ejecutados. Es uno de los mejores live action creados últimamente. 

Dentro de las interpretaciones el reparto lo hace muy bien, si existen casos de algunos pocos convincentes, pero no le resta el mérito a una producción tan agradable como esta. Sin embargo, se debe destacar el buen desempeño que tuvo el actor Mason Thames como Hipo, es muy convincente, creíble, y adopta el rol de tal manera que sorprende. Todo su desenvolvimiento hace una conexión sustentable con la historia que ya conocemos. 

Por otro lado, tenemos a Gerard Butler que desde mi perspectiva es quien mejor lo hace en toda la película. El actor se roba la pantalla con cada escena que tiene, debido a que su personaje como Estoico es increíblemente excelente e igual que la versión animada. Las expresiones, lo movimientos corporales y esa aura que transmite es de los mejor en la cinta. También se debe agregar Nick Frost está muy bien, destacable.

El poder plasmar esa originalidad de la animación a la acción real es convincente y hago énfasis en el diseño de los dragones. Su nivel de detallado, colores, expresiones, movimientos y más complementan todo lo visto en la gran pantalla. Un gran trabajo.

Dentro de sus puntos negativos puedo mencionar que por varios momentos donde las persecuciones están en todo su esplendor, se pueden notar algunos efectos especiales un poco borrosos o con falta de renderización, haciendo mención entre el dragón y su acompañante humano, es notable aunque puede pasar desapercibido. Por otro lado, ese agregado minucioso de diversidad que se contradice con su versión animada o que hace el cambio de personajes característicos de la historia para dar otras oportunidades, pero que es evidente cuando conoces mu bien cada integrante de la película. 

Se debe mencionar también algunas interpretaciones que no convencen del todo, por ejemplo, lo de Nico Parker es debatible, ya que se siente algo plana o simplemente no conecta del todo con el personaje, al menos para mí le faltó mucho más para abarcar esa carisma esencial del personaje de Astrid. 

Y no, no es exactamente igual a la versión animada, existen sus pequeños cambios tanto en escenas agregadas, recortes y la imagen de varios personajes. También se puede hacer la interrogativa: ""¿es mejor que la versión original?"" Sinceramente, no, pero si tiene un gran mérito es sorprender y elevar una vez más a esta franquicia.",8.0,2025-07-23T16:01:50Z
283995,Guardianes de la Galaxia Vol. 2,Antonio Alaminos-Fernández,"""Guardians of the Galaxy Vol. 2"" is the sequel to the 2014 hit Marvel film, which introduced audiences to Peter Quill and his team of rogue heroes who become the self-appointed defenders of the galaxy. The film picks up with Peter's search for his missing father and how it affects his new-found family. The film opens with an energetic and comedic scene set to ELO's ""Mr Blue Sky"" similar to the first film. However, after this initial scene, the film starts to fall short. The use of music in the first film supported the story and character development, but in this sequel, it feels like it's used as filler. The sequel focuses heavily on resolving conflicts and healing the characters' pain, but in doing so it loses the tension and dynamic that made the first film so refreshing. With its reliance on nostalgia, ""Guardians of the Galaxy Vol. 2"" fails to live up to the standards set by the first film. While it may be successful at the box office, audiences may be left hoping for a more compelling story in the next installment.
______________________________
""Guardianes de la Galaxia Vol. 2"" es la secuela de la exitosa película de Marvel de 2014, que presentó al público a Peter Quill y su equipo de héroes rebeldes que se convierten en los autodenominados defensores de la galaxia. La película continúa con la búsqueda de Peter de su padre desaparecido y cómo afecta a su nueva familia. La película comienza con una escena enérgica y cómica ambientada en ""Mr Blue Sky"" de ELO, similar a la primera película. Sin embargo, tras esta escena inicial, la película empieza a quedarse corta. El uso de la música en la primera película apoyó la historia y el desarrollo de los personajes, pero en esta secuela parece que se usa como relleno. La secuela se centra en gran medida en resolver conflictos y sanar el dolor de los personajes, pero al hacerlo pierde la tensión y la dinámica que hicieron que la primera película fuera tan refrescante. Con su dependencia de la nostalgia, ""Guardianes de la Galaxia Vol. 2"" no cumple con los estándares establecidos por la primera película. Si bien puede tener éxito en la taquilla, es posible que el público se quede esperando una historia más convincente en la próxima entrega.",8.0,2023-01-17T15:02:02Z
346698,Barbie,RichieValero,"_**TAN MEDIOCRE CÓMO PERFECTA**_

No he tenido mucho roce con Barbie y esas muñecas, o esas películas, ni sabía que existían películas anteriormente y seguro que esta última no se parece en nada a ellas, tampoco he sido un gran fan de los juguetes ni figuritas ya que nunca he sabido valorarlos, me imagino que son vendidos solo por tenerlos en la estantería y todo ese rollo, hago lo mismo pero con los libros y cómics, también revistas y periódicos donde subrayo todo lo que me parece importante recordar, algunas personas les horroriza otros son igual de compulsivos en subrayar, lo mío es un promedio, me da miedo pero me siento tentado a hacerlo. En conclusión hablaré de esta decepcionante pero perfecta película sin rodeos y sin conocer al cien por cien el mundo Mattel.

Greta Gerwig, directora de películas cómo Mujercitas (2019) basada en el libro de 1868 por Louisa May Alcott, Lady Bird (2017), y muchas más, dónde ya la hemos visto tratar temas similares al de Barbie: feminismo.

Digamos que la trama de la película parecía otra muy diferente en el trailer, no suelo verlos pero en este no me pude resistir, y no me ha servido de nada, mejor dicho, la película no me ha disgustado pero me ha decepcionado. Me encantan los actores de esta historia cómo Ryan Gosling y Margot Robbie, de hecho, hacen muy buenas interpretaciones, es lo que más me ha gustado, y resalta más Ryan que Margot. También aparecen dos de la tan nombrada serie Sex Education; Emma Mackey y Ncuti Gatwa. Y que no se nos olvide a nuestro Shang-Chi (Simu Liu).

Pero si el mensaje de Greta era mostrar los dos extremos políticos; matriarcado y patriarcado, no lo ha conseguido plasmar del todo perfecto, sin embargo, la idea es buena e interesante, cómo cualquier tema sociopolítico aunque esté tan reiterado cómo muchas historias de amor y/o acción. Me sobran las escenas de Will Ferrel con los de Mattel, innecesarias y absurdas, en su línea de siempre, chillón y sobreactuado, y mejor no hablemos de los demás actores que no he nombrado, no quiero malgastar líneas. Pero no son estas las maneras para hacer un grito feminista, que incluso lo calificaría feminazi, me parece un insulto mostrar a unos Kens que ni siquiera se sabe dónde viven, tal y cómo adapta a los Kens me da la sensación de que nos está gritando de que solo por ser hombres no valemos la pena para ninguna mujer. 

Y cómo no quiero malgastar más tiempo hablando de esta mediocre película del año, dónde se nos insulta a nuestra inteligencia, y lo único que apruebo son las canciones, el momento emotivo de la Barbie estereotipo con su creadora y la inútil pero graciosa pelea entre Kens cuando Ryan nos canta I’m just Ken, . Espero que la gente se de cuenta de lo que ha visto y no caigan en la tramposa opinión social dónde sólo me fiaría de la opinión de Carlos Boyero. 

_**RICARDO VALERO, JULIO 2023, ESPAÑA.**_",4.0,2023-07-29T20:26:38Z
346698,Barbie,Aitor Gomiz Gonzalez,"La he disfrutado mucho. Es un auténtico espectáculo visual con una potente crítica social. Cada minuto en pantalla tiene un mensaje escondido, donde las actuaciones de Margot y Ryan hacen que te enganche aún más. El decorado y el poco CGI favorece mucho a la película, haciendo creer al espectador que la actriz y su mundo es realmente de plástico y frágil. La trama es divertida aunque me hubiera gustado más escenas de ellos dos en el mundo real. Considero que la película mantiene un muy buen ritmo hasta que la trama se enfoca en Ken. No obstante, al final, vuelve al mismo ritmo que al principio, realizando su mensaje final con los últimos 10 minutos de pantalla de Margot. 9/10",8.0,2023-08-14T17:43:51Z
346698,Barbie,Cipote80,"Otra película 100% de género “woke”. Otra película más basada únicamente en la ideología feminista supremacista tan de moda en estos tiempos.
Otra película más que hará las delicias de las mentes adultas más infantiles y superficiales.
Otra película más que probablemente pretende alienar a los más pequeños en lo “políticamente correcto”.
No se la recomendaría ni a mi peor enemiga.",,2023-09-13T14:58:23Z
346698,Barbie,Marco-Hugo Landeta Vacas,"(CASTELLANO) Todo parecía indicar que Barbie sería una comedia ligera, un desfile de estética kitsch y frases hechas. Pero lo cierto es que Greta Gerwig ha hecho algo bastante más interesante. La película juega a ser muchas cosas a la vez: sátira, cuento pop, musical, reflexión feminista y hasta terapia colectiva en technicolor. No siempre le sale bien, pero cuando acierta, deja huella.

Margot Robbie brilla con una mezcla de ingenuidad y conciencia, como una muñeca que empieza a hacerse preguntas incómodas sobre el mundo que la rodea. Ryan Gosling, por su parte, roba cada escena como un Ken entre el ego inflado y la ternura torpe. Ambos tienen química y saben reírse de sí mismos, lo que sostiene muchos de los momentos más locos del guion.

Lo que más sorprende es cómo la película pasa del humor absurdo al discurso profundo casi sin avisar. Hay una escena concreta —seguro que sabes cuál— que se clava por lo que dice y por cómo lo dice. Y aunque a ratos el mensaje se repite demasiado, se agradece que se atreva a hablar sin miedo, sin condescendencia y sin disfrazar su intención.

No todo funciona. Hay partes que se sienten forzadas, otras que caen en lo obvio. Pero es de esas películas que se quedan contigo, que dan pie a conversación y que no se olvidan al salir del cine. Y eso, en estos tiempos, ya es bastante.

Greta Gerwig ha jugado con fuego y, aunque no siempre controle la llama, ha conseguido que Barbie vuelva a estar en boca de todos... pero por razones muy distintas a las de siempre.

(ENGLISH) At first glance, Barbie seemed like it would be light comedy, a kitschy parade of colors and clichés. But Greta Gerwig delivers something far more interesting. The film tries to be many things at once: satire, pop fairy tale, musical, feminist reflection, even a technicolor group therapy session. It doesn’t always succeed, but when it does, it leaves a mark.

Margot Robbie shines with a mix of innocence and awareness, playing a doll who begins to ask uncomfortable questions about the world around her. Ryan Gosling, meanwhile, steals every scene as a Ken stuck between inflated ego and awkward tenderness. Their chemistry holds together even the wildest parts of the script.

What’s most surprising is how the film shifts from absurd humor to deep commentary without warning. There’s one scene—if you’ve seen it, you know—which hits hard for both what it says and how it says it. The message can feel repetitive at times, but it’s refreshing to see it spoken with courage and clarity.

Not everything works. Some parts feel forced, others too obvious. But this is the kind of movie that sticks with you, sparks conversation, and doesn’t vanish after the credits roll. And these days, that’s already a win.

Gerwig plays with fire, and though she doesn’t always control the flame, she’s made Barbie part of the cultural conversation again—for reasons very different than before.",8.0,2025-06-03T01:07:39Z
258216,Nymphomaniac. Volumen 1,Martin Oaks,"**Larsvontrimaniac. Volumen 1**

Tal y como ocurriera con _Días sin Huella_ de Billy Wilder (1945), cuando el público fue al estreno pensando que disfrutaría con una jocosa hora y media de personajes borrachos y divertidos, que nadie piense que _Nymphomaniac_ es una película erótica que despertará sus morbos o complementará sus fantasías sexuales, porque esto es un drama duro y muy real acerca de una adicción gravísima, donde la autodestrucción y el declive personal parecen no tener límites.

Es cierto que existen escenas explícitamente sexuales (por cierto, retocadas digitalmente), pero solo sirven como delicada herramienta para atestiguar con crudeza una historia que, efectivamente, se podía haber contado en mucho menos tiempo y en una sola entrega pero, ya se sabe, a Von Trier le encanta navegar por las aguas del surrealismo para encajar secuencias superfluas que den un toque más _""artístico""_ a la obra final.

Lo mejor de esta primera parte: la actuación estelar, magnífica, de Uma Thurman.",6.0,2022-12-24T23:08:35Z
875828,Peaky Blinders: El hombre inmortal,Marco-Hugo Landeta Vacas,"(CASTELLANO) Está muy bien, pero para mí no llega al nivel de la serie. Se nota que sigue teniendo casi todo lo que hacía grande a Peaky Blinders: presencia, estilo, oscuridad, tensión, diálogos con peso y ese mundo de barro, humo y pólvora que tan bien sabía construir. Pero también se nota que aquí ya no hay el mismo recorrido ni la misma sensación de crecimiento que daba la serie en sus mejores momentos.

Aun así, si te gustó Peaky Blinders, es muy difícil que esto no te guste. Funciona claramente como continuación y como despedida, más que como película completamente independiente. Tiene algo de episodio extralargo, sí, pero también tiene suficiente empaque como para sostenerse y dejar un cierre bastante digno.

Cillian Murphy sigue siendo el centro de todo. Eso no cambia. Tommy Shelby mantiene esa mezcla de cansancio, amenaza, inteligencia y tristeza que lo convirtió en un personaje enorme, y Murphy vuelve a hacerlo suyo con una facilidad insultante. Aunque el material no siempre esté a la altura de la serie, él sí lo está.

Lo que más me ha gustado es que no intenta romper del todo con lo anterior ni reinventar algo que ya tenía una identidad clarísima. Va más por la vía del epílogo emocional, del reencuentro con un universo muy reconocible y de darle a Tommy una nueva vuelta de tuerca dentro de ese tono fatalista que siempre ha acompañado a la saga.

También creo que hay bastante fan service, y que algunas cosas suenan más conocidas o más formulistas de lo ideal. Hay momentos en los que se nota que el universo está algo agotado y que quizá la serie ya había dicho casi todo lo importante. Pero incluso así, la película mantiene suficiente fuerza, atmósfera y carisma como para no sentirse innecesaria.

En conjunto, me ha parecido un cierre bueno y disfrutable. No está al nivel más alto de Peaky Blinders, pero sí conserva bastante de su esencia, y eso ya es mucho. Si entras queriendo volver a ese mundo y reencontrarte con Tommy Shelby, sales bastante satisfecho.

(ENGLISH) It’s very good, but for me it doesn’t reach the level of the series. You can still feel almost everything that made Peaky Blinders great: presence, style, darkness, tension, weighty dialogue, and that world of mud, smoke, and gunpowder it built so well. But you can also feel that this time there isn’t the same sense of journey or growth that the series had at its best.

Even so, if you liked Peaky Blinders, it’s hard not to like this. It clearly works more as a continuation and a farewell than as a completely standalone film. Yes, it sometimes feels like an extra-long episode, but it still has enough weight to stand on its own and deliver a fairly worthy ending.

Cillian Murphy remains the center of everything. That does not change. Tommy Shelby still carries that mix of exhaustion, menace, intelligence, and sadness that made him such a huge character, and Murphy slips back into him with effortless authority. Even when the material doesn’t always match the series, he absolutely does.

What I liked most is that it doesn’t try to break away from what came before or reinvent something that already had such a clear identity. It works more as an emotional epilogue, as a return to a deeply familiar world, and as one more turn for Tommy within that fatalistic tone that has always defined the saga.

I also think there is a fair amount of fan service, and some things feel more familiar and formulaic than ideal. There are moments where the universe feels slightly exhausted and where the series may already have said almost everything important. But even then, the film keeps enough force, atmosphere, and charisma not to feel unnecessary.

Overall, I found it to be a good and enjoyable ending. It is not Peaky Blinders at its very highest level, but it still preserves a lot of its essence, and that already means a lot. If you go in wanting to return to that world and meet Tommy Shelby again, you come out pretty satisfied.",8.0,2026-03-22T23:59:38Z
335984,Blade Runner 2049,bonfonter,"Video Form: https://youtu.be/tJdxmthi88E

To say that sequels are destined to be worse than the original doesn’t seem to be a fair statement, but it happens more often than not. For every Empire Strikes Back and Godfather Part 2, there are a dozen Speed 2: Cruise Controls. However, once every blue moon there comes a film, so good, so powerful that may just be at the same level or even above the original. This is The Dark Knight, Aliens, T2 and now Blade Runner 2049. Watching it reminds us why we watch movies. It takes you places, it immerses you in its atmosphere and when it’s all said and done it feels as if we’ve undergone some sort of profound experience. To expand on a story, especially a film with a solid following such as Blade Runner is no easy task. It’s definitely the road less traveled for a reason. But Denis Villeneuve and his team achieved this, as Blade Runner 2049 successfully expands on every single theme and character from the original. The same questions and ideas appear in our minds: The Struggle with one’s own humanity. What makes us human?

“You’re special”. Depending on the movie, the protagonist’s arc is one of the most important aspects in a story, if not the most important. K is a replicant from the get go, at least as far as he knows. The other cops in the Police Department don’t like him, he struggles with his identity and tries to find out who he really is. Isn’t that what we’re all looking for? He’s the character that’s down on his luck and is faced with an unexpected situation that forces him to change. This makes him extremely relatable. Besides, he’s really good at his job and it’s like we’re solving a mystery alongside him. 

Let’s take a close look at the original Blade Runner, more specifically the Final Cut of the film. It didn’t do great at the box office, but developed a following over time. A lot of people regard Blade Runner as one of the best sci-fi movies ever made. However, there seems to be quite a bit of people that dislike the movie or find it merely OK. The vast majority of the people that don’t like it, say that that the movie is either too slow or too boring. Most can’t tell the difference between the two, but it’s important to differentiate. Slow is not necessarily bad, and both Blade Runner movies benefit from this. It builds up the atmosphere and lets it sink in. Boring, however, means uneventful. It means that whatever was supposed to happen either didn’t or wasn’t executed properly. Blade Runner 2049 is slow, but never boring. The original, however, well there is an argument to be had here. Blade Runner is a movie that undeniably thrives because of its beautiful set design and atmosphere. 2019 Los Angeles  has and always will feel like a real, breathing place. It’s beautiful film noir. However, there’s no real mystery in Blade Runner, so it’s a movie where you kind of just have to enjoy the imagery and the atmosphere. Deckard in the original film isn’t really a particularly likeable or even interesting character if you take away the dream sequence. The movie’s focus is in the wrong place, because the interesting character is Roy Batty, as he’s the one with the interesting arc.

Deckard starts out and ends the movie as pretty much the same person or replicant. Is he a replicant? Ridley Scott says he is and it’s great that in 2049 they just brush over it because it’s not important to this story. Which brings us to why Blade Runner 2049 is the greatest sequel ever made. Besides thoroughly expanding on themes, characters and even going as far as topping the cinematography, set designs and score of the original, Blade Runner 2049 focuses on what it has to. It’s not concerned with setting up for a sequel or even answering questions from the original because it’s not relevant to this story. It didn’t feel like a compromised studio movie. It takes everything that worked in the original and expands upon it and discards the things that didn’t work. Blade Runner 2049 is the greatest sequel ever made because it was made by a filmmaker with a vision that clearly loves the original and had a unique story to tell. And so was Godfather Part 2 and Empire and T2, Aliens, Fury Road, Toy Story 2, The Two Towers. They are all the greatest sequel of all time. There is no one best sequel ever made. The only thing there is, is benchmarks and prime examples for new filmmakers to follow. Blade Runner 2049 is one of those examples.

Video Form: https://youtu.be/tJdxmthi88E",,2018-01-19T22:21:56Z
335984,Blade Runner 2049,George Cloney,"Plano y lento argumento, aunque técnicamente impecable. Una mayor participación de Harrison Ford hubiera incrementado el poco magnetismo que produce la película.",4.0,2018-04-07T17:24:59Z
541671,Ballerina,Marco-Hugo Landeta Vacas,"(CASTELLANO) Este spin-off del universo John Wick funciona como una prolongación natural de la saga, aunque con un aire propio gracias a la presencia magnética de Ana de Armas. La película se apoya en la misma mezcla de coreografías imposibles, violencia estilizada y escenarios cargados de atmósfera, pero lo más interesante es que abre espacio para un personaje femenino que no solo cumple, sino que deslumbra en cada secuencia de acción.

Desde el primer momento, de Armas se adueña de la pantalla. Su físico, su expresividad contenida y su capacidad para transmitir vulnerabilidad sin perder dureza hacen que el espectador conecte con ella de inmediato. El guion no inventa nada nuevo —la trama de venganza es tan directa como previsible—, pero la actriz consigue elevar incluso los momentos más rutinarios. Verla empuñar armas y lanzarse a combates coreografiados con precisión milimétrica es, sencillamente, un espectáculo.

Junto a ella, resulta un placer reencontrar a David Castaneda, que aporta frescura y química en un universo normalmente dominado por la solemnidad. La puesta en escena de Len Wiseman, aunque menos refinada que la de Chad Stahelski en la saga principal, cumple al ofrecer imágenes potentes y un ritmo que no deja respirar. Es cierto que se echan de menos la elegancia visual y la inventiva de los filmes de Keanu Reeves, pero lo que falta de estilo lo compensa con energía.

La película tiene sus puntos débiles: un villano poco memorable y un guion que a ratos parece más preocupado por encajar en el “canon Wick” que por volar solo. Sin embargo, cuando se centra en lo que sabe hacer —acción pura, creativa y brutal— la experiencia resulta tremendamente divertida.

En conjunto, Ballerina es un añadido sólido a la franquicia. No pretende reinventar la fórmula, pero sí demuestra que el universo John Wick puede expandirse más allá de su protagonista original. Con Ana de Armas como motor, la película ofrece exactamente lo que promete: un espectáculo de acción intenso, elegante a su manera y con ganas de seguir bailando en medio del caos.

(ENGLISH) This John Wick spin-off works as a natural extension of the saga, though it gains its own identity thanks to the magnetic presence of Ana de Armas. The film leans on the same mix of impossible choreography, stylized violence, and atmospheric settings, but what stands out is the space it gives a female lead who not only holds her own but shines in every action sequence.

From the very first scene, de Armas takes over the screen. Her physicality, controlled expressiveness, and ability to convey vulnerability without losing toughness make her instantly compelling. The script doesn’t reinvent the wheel —the revenge plot is straightforward and predictable— but she elevates even the most routine moments. Watching her wield weapons and dive into meticulously choreographed combat is pure spectacle.

Alongside her, it’s a pleasure to see David Castaneda again, bringing freshness and chemistry to a universe usually dominated by solemnity. Len Wiseman’s direction may lack the refinement of Chad Stahelski’s work in the main saga, but it delivers strong visuals and relentless pacing. The elegance and inventiveness of the original films are missed, yet the movie compensates with energy.

The weak points are clear: a forgettable villain and a script more concerned with fitting into the “Wick canon” than standing on its own. Still, when it focuses on what it does best —pure, creative, brutal action— the result is tremendously entertaining.

Overall, Ballerina is a solid addition to the franchise. It doesn’t aim to reinvent the formula, but it proves the John Wick universe can expand beyond its original hero. With Ana de Armas driving the film, it delivers exactly what it promises: an intense, stylish action spectacle that keeps on dancing in the middle of chaos.",8.0,2025-09-06T23:51:32Z
1078605,Weapons,Thomas Ubieda 🍿,"Una película de terror psicológico muy interesante por su planteamiento y ejecución, agregando metáforas, críticas sociales e interpretaciones formidables.

""Weapons"" es una propuesta bien elaborada, creativa y visualmente increíble por ese nivel de detalle visto en sus imágenes. Es una película que te sumerge en varias historias que tienen conexión entre sí y reflejan ese paralelismo desde la perspectiva de cada personaje, donde se abarcan diferentes contextos narrativos que poseen mensajes reflexivos, críticas sociales, simbologías y un análisis profundo. Es una entrega que agrega diferentes tonalidades o atmósferas en cada capítulo, tratando de abarcar géneros que se mezclan entre sí para tener como objetivo un resultado satisfactorio para el espectador. 

El director Zach Cregger aplica un realismo metafórico en cada escena, en cada situación o entorno visto en pantalla, donde esa crítica eleva la expectativa a medida que la película avanza. Desde un punto de vista técnico, la dirección es muy buena, por momentos se agregan pequeños planos secuencias atractivos que acompañan a ese suspenso o intriga, además, esa tonalidad variante en cada capítulo es evidente debido a esa perspectiva de cada personaje, sus motivaciones o forma de ver los sucesos en cuestión, es así como se puede observar ese cambio de iluminación en cada uno de ellos. 

Todo lo referente a la fotografía, la puesta en escena, el montaje, la partitura musical, los efectos prácticos, el maquillaje, el vestuario y el sonido me parecen bien ejecutados, cobrando muchísima relevancia con cada escena y sorprendiendo en todo momento. El guion es sustentable en gran manera, mencionando que tiene sus detalles cuestionables como algunas convencionalidades o agujeros, sin embargo, tiene un potencial excelente y mucho de ello fue plasmado. 

""Weapons"" no escapa de esos puntos negativos, se puede mencionar que por momentos tiene un ritmo lento, detalles en las acciones de los personajes que son convencionales, ligeros agujeros de guion, pocos errores de continuidad y para muchos espectadores falta de contexto. En este punto se debe recalcar que si buscas una cinta de terror al 100 %, esto no es para ti, y si eres de esos que tienen el celular en mano, muchísimo menos. 

Ahora bien, la película no es una obra maestra, pero sí es muy buena, todo ello por esa capacidad de integrar un sinfín de metáforas y/o mensajes reflexivos que cobran vida en cada escena, aportando además una crítica social contundente que incluso luego de terminar la cinta, te deja pensando. Creo que como terror psicológico sí es muy sobresaliente. 

Acá se establece una metáfora sobre como la manipulación, los traumas, el silencio y la falta de credibilidad pueden ser un arma generacional, causando daños colaterales en la sociedad y su codependencia con la seguridad. La película al estar dividida en varios capítulos, hace un reflejo metafórico sobre la culpa, la venganza, la búsqueda parental, el secuestro, la pérdida de inocencia, el cómo lidiar con la justicia en conjunto con la empatía, la infidelidad, la doble personalidad, el conformismo, el moralismo, la pérdida del control emocional, la salud mental, y el trabajo en equipo, todo ello desde un enfoque como ""Armas"" ya que el título juega con eso. Además, los puntos antes escritos están reflejados en cada uno de los personajes, es por ello que cada capítulo cobra importancia y poseen sus nombres respectivos. Es una ventana que más que buenas interpretaciones, aportan un mensaje al público. 

""Weapons"" tiene uno de los finales más controversiales o que dejan mucho en qué pensar, no obstante, hacer mención de una comida es ejemplo de los traumas causado, esos daños colaterales que sufren tanto padres como niños, donde muchos de ellos se recuperan con el pasar del tiempo y otros no. Ese énfasis en su final deja carta abierta para tener compasión y brindarle más importancia a un tema que es más común de lo que creemos. 

Aunado a ello, la película refleja muy bien esa lucha por salir del caos, de los traumas y esa oscuridad que fue implementada por una persona negativa, haciendo énfasis en el mal que habita en ellos y ese lado satánico mediante rituales, brujería, hechicería y o magia negra. La oscuridad se establece ese camino hacia la perdición y del cual muchas personas son atraídas por falta de conocimiento, confianza y manipulación. 

En temas de interpretaciones, la película brilla en este punto. Posee un reparto de alto nivel, y cada uno de ellos lo hace excelente. Lo de Julia Garner y Josh Brolin es de otro mundo, ambos poseen un desenvolvimiento creíble debido a esas expresiones y ejecuciones dependiendo de sus ideales. Alden Ehrenreich, Austin Abrams y Benedict Wong son convincentes, cumplen sus cometidos y dejan varias sorpresas. El desempeño de a actriz Amy Madigan es increíblemente bueno, tiene esa esencia misteriosa y cautivadora que puede sacarte un pensamiento contra ella, genial. 

En resumen, es una película que tiene diferentes atmósferas en sus capítulos, los cuales poseen diferentes mensajes reflexivos o metáforas que cobran vida en cada escena, todo ello desde un punto de terror acompañado de psicología.",7.0,2025-08-21T15:38:22Z
1078605,Weapons,Marco-Hugo Landeta Vacas,"(CASTELLANO) A veces ocurre que una película de la que se ha hablado demasiado acaba perdiendo el efecto sorpresa. Con Weapons me pasó justo lo contrario: después de tanto ruido mediático pensé que me iba a cansar rápido, y sin embargo me tuvo pegado a la pantalla hasta el final. No es fácil que eso me ocurra, y mucho menos con una cinta de terror que se atreve a romper esquemas.

Lo que plantea Zach Cregger es arriesgado: una idea original llevada al límite, contada en capítulos que van encajando poco a poco hasta formar un rompecabezas retorcido y absorbente. No todo el mundo disfrutará de su lado más sangriento —hay escenas gore que podrían haberse suavizado sin restar fuerza a la historia—, pero esa crudeza forma parte de la experiencia.

El reparto es otro de los puntos fuertes. Josh Brolin y Julia Garner, junto a un elenco sólido, sostienen con aplomo un relato que combina terror, drama y hasta humor negro. La mezcla puede sonar extraña, pero en pantalla funciona y mantiene una tensión que no se diluye en ningún momento.

Visualmente, la película tiene personalidad. Juega con lo macabro y lo poético, con atmósferas que parecen salidas de un cuento oscuro. La dirección sabe tensar la cuerda y soltarla en el instante justo, logrando que cada giro se sienta como un golpe inesperado.

En definitiva, Weapons es una de esas películas que marcan el año. Puede resultar excesiva para algunos, pero lo que ofrece es tan inquietante como fascinante. Un viaje incómodo, salvaje y sorprendente que confirma a Cregger como uno de los nombres más interesantes del terror actual.

(ENGLISH) Sometimes a film that gets too much hype loses its ability to surprise. With Weapons, the opposite happened: after all the buzz, I expected to be tired of it, yet it kept me glued to the screen until the very end. That doesn’t happen often, especially with a horror film that dares to break the mold.

What Zach Cregger sets up is bold: an original idea pushed to the limit, told in chapters that gradually come together like a twisted, absorbing puzzle. Not everyone will enjoy the bloodier side—there are gore scenes that could have been toned down without weakening the story—but that rawness is part of the experience.

The cast is another strength. Josh Brolin and Julia Garner, along with a solid ensemble, carry a story that blends horror, drama, and even dark humor. The mix might sound odd, but on screen it works, keeping the tension alive at all times.

Visually, the film has real personality. It plays with the macabre and the poetic, with atmospheres that feel like a dark fairytale. The direction knows when to tighten the rope and when to release it, making each twist land like a punch.

In the end, Weapons is one of this year’s standout films. It may be too much for some, but it’s as unsettling as it is fascinating. A wild, disturbing, and surprising ride that cements Cregger as one of today’s most interesting horror voices.",10.0,2025-09-12T00:40:56Z
13576,This Is It,Martin Oaks,"**MJ y el manantial del espíritu**

Es sorprendente comprobar cómo este pobre hombre, vivido de desdichas y lleno de frustraciones e inseguridades llevaba, realmente, el ritmo en la sangre.

Personalmente, antes de ver esta cinta, tenía encasillado al Rey del Pop como un simple y escuálido manojo de desequilibrios, víctima de una vida infausta llena de altibajos emocionales que, por cierto, le llevaron a los tribunales con acusaciones realmente reprobables. Y tal vez no vaya muy desencaminado en ese análisis fácil, pero he de confesar ahora mi admiración musical por una persona que también ofreció a su público lo que muy pocos son capaces de transmitir: ritmo, perseverancia, compromiso social y muchas ganas de vivir.

Este no es tal vez el documental que los fans hubieran querido ver, pero para todos los demás creo que es un claro escaparate de sus obsesiones, aquellas que lo llevaron a la muerte, pero también las que antes lo encumbraron a lo más alto.

Este espectáculo que preparaba MJ parecía único. Pero nunca lo veremos.",7.0,2022-12-25T20:19:58Z
574475,Destino final: Lazos de sangre,tmdb51217069,"Amantes del terror, prepárense, porque la saga ""Destino Final"" está de regreso con una nueva entrega que promete ser más emocionante y aterradora que nunca. **""Destino Final 6: Linajes""** se prepara para llegar a la pantalla grande en 2025, y aquí te traemos toda la información que tenemos hasta ahora. 

Zach Lipovsky y Adam Stein, conocidos por ""Ready or Not"" y ""Freaky"", serán los encargados de dirigir esta nueva entrega. El guion estará a cargo de Guy Busick y Lori Evans Taylor, quienes ya han trabajado en la franquicia anteriormente.

""Destino Final 6: Linajes"" se espera que llegue a los cines en 2025. También estará disponible en HBO Max. El rodaje ya ha comenzado, según anunció el productor Craig Perry.",,2024-06-25T08:11:40Z
574475,Destino final: Lazos de sangre,SMasH598,"**Objetos cotidianos + premoniciones = muerte asegurada.**

Destino Final Lazos De Sangre (**Final Destination Bloodlines**), El nuevo capítulo de la exitosa y sangrienta franquicia de New Line Cinema lleva al público de regreso al origen del retorcido sentido de justicia de la Muerte. Atormentada por una violenta pesadilla recurrente, la estudiante universitaria Stefanie regresa a casa en busca de respuestas, parece que ella es la única persona que podría romper el ciclo y salvar a su familia del espantoso destino que inevitablemente les espera.

La cinta comienza ambientada en los años 60 donde conoceremos a Iris y a su novio Paul Campbell, ellos van a la inauguración de ""**La Torre Skyview**"", es la noche del estreno en el lujoso restaurante de la azotea y ellos planean tener una velada romántica, Iris comienza a ponerse nerviosa mientras pasan cosas extrañas, pero intenta controlarse, como es costumbre algo catastrófico pasara para arrancar la película, esta es probablemente la secuencia más impresionante de la cinta y un buen arranque para lo que vendrá.

Parece que los directores de la película, saben a la perfección que Destino Final realmente no necesita re-inventarse, la franquicia se ha mantenido con éxito a travez de los años, nuevamente tenemos la formula donde alguien ve una premonición, intenta salvar a la gente y no le creen, hasta que poco a poco se dan cuenta que lo que dice no tiene nada de locura, es entonces cuando todos hacen hasta lo imposible por tratar de vencer a la muerte en su juego, pero si han visto las cintas anteriores saben como termina.

A pesar de lo repetitiva que es la trama, han logrado dar cierto aire de frescura, sabemos que los objetos  cotidianos en la cinta se convierten en algo aterrador, se supone que estos objetos nos facilitan la vida, pero como ha sido en los 25 años de la franquicia, los objetos cotidianos se convierten en temibles herramientas de un caos asesino, donde una serie de máquinas simples u objetos, parecen estar conectados para crear una serie compleja de acciones, para llevar a cabo una tarea que en la película siempre es mortal.

Gracias a esta sexta parte de Destino Final nos daremos cuenta que todo lo que vimos en las anteriores entregas esta conectado, esto sin duda es un caos ingenioso, en lo personal la película que mas me gusto fue la segunda parte, después de esa creo que esta le seguirá, sin embargo esta sexta entrega creo que tiene las secuencias mas brutales de toda la franquicia, esta es una franquicia de terror empapada de sangre, construida en torno al miedo universal de que se nos acaba el tiempo; sin duda vale la pena ver esta película en cartelera. 

Calificación: 9.0

X: @SMasH_MXDF",9.0,2025-05-22T05:27:31Z
574475,Destino final: Lazos de sangre,Jonathaneduardosoto,Esta bien solo que aveces no se escuchaba biensin duda la mejor película del 2025que e visto su clasificación es excelente por qué no dejaron pasar Menores por Ser clasificación c,,2025-06-20T04:41:48Z
574475,Destino final: Lazos de sangre,Marco-Hugo Landeta Vacas,"(CASTELLANO) No engaña a nadie y tampoco lo intenta. La nueva entrega de Destino final sabe perfectamente lo que es: un desfile de muertes imaginativas, con litros de sangre, algo de humor negro y personajes que existen solo para acabar en el lugar equivocado en el momento justo. Pero, dentro de esa fórmula, Lazos de sangre funciona bastante bien.

Desde el arranque, con una secuencia inicial que ya está entre las mejores de la franquicia, la película deja claro que va a por todas. Hay tensión, hay espectáculo y hay un ritmo que no decae. Los directores Adam Stein y Zach Lipovsky se toman en serio lo que hacen, aunque sepan que lo que están rodando es, en parte, una broma macabra. Y eso se nota en la precisión con la que están coreografiadas muchas de las escenas.

Uno de los aciertos de esta entrega es no tomarse demasiado en serio sin caer en la parodia. Hay guiños evidentes para los fans, detalles visuales que remiten a las anteriores películas y una sensación de que, por una vez, los personajes no están del todo al margen de lo que implica estar atrapados en esta maldición. El árbol genealógico del que parte la historia añade un matiz curioso, aunque tampoco se explota tanto como podría.

Visualmente, la cinta es muy sólida. Se nota que se ha rodado para pantallas grandes, con planos amplios, una fotografía más cuidada de lo habitual y una puesta en escena que busca el impacto sin perder claridad. Las muertes son brutales, sí, pero también creativas, con ese punto de sadismo juguetón que ha definido siempre a la saga.

¿Tiene fallos? Claro. Algunos diálogos son algo planos, los personajes no escapan de los clichés y hay momentos en los que la película coquetea con la autoparodia sin quererlo. Pero el equilibrio general entre comedia negra, sustos, tensión y gore la convierte en una entrega sorprendentemente disfrutable, incluso para quienes pensaban que esta saga ya no daba más de sí.

No reinventa nada, pero sí demuestra que, con un poco de cariño por el género, aún se pueden hacer entregas entretenidas dentro de una franquicia que parecía agotada. Si te gustaron las anteriores, aquí hay diversión asegurada. Y si nunca entraste en el juego, esta al menos te hará mirar dos veces antes de cruzar la calle.

(ENGLISH)  It doesn’t try to fool anyone—and it doesn’t have to. The new Final Destination knows exactly what it is: a parade of imaginative deaths, buckets of blood, some dark humor, and characters who exist solely to be in the wrong place at the wrong time. But within that formula, Bloodlines works surprisingly well.

Right from the start, with an opening sequence that’s already among the best in the franchise, the film makes it clear it’s going all in. There’s tension, spectacle, and a pace that rarely drops. Directors Adam Stein and Zach Lipovsky take their job seriously, even knowing they’re staging a twisted joke. And it shows in the precision of many set pieces.

One of this installment’s strengths is not taking itself too seriously, while avoiding full-on parody. There are nods for longtime fans, visual cues referencing earlier films, and a sense that—for once—the characters aren’t entirely clueless about what it means to be trapped in this curse. The family tree concept adds an intriguing layer, though it could’ve been explored more deeply.

Visually, the movie is solid. Shot with large screens in mind, it offers wide shots, more polished cinematography than usual, and staging that aims for impact without losing clarity. The kills are brutal, yes, but also creative, with that playful sadism that has always defined the franchise.

Does it have flaws? Of course. Some dialogues are flat, the characters stick to cliché roles, and the film occasionally flirts with unintentional parody. But overall, the balance between dark comedy, suspense, tension, and gore makes it a surprisingly enjoyable chapter—even for those who thought the saga had nothing left to say.

It reinvents nothing, but it does prove that with a bit of genre love, you can still make entertaining entries in a franchise that seemed spent. If you liked the previous ones, this is a safe bet. And if you never bought into the game, at least it’ll make you look twice before crossing the street.",7.0,2025-08-06T00:53:35Z
348,"Alien, el octavo pasajero",Antonio Alaminos-Fernández,"Ridley Scott's Alien, the first entry in the franchise, is a cinematic masterpiece. Scott's approach to filmmaking, with a focus on realism and a ""less is more"" attitude, has helped the film retain its impact even as technology has advanced. The Xenomorph, the film's iconic alien creature, is only present for four minutes, but its presence is felt throughout the film through its use of shadows and off-screen scares. The film began as a graduate student's project, but quickly gained traction and a larger budget after the success of George Lucas' Star Wars. The story follows the seven-member crew of the commercial spacecraft Nostromo as they investigate a transmission from a nearby moon. The film explores themes of commercialism and the value of human life. The performances from the cast, particularly Sigourney Weaver and John Hurt, are noteworthy and the film's iconic ""chestbuster"" scene remains a staple in the horror genre. The film's setting and atmosphere, from the claustrophobic interior of the Nostromo to the vast scale of the alien ship and moon, are expertly crafted and heighten the tension throughout the film. It's a blend of science fiction, horror and thriller, and a must-watch for fans of the genre.
_______________________________
Alien de Ridley Scott, la primera entrega de la franquicia, es una obra maestra cinematográfica. El enfoque de Scott para hacer cine, con un enfoque en el realismo y una actitud de ""menos es más"", ha ayudado a que la película mantenga su impacto incluso cuando la tecnología ha avanzado. El Xenomorfo, la criatura alienígena icónica de la película, solo está presente durante cuatro minutos, pero su presencia se siente a lo largo de la película a través del uso de sombras y sustos fuera de la pantalla. La película comenzó como un proyecto de estudiante de posgrado, pero rápidamente ganó fuerza y un mayor presupuesto después del éxito de Star Wars de George Lucas. La historia sigue a la tripulación de siete miembros de la nave espacial comercial Nostromo mientras investigan una transmisión de una luna cercana. La película explora temas de comercialismo y el valor de la vida humana. Las actuaciones del elenco, en particular de Sigourney Weaver y John Hurt, son dignas de mención y la icónica escena de ""romper el pecho"" de la película sigue siendo un elemento básico en el género de terror. El escenario y la atmósfera de la película, desde el claustrofóbico interior del Nostromo hasta la vasta escala de la nave alienígena y la luna, están diseñados por expertos y aumentan la tensión a lo largo de la película. Es una mezcla de ciencia ficción, terror y suspenso, y una visita obligada para los fanáticos del género.",10.0,2023-01-21T10:17:58Z
348,"Alien, el octavo pasajero",Martin Oaks,"**La pesadilla perfecta**

“Alien” es un prodigio del terror y del suspense y, sobre todo, recuerda a las últimas generaciones de espectadores de dónde nace realmente el cine moderno de ciencia ficción, pero también que Ridley Scott fue un gran cineasta que revolucionó el panorama comercial estableciendo un estándar inigualable para las películas del género. Este trabajo claustrofóbico es un viaje al corazón del miedo, donde la atmósfera asfixiante y los diseños inquietantes de H.R. Giger se combinan para crear una experiencia visceral e inolvidable.

La nave de carga Nostromo intercepta una señal extraña de socorro desde un planeta desconocido y, siguiendo el protocolo de la corporación propietaria, aterriza en él para comprobar qué está pasando allí. Lo que encuentra la tripulación es una forma de vida alienígena sin precedentes, una criatura parasitaria que se infiltra en la nave y comienza a cazar a la tripulación uno a uno.

El manejo magistral del suspense por parte de Ridley Scott es una lección sobre el ritmo narrativo de una historia, construyendo lentamente una tensión que utiliza el espacio claustrofóbico como la trampa perfecta. Los pasillos oscuros, el goteo constante de fluidos y el atronador silencio de la nave contribuyen a transmitir esa sensación de pavor que envuelve por completo. En esta primera entrega, la criatura Alien es todavía un ente que rara vez se muestra en su totalidad, lo que transmite un terror sensacional a lo desconocido.

El diseño del ser antropomorfo se ha convertido en uno de los aspectos más icónicos e imitados de la película. Su aspecto grotesco que babea una clase de ácido sulfúrico, es una visión de la pesadilla perfecta, y su evolución desde que se adosa al cuerpo humano hasta que sale de la cavidad torácica abruptamente, es un concepto tan innovador que sigue siendo perturbador a día de hoy. Es un terror visual sobrecogedor que brilla por su realismo.

La protagonista es la joven actriz Sigourney Weaver, que interpreta a Ellen Ripley, una de las heroínas más emblemáticas del cine contemporáneo. Su arrojo, ingenio y voluntad de supervivencia la convierten en un personaje paradigmático que relacionaremos para siempre con esta gran obra maestra.",9.0,2025-06-09T22:44:47Z
798645,The Running Man,Marco-Hugo Landeta Vacas,"(CASTELLANO) The Running Man arranca como una película de acción muy directa, pero lo que engancha de verdad es lo fácil que resulta creerse el mundo que plantea. No es una distopía lejana ni sofisticada: es un futuro reconocible, casi inmediato, donde las grandes corporaciones mandan, el entretenimiento lo devora todo y la violencia se vende como si fuera un evento deportivo más. Y lo hace con un ritmo tan alto que, como me pasó a mí, se te olvida el sueño.

Edgar Wright juega aquí a dos bandas. Por un lado, ofrece puro espectáculo: persecuciones, adrenalina constante, montaje afilado y una sensación de carrera contrarreloj que no afloja. Por otro, deja caer una crítica bastante clara al circo mediático, a la manipulación de la opinión pública y a cómo el sistema convierte el sufrimiento en contenido. No siempre profundiza todo lo que podría, pero tampoco se esconde.

La película funciona especialmente bien cuando se deja llevar por su lado más físico y urgente. Hay una energía constante, casi agotadora, que te mantiene dentro incluso cuando algunas ideas se quedan a medio camino. Es cierto que en ciertos momentos parece más interesada en seguir corriendo que en mirar atrás y rematar lo que plantea, pero el viaje es tan entretenido que cuesta reprochárselo.

Glen Powell sostiene el conjunto con bastante carisma. No necesita ser un héroe clásico ni un símbolo perfecto: basta con que resulte creíble dentro de ese engranaje salvaje. El reparto y el tono acompañan, y Wright demuestra que sabe moverse en el blockbuster sin perder del todo su personalidad, aunque aquí esté más contenida que en otros trabajos suyos.

Puede que no sea tan demoledora como promete su premisa, ni tan incisiva como el material original invitaba a pensar, pero como experiencia funciona de maravilla. Es de esas películas que se disfrutan mientras ocurren, que te mantienen pegado a la pantalla y que, cuando terminan, te dejan con la sensación incómoda de que no todo lo que has visto está tan lejos de hacerse realidad.

(ENGLISH) The Running Man starts as a very straightforward action film, but what really hooks you is how easy it is to believe in the world it presents. This isn’t a distant or sophisticated dystopia: it’s a recognizable, almost immediate future where big corporations rule, entertainment devours everything, and violence is sold like just another sporting event. And it does so at such a relentless pace that, as happened to me, you forget you were even tired.

Edgar Wright plays a double game here. On one hand, he delivers pure spectacle: chases, constant adrenaline, sharp editing, and a ticking-clock feeling that never lets up. On the other, he drops a fairly clear critique of media circus culture, public opinion manipulation, and how the system turns suffering into content. It doesn’t always dig as deep as it could, but it never hides what it’s pointing at.

The film works best when it leans into its most physical and urgent side. There’s a constant, almost exhausting energy that keeps you locked in, even when some ideas don’t fully land. It’s true that at times it feels more interested in keep running forward than in looking back and fully closing what it sets up, but the ride is so entertaining that it’s hard to hold that against it.

Glen Powell carries the whole thing with solid charisma. He doesn’t need to be a classic hero or a flawless symbol; he just needs to feel believable inside this brutal machine. The cast and tone support him well, and Wright proves he can handle blockbuster scale without completely losing his personality, even if it’s more restrained here than in some of his previous work.

It may not be as devastating as its premise promises, nor as incisive as the source material suggests, but as an experience it works extremely well. It’s one of those movies you enjoy while it’s happening, that keeps you glued to the screen and leaves you, when it’s over, with the uncomfortable feeling that not everything you’ve seen is that far from becoming reality.",8.0,2026-01-31T01:51:11Z
1252309,Pídeme lo que quieras,Martin Oaks,"Yo es que estoy un poco harto ya de tanta parodia erótica hetero normativa, que solo pretende saciar los sueños húmedos de su directora o productores, en detrimento de una historia que podría haber sido realmente morbosa, centrada de verdad en el deseo, la iniciación y el descubrimiento, pero que se queda estancada debido a esa idea reaccionaria y ultra conservadora del “pareja jovencita-cuarentón buenorro”, del “enseña solo lo justo para excitar a la audiencia” (no vaya a ser que ofendas a un público del siglo XXI infectado por la pandemia del porno moderno), y la estupidez incomprensible del “envuelve a los actores con sábanas cuando se levanten de la cama” (no vaya a ser que se les vea algo más de lo “debido”). Estamos donde estamos. Y es pura mediocridad. Y lo peor es que las ganas (y el atrevimiento incluso, teniendo en cuenta los tiempos que corren) de la andaluza Gabriela Andrada se antojan superfluos debido a un guión muy aburrido y salpicado con tintes dramáticos irrelevantes en el contexto de una novela erótica de la que apenas hay rastro. Siempre he dicho que deberíamos volver al cine erótico de los 70 y los 80, cuando los grandes cineastas del porno, como Chuck Vincent, Henri Pachard, Gary Graver o Radley Metzger salpicaban de sexo explícito (sexo real, joder) grandes guiones y producciones dramáticas, donde destacaban el talento y la creatividad cinematográficas con presupuestos absurdos, mientras hoy en día se gastan millones de euros en productos artísticamente fallidos.",3.0,2025-03-30T18:17:46Z
453395,Doctor Strange en el multiverso de la locura,Abejo,"La primera me gusto, hoy me puse a ver esta película, parecía empezar bien, pero pasados los primeros 30 minutos me sentí como si en algún momento me hubiera levantado para ir al baño y me hubiera perdido mas de la mitad de lo que paso, todo el tiempo haciendo referencias a otras películas y series, que sinceramente no me interesan, me parece bárbaro que quieran meter todo en un ""universo"" como lo llaman ahora, pero SON películas, y hasta donde se si uno se sienta a ver una debería tener un inicio y un fin, así como lo están planteando es una serie donde juntan todo, y si te perdés algo quedas a medio camino",1.0,2023-04-07T22:41:40Z
68721,Iron Man 3,Martin Oaks,"**El payaso de acero**

Un guión menos pretencioso que en las anteriores versiones le ha permitido a un desconocido Black trufar de _gags_ y aforismos esta cinta con ocultas pretensiones de comedia. Abarrotada de efectos especiales procedentes de la misma tecla de ordenador que todas las demás, quizás descubras ideas algo mas originales que la media.

Da la sensación de que aquí se ha divertido hasta el apuntador con las payasadas de Downey Jr. y con la jocosa interpretación de Kingsley.

Incluso el mediocre Favreau, el director de la anterior entrega, se ha guardado un papelito en Iron Man 3. Por algo es el que manda.",5.0,2022-12-26T11:42:21Z
617126,Los Cuatro Fantásticos: Primeros pasos,Thomas Ubieda 🍿,"Una película que establece buen diseño, haciéndole honor a la esencia de los personajes. Tiene momentos visualmente atractivos, teniendo en cuenta las caídas en su guion.

""The Fantastic Four: First Steps"" es una propuesta con muchos aciertos debido a ese enfoque principal sobre los cómics, regalando pequeños detalles para los verdaderos fanáticos de la familia fantástica. Además, tiene ciertos aspectos positivos que fomentan de manera visual una película entretenida, teniendo en cuenta que no es perfecta, pero sí disfrutable, incluso, cumple su tarea en ser la mejor película basada en éstos personajes. 

Es una entrega que se basa principalmente en dar un impacto visual, dependiendo de ese enfoque retro futurístico que brilla en todo momento, es un apartado que se realizó de excelente manera, además de aportar una esencia totalmente diferente a entregas pasadas tanto de los personajes como del MCU. También se puede sumar el buen desempeño que tiene gran parte de los efectos visuales, donde se puede apreciar un nivel de detalle coherente y llamativo, haciendo énfasis en secuencias llenas de energía y exploración. 

Todo lo relacionado con el vestuario, diseño de producción, y la musicalización por parte de Michael Giacchino son aspectos bien ejecutados, los cuales fomentan un apoyo enorme para la película en general, logrando un impulso notorio. También se puede sumar que tiene un ritmo eficaz, dando un inicio divertido el cual aprovecha tiempo de una historia que ya conocemos. Es una entrada para hacer un resumen de forma creativa e ir estableciendo esos lazos de conexión con el espectador. 

Ahora bien, a pesar de que la película tiene detalles cinematográficos bien logrados, tiene otros que dejan mucho de qué hablar. Comenzando por un guion que tiene sus ventajas en el inicio, pero va decayendo considerablemente con el avance de la misma, agregando convencionalidades, momentos forzados, argumentos sin lógica alguna o diálogos muy mediocres. Todo ello produce una consecuencia en hacer predecible muchas de las acciones de los personajes. Esa caída de guion le resta muchísimo a la experiencia. 

Aunado a ello, se debe mencionar esos momentos con falta de renderización con respecto al personaje de Thing, donde en muchos de ellos no concuerdan tantos sus movimientos, como personas que lo observan. Además, algunos movimientos de Reed Richards en secuencias de acción. Uno de los enfoques con más críticas es el aspecto que tiene en Franklin Richards, donde hace recordar a los bebés de ""The Flash"" o simplemente a Renesmee Carlie Cullen de ""The Twilight Saga: Breaking Dawn - Part 1"".

Los cuestionamientos, diálogos y algunas acciones de los personajes son mediocres en varios momentos, sobre todo cuando la historia requería mejor resolución ante los problemas, lo cual divide a los espectadores de manera fácil. Teniendo en contexto que para ser inteligentes se deben tener ideas más creíbles. Sin dejar de mencionar la exageración por parte de los guionistas. 

En tal sentido, las interpretaciones están decentes. Creo que Vanessa Kirby es quien tiene mejor desenvolvimiento de todo el reparto, aportando una serenidad y su esencia particular al personaje. Pedro Pascal tiene un aporte sencillo, pero no es explotado en su mejor versión. Joseph Quinn mejora a medida que avanza la película, pero pudo estar mejor. Ebon Moss-Bachrach, cumple. Por parte de Julia Garner su rol como Silver Surfer promete, está decente. 

Se debe tener en consideración la toma de esencia de la película ""Fantastic Four: Rise of the Silver Surfer"", claro está que con cambios mejores, pero sigue siendo la misma estética, haciendo referencia al conglomerado de Galactus y Silver Surfer respectivamente. Me ha gustado que se cuente la historia del heraldo, aunque sea breve. Sumándole también esa similitud con ""Interstellar"" en función de los viajes en el espacio. 

En resumen, es una película que tiene buenos momentos, secuencias atractivas, diseños imponentes y curiosidades por todos lados. Sin embargo, hay detalles cuestionables que pueden desviarte de una excelente experiencia. Todo ello dependerá de tu atención, expectativa y enfoque. Quizá una mejor resolución ante los problemas y más auge entre el villano en cuestión pudo brindar una película con mejor resultado final. Aun así, es la mejor entrega sobre la familia fantástica y se agradece el trabajo de Matt Shakman.",7.0,2025-08-09T01:03:32Z
617126,Los Cuatro Fantásticos: Primeros pasos,SMasH598,"Los 4 Fantasticos Primeros Pasos (**The Fantastic Four First Steps**), con el vibrante telón de fondo de un mundo retro-futurista inspirado en la década de 1960, LOS 4 FANTÁSTICOS: PRIMEROS PASOS presenta a la Primera Familia de Marvel, Reed Richards / Sr. Fantástico, Sue Storm / Mujer Invisible, Johnny Storm / La Antorcha Humana y Ben Grimm / La Mole, ellos enfrentarán su más grande desafío hasta el momento. Obligados a equilibrar sus roles de héroes con la fuerza de su vínculo familiar, deben defender la Tierra de un voraz dios del espacio llamado Galactus y su enigmática, Heraldo, Silver Surfer.

Tengo que decir que si tú no eres fan de Marvel o no has tenido una continuidad con sus cintas, no te preocupes no necesitas haber visto antes otras 36 películas, aquí nos encontramos en Nueva York de la Tierra 828, donde nos muestran una metrópolis inspirada en los años 60, pero con coches voladores y una elegante estética tipo Mad Men. Para nuestra sorpresa aquí, los héroes más poderosos en la Tierra, son al parecer pioneros de la era espacial, por otro lado, parece que ellos son los únicos superhéroes de la Tierra, ya que nunca se mencionan más superhéroes.

Recordemos que estos 4 fantásticos son de otro universo, por lo que sus personalidades no son tan parecidas a las que vimos en las caricaturas o en las anteriores películas, el caso que más resalta es el de Johnny Storm/Antorcha Humana, a pesar de ser testarudo, no es tan sarcástico como la Antorcha Humana de Chris Evans, al contrario, Joseph Quinn nos da un Johnny Storm más meticuloso e incluso ""**inteligente**"" cuando se pone a descifrar un lenguaje alíen, sin embargo, yo tenía mis dudas en cuando el reparto, pero las caracterizaciones están bien y dan una buena química en pantalla.

Era inevitable comparar esta película con las anteriores versiones de los 4 fantásticos, cuando la terminas de ver, el resultado sin duda es muy bueno y esta cinta se lleva por mucho a las 3 anteriores, porque no se complica tanto en explicar los poderes o canon de los superhéroes, tampoco tenemos una historia complicada o entre tejida, además de que complacen a los fans al mostrar a Galactus en una mejor versión que el de la cinta de 2007 donde era una especie de nube cósmica.

Bueno como ya dije esta versión de Los Cuatro Fantásticos, por fin le hace justicia a la Primera Familia de Marvel, claro que la película tiene detalles, como por ejemplo la falta de profundidad en personajes como la profesora con una pasión por La Mole, el Hombre Topo o incluso el androide H.E.R.B.I.E. que no causa una gran impresión, aun así vale la pena ver la cinta en cartelera, por cierto les recuerdo que hay 2 escenas post créditos, de las cuales la primera es la más importante mientras la segunda digamos que es un mero homenaje.

Calificación: **8.5**

X: @SMasH_MXDF",8.0,2025-08-20T05:08:37Z
617126,Los Cuatro Fantásticos: Primeros pasos,Marco-Hugo Landeta Vacas,"(CASTELLANO) Salí de Los 4 Fantásticos: Primeros pasos con la sensación de haber visto una promesa en tráiler alargada a dos horas. Tiene empaque: el retrofuturismo sesentero entra por los ojos, la dirección de arte está mimada y Michael Giacchino firma una partitura elegante. Pero cuando toca latir… la peli se queda fría. El guion es tan prudente que parece caminar de puntillas: plantea, insinúa, acelera y rara vez remata. Ni sorprende ni aprieta.

El reparto cumple, pero se luce poco. Pedro Pascal queda extraño como Reed, más gesto preocupado que cerebro en acción; Vanessa Kirby sostiene el drama con oficio, Ebon Moss-Bachrach aporta humanidad a Ben y Joseph Quinn pone chispa… a ratos. La amenaza cósmica impresiona en lo visual, sí, aunque dramáticamente pesa menos de lo que debería: clímax correcto y poco más.

Lo peor es el sopor que asoma en el segundo acto: escenas que se eternizan, chistes a medio gas y decisiones que buscan el aplauso fácil antes que construir tensión. Entiendo que muchos celebren el “regreso a lo básico”, pero para mí lo básico de los 4F es imaginación desatada, familia en modo ingenio y set pieces con ideas. Aquí hay envoltorio, pero falta motor.

(ENGLISH) I left Fantastic Four: First Steps with the feeling of having watched a promising trailer stretched into a two-hour film. It looks good: the sixties retro-futurism is eye-catching, the production design is polished, and Michael Giacchino delivers an elegant score. But when it comes to heart, the movie falls flat. The script is so cautious it feels like it’s tiptoeing: it sets things up, hints, speeds up, and rarely delivers. It neither surprises nor excites.

The cast does its job, but rarely shines. Pedro Pascal feels odd as Reed, more worried looks than a mind at work; Vanessa Kirby holds the drama with skill, Ebon Moss-Bachrach brings humanity to Ben, and Joseph Quinn adds some spark… occasionally. The cosmic threat is visually impressive, sure, but dramatically it weighs less than it should: the climax is serviceable, nothing more.

The worst part is the drowsiness that creeps into the second act: scenes drag, jokes fall flat, and choices chase cheap applause instead of building tension. I get why some praise this “back to basics,” but to me the essence of the Fantastic Four is unleashed imagination, family using ingenuity, and set pieces full of ideas. Here, the wrapping is there, but the engine is missing.",4.0,2025-09-24T00:34:03Z
1197137,Black Phone 2,Pedro Quintão,"Sou grande fã do The Black Phone original, e confesso que estava entusiasmado com esta continuação. O primeiro filme tinha uma identidade muito própria: era tenso, claustrofóbico e tinha aquele equilíbrio perfeito entre os elementos sobrenaturais e psicológicos. Por isso, estava curioso para ver que rumo iriam dar à história e ao vilão, o icónico Grabber.

Black Phone 2 passa-se alguns anos após os eventos do primeiro e traz de volta as personagens originais, agora a tentar lidar com as cicatrizes deixadas pelo passado. A grande diferença é que o Grabber regressa, mas desta vez, através dos pesadelos da irmã do protagonista, Gwen, numa ideia claramente inspirada em A Nightmare on Elm Street. Isto é algo que até resulta bem no início, mas rapidamente revela as suas limitações. O conceito dos pesadelos até é interessante, só que o assassino ataca apenas Gwen, a irmã do protagonista, o que reduz muito o impacto geral e a sensação de perigo perante outras personagens. E perto do final, o vilão começa a manifestar-se também no plano físico, quase como se fosse uma entidade invisível e sem grandes explicações sobre como o conseguiu fazer de um momento para o outro.

As ideias até são boas, mas a execução deixa um pouco a desejar. A partir do momento em que a história leva os protagonistas até a um acampamento religioso em busca de segredos do passado, o filme começa a “enrolar”. Não chega a ser aborrecido, mas também parece nunca avançar de forma real. Fica preso a repetições e diálogos que pouco acrescentam à tensão ou ao mistério.

E por falar em tensão… foi o que mais senti falta. O primeiro filme tinha uma atmosfera sufocante e claustrofóbica, onde temíamos pela vida do jovem Finn. Aqui, há alguns bons momentos de susto, mas nada que se aproxime da intensidade do original. Falta-lhe aquele desconforto que fazia sentirmo-nos dentro do cativeiro do Finn.

Ainda assim, há méritos. A Madeleine McGraw brilha novamente, entregando uma performance emocional e absolutamente genuína. E adorei a cinematografia das sequências de pesadelo, que foram filmadas com câmaras analógicas, o que cria uma textura visual diferente do habitual digital, original e até mesmo perturbadora.

No fim de contas, Black Phone 2 não é um desastre, mas também não justifica a sua existência. É um filme competente, com bons momentos e visuais interessantes, mas que perde o foco e a alma que tornaram o original especial. Entretém, mas deixa a sensação de que esta chamada nunca devia ter sido atendida.",6.0,2025-10-18T12:34:15Z
122917,El hobbit: La batalla de los cinco ejércitos,Antonio Alaminos-Fernández,"The final installment of Peter Jackson's Middle Earth trilogy, The Battle of the Five Armies, sets out to tie up loose ends and provide a fitting conclusion to the saga. While it doesn't quite live up to the grand finale of Return of the King, it still delivers a satisfying ending to a trilogy that had its ups and downs. The film opens with a spectacular battle between Smaug and Lake Town, with impressive special effects and visual spectacle. However, with many plot points to wrap up, the editing is tight and some scenes feel rushed. The final battle is well-choreographed and engaging, with a clear distinction between the opposing forces. Unfortunately, most of the dwarves are underdeveloped and remain largely unknown. Martin Freeman and Richard Armitage deliver strong performances, driving the film from different perspectives. Overall, The Battle of the Five Armies provides a worthy ending to the Middle Earth saga, with epic battles and compelling characters.
________________________________________
La última entrega de la trilogía de la Tierra Media de Peter Jackson, La batalla de los cinco ejércitos, se propone atar los cabos sueltos y brindar una conclusión adecuada a la saga. Si bien no está a la altura del gran final de Return of the King, aún ofrece un final satisfactorio para una trilogía que tuvo sus altibajos. La película comienza con una batalla espectacular entre Smaug y Lake Town, con impresionantes efectos especiales y espectáculo visual. Sin embargo, con muchos puntos de la trama para concluir, la edición es apretada y algunas escenas se sienten apresuradas. La batalla final está bien coreografiada y es atractiva, con una clara distinción entre las fuerzas opuestas. Desafortunadamente, la mayoría de los enanos están subdesarrollados y siguen siendo en gran parte desconocidos. Martin Freeman y Richard Armitage ofrecen sólidas interpretaciones, conduciendo la película desde diferentes perspectivas. En general, La Batalla de los Cinco Ejércitos proporciona un final digno a la saga de la Tierra Media, con batallas épicas y personajes fascinantes.",7.0,2023-01-19T09:02:06Z
122917,El hobbit: La batalla de los cinco ejércitos,Kaiji,"Malísima, la peor de la trilogía.
Está nueva saga de películas no tendría que haber sido abarcada en 3 películas, con eso se darán cuenta de por qué está es la peor, durante esta aventura vimos un alargamiento de la cinta a más no poder y en esta entrega se ve por lejos, lo que te vas a acordar de esta entrega es que dedicaron un metraje entero a casi todo acción en la última batalla, es aburridisima, no pasa nada realmente interesante, The Hobbit podria haber tenido solo 2 películas y hubiese estado perfecto pero la productora se ve que necesitaba dinero.",6.0,2024-06-24T03:44:22Z
1062722,Frankenstein,Marco-Hugo Landeta Vacas,"(CASTELLANO) Llevaba tiempo escuchando que este Frankenstein de Guillermo del Toro era un desastre, que si era demasiado grandilocuente, que si se perdía en sí misma… y al final me ha pasado justo lo contrario: me ha gustado más que la mayoría de versiones modernas. Incluso más que la de De Niro, que siempre me dejó a medio camino entre el respeto y la indiferencia. Aquí, al menos, noto vida, intención y un cariño enorme por la criatura.

Del Toro hace lo que siempre hace cuando se mete en un mito: lo desmonta y lo vuelve a montar desde el corazón. A veces se pasa de barroco, sí. A veces quiere decir tantas cosas a la vez que la película amenaza con escapársele de las manos. Pero qué quieres que te diga: prefiero esto, una obra rebosante de pasión, antes que esas adaptaciones frías que van de fieles y luego no transmiten nada. Aquí cada plano tiene un cuidado que se nota incluso cuando no estás del todo de acuerdo con las decisiones narrativas.

Lo que más me ha sorprendido es Jacob Elordi. No esperaba que funcionara tan bien como criatura, pero tiene algo magnético, una mezcla de vulnerabilidad, rabia y desconcierto que encaja perfecto con el tono de Del Toro. Es un monstruo que te mira como si pidiera perdón por existir, y eso pesa. La película casi entera gira sobre esa mirada, y por eso, cuando funciona, funciona de verdad.

La estética es marca Del Toro total: gótica, húmeda, exagerada, casi operística. Hay momentos que son pura postal, otros que rozan lo teatral, pero en conjunto crean una atmósfera que sí me ha atrapado. Quizá no tenga la precisión narrativa que algunos esperaban, pero tiene una emoción sincera que hoy en día es difícil encontrar en un blockbuster. Y eso vale.

¿Perfecta? No. ¿Irregular? A ratos, claro. Pero está viva, que es justo lo que muchas versiones contemporáneas de esta historia no pueden decir. Del Toro se deja el alma aquí, y aunque la película sea demasiado grande para controlarla por completo, es imposible no valorar ese intento brutal y honesto de devolver humanidad a un monstruo que llevamos siglos mirando sin verlo.

(ENGLISH) I’d been hearing a lot of negativity about Guillermo del Toro’s Frankenstein even before watching it, and yet it won me over more than most modern adaptations. Even more than the De Niro version, which always left me somewhere between admiration and indifference. At least here I feel something moving under the surface — intention, care, and a real affection for the creature.

Del Toro does what he always does when he touches a myth: he tears it apart and puts it back together from the heart. Sure, he gets carried away with the baroque style. And yes, sometimes the film wants to say so many things at once that it nearly slips out of his hands. But honestly, I’ll take this over those cold, supposedly “faithful” adaptations that end up lifeless. Every shot here feels crafted, even when you don’t entirely agree with the narrative choices.

The biggest surprise is Jacob Elordi. I didn’t expect him to work so well as the creature, but there’s something magnetic in the way he plays it — a mix of fragility, anger, and confusion that fits exactly with Del Toro’s tone. He’s a monster who looks at you as if apologizing for existing, and that weighs heavily. The film leans on that look, and when it works, it really works.

The aesthetic is pure Del Toro: gothic, damp, exaggerated, almost operatic. Some moments are like paintings, others feel close to theatre, but together they build an atmosphere that pulled me in. Maybe it doesn’t have the narrative precision some expected, but it does have a sincerity and emotional weight that’s rare in modern blockbusters. And that matters.

Perfect? No. Uneven? At times, absolutely. But it feels alive, which is more than many recent Frankenstein attempts can claim. Del Toro pours his soul into this, and even if the film is too big to fully control, it’s impossible not to admire such a passionate, honest attempt to give humanity back to a monster we’ve been staring at for centuries without really seeing.",7.0,2025-11-23T21:12:47Z
912649,Venom: El último baile,Marco-Hugo Landeta Vacas,"Dirigida por Kelly Marcel y protagonizada por Tom Hardy, esta tercera entrega ofrece un cierre entretenido y desenfadado a una trilogía que ha sabido mantener su carácter peculiar. Hardy vuelve a lucirse en su doble papel, encarnando con naturalidad tanto a Eddie Brock como a su irreverente compañero simbiótico, y entregando momentos de comedia y acción que son el corazón de la película.

La cinta abraza el tono ligero y caótico que ha definido la saga, encontrando el equilibrio entre el humor absurdo y las secuencias de acción espectaculares. Aunque el guion no reinventa el género, logra mantenerse fresco gracias a los diálogos chispeantes y a la química única entre los personajes principales. Kelly Marcel, quien también coescribió el guion, aprovecha las dinámicas de ""buddy movie"" para darle a la historia un toque emocional que funciona sorprendentemente bien.

Uno de los detalles destacables es su rodaje parcial en España. Con un ritmo ágil y un desenlace que mezcla humor, acción y un toque de emoción, la entrega logra ser una despedida satisfactoria para los fans del protector letal. Hardy sigue demostrando que no hay mejor intérprete para este papel, consolidando una película que, sin tomarse demasiado en serio, cumple con creces su objetivo: ser entretenida y divertida.",8.0,2024-12-17T03:34:06Z
524047,Greenland: El último refugio,Danybur,"_English Abstract 

Director Ric Roman Waugh is said to have made a film that privileges the human scale over showmanship and special effects. Is there any truth to this. But the ""human"" plot falls into a few commonplaces, in the face of a cosmic catastrophe that the US government faces with a secret plan much better planned than its policies against Covid and that constitutes one of the few original elements (and involuntarily ironic) of this film._
…………………………………………………………………………………………………………………………………………………………………………

_Abstract Español
Se dice que el director Ric Roman Waugh ha hecho una película que privilegia la escala humana por sobre la espectacularidad y los efectos especiales. Hay algo de cierto en esto. Pero la trama “humana” incurre en unos cuántos lugares comunes, frente a una catástrofe cósmica que el gobierno de EE.UU. enfrenta con un plan secreto mucho mejor planificado que sus políticas frente al Covid y que constituye uno de los pocos elementos originales (e involuntariamente irónicos) de este film._
……………………………………………………………………………………………………………………………………………
English Review

The Earth begins to be hit by a series of fragments of a strange comet on a collision course with it. The marriage of John and Allison Garrity (Gerard Butler and Morena Baccarin), who was in the process of separation and their young son Nathan must suddenly undertake an eventful journey to a safe haven.

Director Ric Roman Waugh is said to have made a film that privileges the human scale over spectacularity. There is some truth to this, as the film is not lavish in special effects, but they are elegant and effective and the crowd scenes are accomplished. In addition, it has the ability to “fragment” the threat and its effects. 
The ""human"" plot focuses on a family, unlike other catastrophe films that address a finally convergent choral structure. But he incurs in a few common places, betting on unbreakable family ties, his misunderstandings and reunions, an anticlimactic sentimentality, desperate, violent and / or miserable behaviors of the save oneself who can, enhanced by government secrecy. Many scenes (and perhaps the entire movie) could apply to any global threat. But this time one that also occurs in the heart of the Empire.
In this case, the US Government seems to have its secret anti-catastrophe plan much better planned than its policy against Covid, with an elitist and utilitarian approach that constitutes one of the few original (and unintentionally ironic) elements of the film.
--------------------------------------

Reseña Español

La Tierra comienza a recibir el impacto de una serie de fragmentos de un extraño cometa en curso de colisión con ella. El matrimonio conformado por John y Allison Garrity (Gerard Butler y Morena Baccarin), que estaba en proceso de separación y su pequeño hijo Nathan deben emprender súbitamente un accidentado viaje hacia un refugio seguro.
Se dice que el director Ric Roman Waugh ha hecho una película que privilegia la escala humana por sobre la espectacularidad. Hay algo de cierto en esto, ya que la película no es pródiga en efectos especiales, pero son elegantes y efectivos y las escenas de masas están logradas. Además, y a diferencia de Impacto profundo, tiene la habilidad de “fragmentar” la amenaza y sus efectos. 
La trama “humana” se concentra en una familia, a diferencia de otras películas catástrofe que abordan una estructura coral finalmente convergente. Pero incurre en unos cuántos lugares comunes, apostando a los inquebrantables lazos familiares, a sus desencuentros y reencuentros, a un sentimentalismo anticlimático, a los comportamientos desesperados, violentos y/o miserables del sálvese quien pueda, potenciados por el secretismo gubernamental. Muchas escenas (y acaso la película entera) podrían aplicarse a cualquier amenaza global. Pero esta vez una que también ocurre en el corazón del Imperio.
En este caso, el Gobierno de EE. UU. parece tener mucho mejor planificado su plan secreto anti catástrofe que su política frente al Covid, con un criterio elitista y utilitario que constituye uno de los pocos elementos originales (e involuntariamente irónicos) de la película.
………………………………………………………………………………………………………………………………………………….",6.0,2021-02-04T22:18:09Z
545611,Todo a la vez en todas partes,Antonio Alaminos-Fernández,"Everything Everywhere All at Once is a movie that is best experienced without knowing too much about it. In short, it follows a Chinese immigrant family dealing with tax issues and relationship problems, but it's so much more than that. The movie is a unique blend of originality, creativity, heart, and absurdity, with Michelle Yeoh's Evelyn and her daughter Joy (played by Hsu) at the center of the story. The relationship between Evelyn and Joy drives the narrative through its multiverse-spanning journey, with help from other characters like Waymond, Gong Gong, and Deirdre. Yeoh shines in her role as she portrays multiple versions of herself in an action-packed and emotionally charged performance. The movie is filled with weird and wonderful characters, situations, and lifestyles as the Daniels (the filmmakers) fully embrace the madness of the concept. Despite the absurdity, the movie never loses sight of the importance of family and provides a deep look at generational trauma, existentialism, and identity. The movie also takes the audience on an emotional journey, culminating in a tear-inducing finale. It's a truly impressive feat given the eccentric and outlandish nature of the movie, and in a time where audiences are craving originality, Everything Everywhere All at Once delivers with a fearless and nonconformist approach. It's a cinematic maverick that's bonkers, chaotic, and wild - a rare treat.
_______________________________________________________________________________________________________
Everything Everywhere All at Once es una película que se experimenta mejor sin saber demasiado al respecto. En resumen, sigue a una familia de inmigrantes chinos que se enfrenta a problemas fiscales y de pareja, pero es mucho más que eso. La película es una combinación única de originalidad, creatividad, corazón y absurdo, con Evelyn de Michelle Yeoh y su hija Joy (interpretada por Hsu) en el centro de la historia. La relación entre Evelyn y Joy impulsa la narrativa a través de su viaje que abarca varios universos, con la ayuda de otros personajes como Waymond, Gong Gong y Deirdre. Yeoh brilla en su papel al representar múltiples versiones de sí misma en una actuación llena de acción y carga emocional. La película está llena de personajes, situaciones y estilos de vida extraños y maravillosos, ya que los Daniels (los cineastas) aceptan por completo la locura del concepto. A pesar de lo absurdo, la película nunca pierde de vista la importancia de la familia y ofrece una mirada profunda al trauma generacional, el existencialismo y la identidad. La película también lleva a la audiencia a un viaje emocional, que culmina en un final que provoca lágrimas. Es una hazaña realmente impresionante dada la naturaleza excéntrica y extravagante de la película, y en un momento en que el público anhela la originalidad, Everything Everywhere All at Once ofrece un enfoque intrépido e inconformista. Es un inconformista cinematográfico que es loco, caótico y salvaje, un placer raro.",10.0,2023-01-22T22:10:02Z
866398,Beekeeper: El protector,SMasH598,"Beekeeper Sentencia de Muerte (**The Beekeeper**), nos trae la historia de Adam Clay un Beekeeper retirado que se dedica a la apicultura en una pequeña granja. Pero cuando a su vecina le roban todo su dinero en un timo telefónico y luego se suicida, sus abejas tienen que pasar a un segundo plano y la venganza se convierte en su único objetivo, tras descubrir una conspiración en los niveles más altos del gobierno, comenzara una brutal campaña de venganza contra quienes sean los responsables.

La película comienza con Adam Clay cuidando de sus abejas y agradeciéndole a su vecina Eloise todas las atenciones que ha tenido hacia él, después vemos a Eloise en su computadora con algunos problemas, al marcar a un numero que aparece y seguir las instrucciones Eloise es estafada perdiendo grandes cantidades de dinero, mas tarde Clay encuentra a Eloise sin vida, ante tal situación Adam saldrá de su retiro decidido a corregir lo que esta mal en el sistema y cobrar venganza.

**Jason Statham está de vuelta**

Esta cinta tiene una historia que podríamos decir básica de las películas de acción, el agente activo o retirado, se ve obligado a volver a la acción después de un incidente horrible que involucra a un amigo, un pariente, un ser querido o una combinación de todo lo anterior, pero debemos decir que a pesar de ser así el director David Ayer hace muy entretenida esta cinta de acción mostrando a Jason Statham como una fuerza imparable de justicia, que perteneció a un programa especial fuera de toda cadena de mando.

**Venganza y Abejas**

Jason Statham nos entrega una pelicula entretenida, él realmente no sale del papel de siempre, aunque aquí podríamos compararlo con un Terminator, este ser imparable con el único propósito de vengarse donde el fin justifica los medios, pero este Terminator tiene varios diálogos tontos alusivos a las abejas, diálogos en forma de acción como «Abejar o no abejar, esa es la maldita cuestión» (To bee or not to bee, that is the bloody question), aunque como vi la cinta en ingles, no se si cambiaron el chiste por otro en el idioma latino.

De lo mas destacable en la pelicula son las coreografías de peleas, la fotografía implacable que tiene la cinta y su mezcla de sonido para envolverte como debe de hacer una pelicula de acción, si a la cinta le va bien en cartelera seguramente tendremos una segunda pelicula y por que no tal vez una tercera, cuando se trata de impartir justicia en un thriller de acción Jason Statham sabe lo que hace, y si se preguntan, ¿vale la pena verla en cartelera? – la respuesta es SI (por increíble que parezca), al menos contra lo que esta exhibición.

Calificación: **8.0**

**Nota por @SMasH_MXDF**",7.0,2024-01-14T06:12:37Z
1891,El imperio contraataca,Antonio Alaminos-Fernández,"The Empire Strikes Back, the sequel to the blockbuster hit Star Wars (later known as A New Hope), was a cinematic masterpiece that improved upon its predecessor in every way. The film enlisted the talents of Lawrence Kasdan, Leigh Brackett, Gary Kurtz, and Irvin Kershner to write, produce, and direct, and George Lucas to guide them with his vision. The cast, including Mark Hamill, Harrison Ford, and Carrie Fisher, have all grown in their performances, especially Hamill who looks confident and in control. The film also introduces the character of Lando Calrissian, played by Billy Dee Williams, who brings charm and swagger to the role. The special effects were also ramped up, showcasing the AT-AT walkers, flying ships, and levitating X-Wing, as well as the groundbreaking use of puppetry to bring Yoda to life. The film's darker tone, with a focus on the struggles of the Rebellion against the Empire, and the major plot twist, added depth to the story and made it stand out. The character development, especially for Han Solo, Princess Leia, and Lando Calrissian, was well done, and the score by John Williams was majestic as always. Overall, The Empire Strikes Back is a cinematic triumph that elevated the Star Wars saga to new heights.
___________________________________
The Empire Strikes Back, la secuela del éxito de taquilla Star Wars (más tarde conocido como A New Hope), fue una obra maestra cinematográfica que mejoró a su predecesora en todos los sentidos. La película reclutó los talentos de Lawrence Kasdan, Leigh Brackett, Gary Kurtz e Irvin Kershner para escribir, producir y dirigir, y George Lucas para guiarlos con su visión. El elenco, que incluye a Mark Hamill, Harrison Ford y Carrie Fisher, ha crecido en sus actuaciones, especialmente Hamill, que parece confiado y en control. La película también presenta al personaje de Lando Calrissian, interpretado por Billy Dee Williams, quien aporta encanto y arrogancia al papel. Los efectos especiales también aumentaron, mostrando los caminantes AT-AT, las naves voladoras y el X-Wing levitando, así como el innovador uso de los títeres para dar vida a Yoda. El tono más oscuro de la película, con un enfoque en las luchas de la Rebelión contra el Imperio, y el giro principal de la trama, agregaron profundidad a la historia y la hicieron destacar. El desarrollo del personaje, especialmente el de Han Solo, la Princesa Leia y Lando Calrissian, estuvo bien hecho, y la partitura de John Williams fue majestuosa como siempre. En general, The Empire Strikes Back es un triunfo cinematográfico que elevó la saga Star Wars a nuevas alturas.",8.0,2023-01-12T21:34:27Z
1891,El imperio contraataca,Marco-Hugo Landeta Vacas,"En esta obra maestra del cine de ciencia ficción, el conflicto entre el bien y el mal alcanza una profundidad y madurez narrativa rara vez vista en el género. La película nos sumerge en un viaje emocional intenso, donde los héroes, como Luke Skywalker, Leia Organa y Han Solo, enfrentan derrotas devastadoras y traiciones dolorosas. La atmósfera oscura y pesimista se ve realzada por una de las bandas sonoras más memorables y emblemáticas de la historia del cine, que acompaña cada giro de la trama con maestría.

La historia comienza con un espectáculo visual asombroso: la batalla en Hoth, un paisaje helado que combina tensión, estrategia y acción a gran escala, con la inolvidable presencia de los imponentes AT-AT del Imperio. Este inicio no solo establece el tono épico de la película, sino que marca un contraste con el desarrollo más íntimo que sigue.

El arco de Luke Skywalker, guiado por Yoda, un maestro lleno de sabiduría en el aislado y místico planeta Dagobah, aporta un toque espiritual y reflexivo. Aunque este segmento puede percibirse como más pausado en comparación con el resto del filme, proporciona una evolución esencial en la narrativa y en el desarrollo del personaje.

Darth Vader brilla con una intensidad magnética, consolidándose como uno de los villanos más icónicos del cine. Su poder, presencia y la revelación de que es el padre de Luke elevan la trama a niveles inolvidables, dejando al espectador con una sensación de asombro y fascinación.

Los momentos finales, marcados por la traición de Lando Calrissian a Han Solo y el destino desgarrador de este último, que termina congelado en carbonita, dejan al público en un estado de conmoción y expectación. Es una película que combina espectáculo visual, narración profunda y personajes memorables, consolidando su lugar como un referente intemporal en el cine.",10.0,2024-12-13T00:07:12Z
207,El club de los poetas muertos,Marco-Hugo Landeta Vacas,"(CASTELLANO) Hay películas que cambian cuando cambias tú. Dead Poets Society es una de esas. Vista hoy, años después, ya no se siente solo como una historia sobre un profesor inspirador, sino como algo más triste, más frágil. La primera vez quizá impacta por el discurso; la segunda vez pesa más el silencio que queda después.

La estructura es clara, incluso previsible en algunos tramos, pero eso no le resta fuerza. Peter Weir no intenta disfrazar el melodrama, lo abraza. La película habla de libertad, sí, pero también del miedo a ejercerla. De lo difícil que es salirse del guion que otros han escrito para ti. Y esa tensión, aunque esté subrayada, sigue funcionando.

Robin Williams sostiene el conjunto con una interpretación contenida, menos excesiva de lo que a veces se recuerda. No convierte a Keating en un héroe caricaturesco; lo mantiene humano, imperfecto, casi vulnerable. A su alrededor, los jóvenes actores aportan una energía que equilibra el discurso adulto. Hay algo muy honesto en cómo la película muestra esa edad en la que todo parece definitivo.

Es cierto que el guion no siempre es sutil y que algunas escenas buscan la emoción de forma bastante directa. Pero, curiosamente, eso no la debilita tanto como podría. Hay momentos que siguen golpeando con la misma intensidad, quizá porque conectan con algo muy simple: la necesidad de encontrar una voz propia.

El club de los poetas muertos no es una obra maestra incontestable ni una película perfecta. Tiene costuras visibles y decisiones discutibles. Pero sigue siendo una historia poderosa sobre la libertad individual y sus consecuencias. Esta segunda vez no me ha parecido ingenua; me ha parecido más triste. Y quizá por eso, más valiosa.

(ENGLISH) Some films change as you change. Dead Poets Society is one of them. Watching it now, years later, it no longer feels like just a story about an inspiring teacher, but something sadder, more fragile. The first time, it might hit because of its message; the second time, what lingers more is the silence that follows.

The structure is clear, even predictable at times, yet that doesn’t strip it of power. Peter Weir doesn’t try to disguise the melodrama; he embraces it. The film speaks about freedom, yes, but also about the fear of actually exercising it. About how difficult it is to step outside the script others have written for you. That tension, even when underlined, still works.

Robin Williams carries the film with a restrained performance, less excessive than memory sometimes suggests. He doesn’t turn Keating into a caricatured hero; he keeps him human, imperfect, almost vulnerable. Around him, the young actors bring an energy that balances the adult perspective. There’s something very honest in how the film portrays that age when everything feels final.

It’s true the script isn’t always subtle and that some scenes aim directly for emotion. But, surprisingly, that doesn’t weaken it as much as it could. Certain moments still hit with the same intensity, perhaps because they tap into something simple: the need to find your own voice.

Dead Poets Society isn’t an unquestionable masterpiece or a flawless film. Its seams are visible, and some choices can be debated. But it remains a powerful story about individual freedom and its consequences. This second viewing didn’t feel naive; it felt sadder. And maybe, because of that, more meaningful.",8.0,2026-02-21T00:41:31Z
552524,Lilo y Stitch,Iván Arturo Ramírez Royero,"Ok, quitaron a Gantu, disminuyeron el papel de Cobra Bubbles, hicieron a Jumba el villano principal a falta de Gantu, Nani se va y deja a Lilo para estudiar biología marina, quitaron el mensaje del patito feo... Disney, ¿estás bien?",5.0,2025-05-26T04:51:29Z
552524,Lilo y Stitch,Gexedd,"Una adaptación mágica que captura el corazón

Me encantó esta versión live-action de Lilo & Stitch. Maia Kealoha es una Lilo perfecta y Zach Galifianakis da vida a Stitch con una voz inolvidable. La química entre ellos es mágica y me hizo emocionar en varias escenas. Una película familiar que vale la pena ver con tus seres queridos.",8.0,2025-05-28T02:54:53Z
552524,Lilo y Stitch,Marco-Hugo Landeta Vacas,"(CASTELLANO) No puedo ser objetivo del todo con esta película. En mi casa Stitch lleva años ocupando estanterías, cojines y hasta tazas, porque es el personaje favorito de mi hija. Así que quererlo viene de serie. Por eso, cuando Disney anunció el remake en acción real, lo recibí con cierto miedo: otras adaptaciones de dibujos a carne y hueso no me habían convencido demasiado. Sin embargo, esta nueva versión me ha sorprendido gratamente.

La película respeta el espíritu del original de 2002, recuperando esa mezcla de ternura y caos que convirtió a Stitch en un icono. Lo mejor es que consigue recrear la esencia sin perder la chispa, y aunque algunos cambios pueden discutirse, en general logran reforzar la historia en lugar de debilitarla. Se nota un esfuerzo por equilibrar lo emotivo con lo divertido, y eso marca la diferencia frente a otros remakes más fríos o rutinarios.

El apartado visual está muy cuidado: Stitch en CGI tiene vida propia, es expresivo y mantiene ese punto gamberro que tanto gusta a los niños. La ambientación y los efectos no buscan deslumbrar por exceso, sino acompañar a la narración, y esa moderación juega a favor de la película. No es un despliegue técnico vacío, sino una herramienta al servicio de los personajes.

Lo más importante es que la historia sobre la familia sigue intacta. Ese mensaje de “ohana significa familia” continúa funcionando, quizá incluso con más fuerza en estos tiempos. Aquí es donde la película conecta tanto con los pequeños, que ven en Stitch a un amigo entrañable, como con los adultos, que pueden sentirse reflejados en las emociones de Lilo y Nani. Es una historia sencilla, pero que sigue tocando fibras sensibles.

Como todo remake, arrastra la inevitable comparación con el original. Y sí, tal vez pierda parte de la magia irrepetible de la animación. Pero esta versión consigue algo difícil: ser fiel y, al mismo tiempo, lo bastante fresca como para justificarse. Puede que no convenza a los más puristas, pero sí logra entretener, emocionar y mantener vivo a un personaje que sigue robando corazones.

En definitiva, es de esos remakes que uno agradece. No porque reinvente nada, sino porque recuerda que, a veces, basta con volver a contar bien una buena historia para que funcione de nuevo. Y si en casa ya tenías a Stitch en peluches y camisetas, esta película no hace más que reforzar ese cariño.

(ENGLISH) I can’t really be objective with this film. At home, Stitch has been everywhere for years: on shelves, cushions, and even mugs, because he’s my daughter’s favorite Disney character. So loving him comes naturally. That’s why, when Disney announced the live-action remake, I felt a bit of fear: other animated-to-live-action adaptations hadn’t worked so well for me. However, this new version has pleasantly surprised me.

The movie respects the spirit of the 2002 original, recovering that mix of tenderness and chaos that made Stitch an icon. The best part is how it manages to recreate the essence without losing its spark, and although some changes can be debated, overall they reinforce the story rather than weaken it. There’s a clear effort to balance emotion with fun, and that makes a big difference compared to other colder or more routine remakes.

Visually, it’s very well crafted: CGI Stitch feels alive, expressive, and keeps that mischievous edge kids adore. The setting and effects don’t try to dazzle with excess, but instead serve the story, and that restraint works in the film’s favor. It’s not a technical showcase for its own sake, but a tool that enhances the characters.

Most importantly, the story about family remains intact. The message that “ohana means family” still works, maybe even more strongly today. It connects with kids, who see Stitch as a lovable friend, and with adults, who can relate to the emotions of Lilo and Nani. It’s a simple story, but one that continues to strike a chord.

Like any remake, it inevitably faces comparison with the original. And yes, maybe it loses some of the unique magic of animation. But this version achieves something difficult: being faithful while fresh enough to justify itself. It may not win over purists, but it entertains, moves, and keeps alive a character that still wins hearts.

In the end, it’s the kind of remake you’re glad to have. Not because it reinvents anything, but because it proves that sometimes, telling a good story well again is enough. And if Stitch was already living in your home in plushies and T-shirts, this film only makes that bond stronger.",9.0,2025-08-19T02:23:20Z
823464,Godzilla y Kong: El nuevo imperio,Jhon Carpi,"#VistoEn2024 #GodzillaxKongTheNewEmpire Otra entrega más del #Monsterverse y... que queréis. Si vas a ver esta película no puedes esperar un guion reflexivo, esperamos ver hostias y kaijus dándoselas y... esta entrega lo da.

Es de las primeras de este universo donde los humanos están bien incluidos y no son un lastre para el film, sino que ayudan a la trama y forma un buen equilibrio y unión. La trama se divide en tres partes. Una parte dedicada a Kong que es el grueso del film, viviendo en la tierra hueca, buscando semejantes, y encontrando al villano. Otra trama para Godzilla, enfrentando a otros Titanes por el planeta y contándonos como obtiene su nuevo poder, y finalmente una tercera trama con los humanos, buscando en la tierra hueca una señal extraña.

Todas estas tramas se unen hacia el final de la película de una forma excelente, guardándose alguna sorpresa bajo la manga. La acción está muy bien, visualmente por momentos luce exagerada, cansa, pero igualmente es muy disfrutable y todas las peleas entre kaijus son imponentes y geniales. Los kaiju o titanes son bastante expresivos, y sobrellevan genial las escenas en la que solo participa Kong, en una mezcla de King Kong x El Planeta de los Simios.

Una buena historia central interesante, y un final que aparenta cerrado, pero veremos si continúan. En general, la he disfrutado mucho, entra en la sala y pon la mente en blanco y déjate llevar por lo que cuenta, y las peleas.

NOTA: ★★★★ (7/10)",,2024-03-28T14:58:39Z
1054867,Una batalla tras otra,Marco-Hugo Landeta Vacas,"(CASTELLANO) Una batalla tras otra es exactamente eso: un no parar. A los diez minutos ya sabes que aquí no va a haber respiro, ni escenas de relleno, ni discursos solemnes para explicarte nada. Es ruido, tensión, humo, persecuciones, gritos, decisiones mal tomadas… y tú en medio, con el corazón acelerado. Hay películas largas que agotan; esta, siendo igual de larga, te deja más bien aturdido, como cuando sales de un concierto demasiado cerca de los altavoces.

Leonardo DiCaprio está en modo torpón total, y me encanta que le dejen ser así. Es un protagonista que se equivoca, duda, se tropieza, se deja arrastrar, y eso lo hace mucho más humano que otros héroes de acción “perfectos”. Sean Penn, en cambio, es directamente odioso. No solo como personaje: cada vez que aparece en pantalla sube el nivel de rabia. De esos tipos que con dos frases ya quieres que alguien le pare los pies, y aun así no puedes dejar de mirarle. PTA sabe muy bien cómo exprimir esa energía.

Y luego está Chase Infinity, que es un robo de planos constante. Cada vez que sale, la película se recoloca alrededor de ella. Tiene presencia, tiene mirada, tiene mala leche cuando toca y fragilidad cuando hace falta. Se nota que hay futuro ahí, mucho. Sin necesidad de grandes discursos ni escenas “para el Oscar”: simplemente está, y llena la pantalla. Es de esos descubrimientos que apuntas mentalmente porque sabes que la vas a volver a ver en cosas importantes.

Visualmente es una locura bien controlada. Anderson juega con el formato grande, con la música, con el sonido y con el montaje como si todo fuera un instrumento más. Hay momentos en los que la película parece desbordarse, como si se le fuera de las manos, pero siempre encuentra una forma de reconducir el caos y convertirlo en algo muy físico: notas el cansancio, la violencia, la paranoia, incluso cuando no entiendes del todo todos los movimientos políticos de fondo. Y sinceramente, no hace falta entenderlo todo para sentirlo.

¿Tiene excesos? Claro. A veces parece que quiere decir mil cosas a la vez y se emborracha un poco de su propia intensidad. Pero, al menos para mí, el balance cae claramente del lado bueno: es de esas pelis que se viven más que se analizan. Sales del cine con las piernas medio flojas, enfadado con el mundo, con un par de imágenes clavadas y con la sensación de haber visto algo grande, imperfecto, pero muy vivo. 

Y en medio de todo ese caos, siempre queda ese amor frágil, testarudo, que une a un padre y a su hija.

(ENGLISH) One Battle After Another is exactly that: it never stops. Ten minutes in and you already know there’s no room to breathe, no filler scenes, no solemn speeches trying to explain the world. It’s noise, tension, smoke, chases, shouting, bad decisions… and you stuck right in the middle with your heart racing. There are long movies that drain you; this one is long too, but it leaves you dazed, like stepping out of a concert after standing way too close to the speakers.

Leonardo DiCaprio plays this perfectly clumsy guy, and I love that they let him be that messy. A lead who hesitates, trips over himself, gets dragged around — and suddenly feels more human than a lot of “perfect” action heroes. Sean Penn, on the other hand, is just unbearable. Not only the character: every time he appears the whole film gets angrier. He’s one of those types you want someone to shut down with just two lines, and still you can’t take your eyes off him. PTA knows exactly how to squeeze that energy.

And then there’s Chase Infinity, stealing every frame without even trying. When she shows up, everything shifts around her. She’s got presence, she’s got that sharp edge when she needs it and real softness when it hits. You can see the future right there — a lot of it. No melodramatic monologues, no “Oscar moment” scenes. She just exists on screen, and that’s enough. One of those discoveries you mentally bookmark because you know she’s coming back in bigger things.

Visually, the whole thing is a controlled madness. Anderson uses the big format, the music, the sound, the editing — everything — like instruments in the same track. Sometimes the film feels like it’s about to spill over, almost out of control, but he somehow bends the chaos into something physical. You feel the exhaustion, the violence, the paranoia, even when the political layers slide past you. Honestly, you don’t need to understand everything to feel it.

Does it go overboard? Of course. Sometimes it wants to say a thousand things at once and gets drunk on its own intensity. But for me the balance is clear: it’s a film you experience more than you analyze. You leave the cinema on shaky legs, annoyed with the world, with a couple of images burned into your head, and with that feeling that you’ve just seen something big, messy, but very much alive.
And running under all that chaos, that fragile, stubborn love between father and daughter.",9.0,2025-11-17T02:09:35Z
1054867,Una batalla tras otra,silviabe,"Buena ultima aventura de Paul Thomas Anderson. pelicula con movimiento desde el principio, buen elenco, Leonardo di Caprio haciendo de padre, Benicio del Toto en su linea y brillante Sean Penn. Hay que verla",,2026-02-01T15:10:44Z
402431,Wicked,Marco-Hugo Landeta Vacas,"(CASTELLANO) Yo no soy de musicales. Nunca lo he sido. Me cuesta entrar en ese pacto raro de “ahora canto porque sí”, y muchas veces me saca de la película en vez de meterme más dentro. Con Wicked: Parte I me pasó lo contrario de lo que esperaba: empecé con los brazos cruzados… y terminé bastante metido en el viaje.

Lo primero: está hecha con un mimo enorme. El mundo de Oz tiene textura, escala, y una dirección artística que se nota pensada, no improvisada. Hay planos y decorados que te dan ganas de pausar solo para mirar detalles. Y cuando la película se pone épica, lo hace sin vergüenza, como si dijera: “sí, esto es grande, y qué”.

El gran motivo por el que funciona, para mí, son las dos protagonistas. No hace falta que te encanten los musicales para notar que aquí hay presencia, química y una energía muy distinta entre ellas que se va tensando y cambiando. Además, la historia tiene ese punto de fábula política (sin dar lecciones con un megáfono) que la hace más interesante que el típico “origen de villana” de trámite.

¿Pegas? Es larga, y se nota que es “parte I”. Hay momentos donde el ritmo se estira un poco, como si la película estuviera preparando piezas para el siguiente movimiento. Y algún tramo visual puede sentirse demasiado digital, demasiado limpio, como si todo estuviera iluminado para lucir bonito en vez de para crear atmósfera.

Aun así, me sorprendió. No me convirtió en fan de los musicales, pero sí me recordó que, cuando hay ideas, una puesta en escena potente y voces que te sostienen la historia, hasta alguien como yo puede rendirse. Y sí: ahora necesito ver la segunda.

(ENGLISH) I’m not a musical person. Never have been. That whole “now we sing because… why not?” pact usually pulls me out of the story instead of drawing me in. With Wicked: Part I, something unexpected happened: I went in with my arms crossed… and ended up genuinely on board.

First of all, it’s made with real care. Oz has texture, scale, and an art direction that feels designed rather than thrown together. There are shots and sets that make you want to pause just to catch the details. And when the film goes big, it goes big with zero embarrassment — like it’s saying, “yes, this is grand, and that’s the point.”

What really makes it work, though, is the central duo. Even if you don’t love musicals, you can feel the presence, the chemistry, and the push-and-pull energy between them as their relationship shifts. The story also carries a subtle political-fable edge (without shouting its message), which makes it more compelling than the usual paint-by-numbers “origin story.”

If I have complaints, it’s the length — and you can absolutely feel the “Part I” of it all. There are stretches where the pacing loosens, like the movie is carefully setting pieces on the board for what comes next. And visually, a few moments can look a little too digital, a little too polished, as if everything is lit to look pretty rather than to build atmosphere.

Still, it surprised me. It didn’t turn me into a musical fan, but it reminded me that when the ideas are strong, the staging is confident, and the voices carry real emotion, even someone like me can give in. And yes: now I need Part II.",8.0,2026-01-03T13:58:23Z
986056,Thunderbolts*,SMasH598,"Thunderbolts* (**Thunderbolts***), Marvel Studios presenta a un equipo poco convencional de antihéroes integrado por Yelena Belova, Bucky Barnes, El Guardián Rojo, Fantasma, Taskmaster y John Walker. Tras verse atrapados en una trampa mortal tendida por Valentina Allegra de Fontaine, estos desilusionados inadaptados deben embarcarse en una peligrosa misión que los obligará a enfrentarse a los rincones más oscuros de sus pasados. Ahora la pregunta es: ¿Este grupo disfuncional se dividirá, o encontrará la redención, o se unirá como algo mucho más grande antes de que sea demasiado tarde?

La cinta comienza con Yelena, a quien conocimos hace unos años como la hermana de Black Widow, ella se encuentra en la azotea de un rascacielos, reflexionando sobre lo que hace, parece que ya está harta de su monotonía, ella le pide a Valentina hacer un trabajo diferente, para ello Valentina le pide que realice una última misión, cuando llega al lugar se verá envuelta en lo que parece ser una batalla a vida o muerte o tal vez el comienzo de una hermosa amistad de anti-héroes.

Jake Schreier director de la película nos entrega una trama en forma de epopeya con personajes secundarios de películas anteriores, Yelena y sus nuevos camaradas moralmente ambiguos, cumplen muy bien el propósito de dar una cinta entretenida y que a diferencia de anteriores películas de Marvel que fueron más endebles en sus historias, sin saber bien qué rumbo tomar, aquí tenemos una historia donde estos anti-héroes encontraran un rumbo, un propósito que los une.

Como ya es costumbre, Marvel nos presenta un nuevo personaje con un arco argumental completamente diferente al canon de los cómics, ""**Bob**"" (**Sentry**), en este caso, en la película el tumultuoso pasado de Bob encaja a la perfección, al de Yelena, ya que son dos personajes inadaptados, la cinta tomo como eje traumas de la infancia que sufrieron nuestros protagonistas, ellos encontraran una ""familia"" en un grupo de mercenarios empedernidos, y si!, claro que hay similitudes con los Vengadores, en como se unieron, recordemos que los Vengadores al principio tampoco se llevaban muy bien.

Se ha hecho mucho ""**Hype**"" con Thunderbolts*, la gente está entusiasmada, pero hay que ser realistas, no es una mala pelicula, tampoco es excelente... simplemente está... bien, es algo que Marvel necesitaba, una cinta sin tantas pretensiones ni cosas colosales, la película sin duda tiene momentos emotivos y grandes escenas de acción, elementos básicos de cualquier buena película de Marvel, pero algunos momentos intermedios se sintieron lentos y prolongados, aun así vale la pena verla en cartelera, por cierto no se pierdan las 2 escenas postcréditos.


Calificación: **8.5**

X: @SMasH_MXDF",8.0,2025-05-04T23:30:48Z
986056,Thunderbolts*,Marco-Hugo Landeta Vacas,"(CASTELLANO) Marvel llevaba tiempo buscando algo que devolviera la chispa. Thunderbolts no lo reinventa todo, pero sí ofrece un necesario soplo de aire fresco. Lejos del multiverso infinito y los fuegos artificiales digitales, aquí el foco está en los personajes: dañados, complejos, humanos. Verlos convivir, fallar y redimirse es lo que hace que funcione.

Florence Pugh brilla con una interpretación magnética, y su química con Lewis Pullman da forma a una pareja tan inesperada como entrañable. En realidad, todo el equipo funciona como un grupo de outsiders que, en su torpeza emocional, acaba siendo más creíble que los héroes tradicionales.

La película no renuncia a la acción ni al humor, pero lo hace sin caer en el chiste fácil ni en el clímax sin sentido. Hay drama, hay heridas, y también hay momentos de ligereza bien medidos. Se nota un intento sincero por hablar de salud mental, soledad y redención, y aunque no siempre se sienta sutil, se agradece.

No todo es perfecto. Algunos personajes secundarios podrían haber tenido más desarrollo, y el tercer acto cae un poco en lo previsible. Pero el resultado general deja una sensación cálida: la de haber visto algo que, sin salirse del molde del MCU, se atreve a jugar con nuevas formas.

Thunderbolts es divertida, enérgica y, por momentos, inesperadamente emotiva. Puede que no sea la revolución que algunos esperan, pero sí marca un cambio de rumbo. Uno que, por primera vez en mucho tiempo, invita a seguir mirando con ganas.

(ENGLISH) Marvel had been searching for something to bring the spark back. Thunderbolts doesn’t reinvent the wheel, but it delivers a much-needed breath of fresh air. Far from endless multiverse chaos and digital spectacle, the spotlight here is on the characters—damaged, complex, and deeply human. Watching them coexist, stumble, and grow is what makes it all work.

Florence Pugh shines with a magnetic performance, and her chemistry with Lewis Pullman gives life to a pairing that’s as unexpected as it is endearing. The whole team feels like a bunch of misfits whose emotional clumsiness makes them more believable than most traditional heroes.

The film doesn’t shy away from action or humor, but avoids cheap laughs and pointless climaxes. There’s drama, vulnerability, and moments of well-measured levity. Its take on mental health, loneliness, and redemption may lack subtlety at times—but it’s genuine and welcome.

Not everything lands. Some secondary characters could’ve used more development, and the third act dips into predictability. But overall, it leaves a warm feeling—like you’ve just watched something that dares to care.

Thunderbolts is fun, energetic, and unexpectedly moving. It’s not a revolution, but it’s a clear sign of change. And for the first time in a while, it makes you want to keep watching.",9.0,2025-07-05T02:46:10Z
280,Terminator 2: El juicio final,Martin Oaks,"**Segunda parte, y mejor**

Siete años después de dirigir la que fuera una de las míticas cintas de ciencia ficción de los ochenta, el maestro Cameron vuelve a sorprendernos con una segunda parte rebosante de calidad técnica y cinematográfica.

Repleta de inolvidables y ya clásicas escenas de acción, el filme es mucho más que una simple secuela. De hecho, el alarde de efectos especiales (todavía sorprendentes hoy) son el contrapunto justo a un guión muy trabajado en el que la frustración, el desasosiego y la necesidad de huir de un mundo injusto son los cimientos con los que se educa a un pubescente John Connor ninguneado por sus tutores legales, y que debe enfrentarse a una madre de apariencia esquizofrénica (sensacional la Hamilton) encerrada en un sanatorio mental.

Es un ambiente marginal que forja al héroe que deberá asumir el liderazgo en una futura guerra apocalíptica contra las máquinas. Un clásico muy recomendable.",8.0,2022-12-28T19:46:08Z
109445,Frozen: El reino del hielo,Marco-Hugo Landeta Vacas,"(CASTELLANO) Frozen es una de esas películas a las que es imposible juzgar solo con la cabeza. Aquí entra en juego la memoria, el cariño y, en muchos casos, el desgaste de haberla visto demasiadas veces. Cuando una peli acompaña la infancia de tu hija, deja de ser solo una película y se convierte en algo casi doméstico, familiar. Y eso cambia por completo la forma de mirarla.

Más allá del fenómeno, lo que sorprende es lo bien que aguanta el paso del tiempo. La historia avanza con ritmo, sabe cuándo ser clásica y cuándo darle la vuelta a lo que esperamos de un cuento de princesas. No necesita villanos de opereta ni moralejas subrayadas: habla de miedos, de vínculos rotos y de aprender a quererse sin convertirlo todo en un discurso solemne. Todo fluye con naturalidad, incluso cuando entra de lleno en el terreno del musical.

Las canciones son clave, claro. Es imposible no tararearlas, te gusten más o menos. Están tan bien integradas que no frenan la narración, al contrario: la empujan. Y luego está Olaf, que podría haber sido insoportable y acaba siendo justo lo contrario. Funciona porque no intenta ser gracioso todo el rato y porque, en el fondo, aporta algo muy simple y muy efectivo: ternura sin cinismo.

Visualmente sigue siendo un espectáculo. La nieve, el hielo, los reflejos, todo tiene un cuidado que se nota plano a plano. Disney aquí jugó sobre seguro, sí, pero lo hizo con oficio y respeto por su propio legado. Hay ecos del Disney clásico, pero sin nostalgia vacía ni copia automática.

Quizá no sea la película más profunda ni la más arriesgada del estudio, pero tampoco lo necesita. Frozen entiende perfectamente lo que es y no pretende ser otra cosa. Y cuando una película consigue emocionar a los niños, no aburrir a los adultos y, además, quedarse para siempre asociada a un recuerdo bonito, ya ha hecho más que la mayoría.

(ENGLISH) Frozen is one of those films that simply can’t be judged with your head alone. Memory and affection play a huge role here, especially when it’s a movie that accompanied your child’s early years. At that point, it stops being just a film and becomes something familiar, almost part of everyday life—and that changes everything.

Beyond the phenomenon, what’s striking is how well it holds up over time. The story moves at a steady pace, knowing when to embrace classic Disney traditions and when to gently subvert expectations. It doesn’t rely on cartoonish villains or heavy-handed messages. Instead, it talks about fear, broken bonds, and learning to love without turning everything into a lecture.

The songs are, of course, essential. Whether you love them or not, they’re impossible to forget, and they’re woven naturally into the narrative rather than stopping it cold. Olaf could easily have been annoying, but he isn’t. He works because he isn’t constantly chasing jokes and because, at his core, he brings something simple and sincere: warmth without irony.

Visually, the film is still a delight. The snow, the ice, the light—every frame feels carefully crafted. Disney played it safe here, but with skill and respect for its own legacy, blending echoes of classic animation with modern polish.

It may not be Disney’s boldest or deepest film, but it doesn’t need to be. Frozen knows exactly what it is and never pretends otherwise. And when a movie can move children, not bore adults, and remain tied to a cherished memory, it has already done more than most.",8.0,2025-12-26T23:31:01Z
12,Buscando a Nemo,Antonio Alaminos-Fernández,"Finding Nemo is a film that appeals to both children and adults. The writing is clever, allowing for both age groups to understand and enjoy the story. The voice acting is excellent, with the actors fully committing to their roles and making the audience care about the fish characters. The animation is top-notch and the underwater setting is beautifully detailed and believable. The film has its predictable moments, but overall it is a great family film that delivers on all fronts. It's a great choice for a family movie night, and the message of listening to your parents is an important one for children to learn.
_____________________
Buscando a Nemo es una película que atrae tanto a niños como a adultos. La escritura es inteligente, lo que permite que ambos grupos de edad entiendan y disfruten la historia. La actuación de voz es excelente, con los actores totalmente comprometidos con sus papeles y haciendo que la audiencia se preocupe por los personajes de los peces. La animación es de primera categoría y el entorno submarino es creíble y bellamente detallado. La película tiene sus momentos predecibles, pero en general es una gran película familiar que cumple en todos los frentes. Es una excelente opción para una noche de cine familiar, y el mensaje de escuchar a tus padres es importante para que los niños aprendan.",8.0,2023-01-13T21:08:25Z
567609,Noche de bodas,Marco-Hugo Landeta Vacas,"(CASTELLANO) Hay películas que no necesitan grandes pretensiones para ser efectivas, y Ready or Not es una de ellas. Es pura diversión sangrienta envuelta en humor negro, una mezcla entre el slasher más desmadrado y una comedia de costumbres pasada por la batidora del gore. Desde el primer minuto sabes a qué has venido: a disfrutar viendo a una novia en apuros enfrentarse a la peor familia política imaginable.

Samara Weaving está sensacional. Tiene carisma, presencia y un timing cómico impecable que la convierte en el alma de la película. Pasa de la inocencia al caos con una naturalidad que recuerda a las mejores heroínas del terror moderno. Su personaje no es una víctima al uso, sino alguien que se niega a rendirse, incluso cuando todo lo que le rodea se convierte en una locura.

La dirección mantiene un ritmo envidiable, sin apenas descanso, combinando tensión, ironía y violencia con sorprendente equilibrio. Hay momentos tan absurdos como brillantes, y otros que se sienten como guiños al mejor cine de los 80. Lo que podría haber sido una simple broma se convierte en un auténtico festín visual con una crítica mordaz al privilegio y la hipocresía de las clases altas.

No todo es perfecto, claro. La sátira a veces se queda en la superficie y el guion no siempre explora sus ideas más prometedoras, pero lo compensa con estilo, ritmo y un sentido del humor que no decae ni un segundo.

En definitiva, Ready or Not es un juego macabro tan salvaje como divertido. Una película que no se toma demasiado en serio y que precisamente por eso funciona tan bien. Sabe lo que es, lo abraza sin complejos y nos regala una hora y media de puro caos sangriento y placer culpable.

(ENGLISH) Some films don’t need big ambitions to work, and Ready or Not is one of them. It’s pure, bloody fun wrapped in dark humor — a mix between a wild slasher and a social comedy drenched in gore. From the very first minute, you know exactly what you’re in for: the thrill of watching a bride fight for her life against the worst in-laws imaginable.

Samara Weaving is outstanding. She’s charismatic, magnetic, and has perfect comic timing, carrying the entire film on her shoulders. She shifts from innocence to chaos with ease, becoming one of the most likable and resilient heroines in modern horror. Her character isn’t a victim, but a survivor who refuses to give up, no matter how absurd things get.

The direction keeps an enviable pace, balancing tension, irony, and violence with surprising precision. Some moments are ridiculous in the best possible way, and others feel like loving nods to the 1980s golden age of horror. What could’ve been a one-note joke turns into a stylish visual feast with a biting social critique about wealth and hypocrisy.

It’s not perfect — the satire doesn’t always go deep, and the script occasionally plays it safe — but its energy, rhythm, and wicked sense of humor make it a blast from start to finish.

In the end, Ready or Not is a delightfully twisted game — wild, witty, and relentlessly entertaining. It knows exactly what it is, embraces it without shame, and delivers ninety minutes of gleeful, blood-soaked chaos.",8.0,2025-10-09T21:59:46Z
49051,El hobbit: Un viaje inesperado,Antonio Alaminos-Fernández,"""The Hobbit: An Unexpected Journey"" is the first film in a new trilogy directed by Peter Jackson, which adapts J.R.R. Tolkien's 300-page novel of the same name. The film follows Bilbo Baggins as he joins a group of dwarves on a quest to reclaim their homeland, the Lonely Mountain, from the dragon Smaug. The movie takes liberties with the source material and the results are mixed. The film has a slow start with a lot of exposition and juvenile humor, but it improves as the adventure progresses. The visuals and aesthetic are similar to the ""Lord of the Rings"" trilogy, and the 48fps framerate at times gives the film a TV-like feel. Martin Freeman's performance as Bilbo is strong, and his scene with Gollum is a standout moment. However, most of the dwarves are not given much development. The film is a solid, if not spectacular, starting point for the trilogy.
_________________________________
""El Hobbit: Un viaje inesperado"" es la primera película de una nueva trilogía dirigida por Peter Jackson, que adapta a J.R.R. La novela de 300 páginas de Tolkien del mismo nombre. La película sigue a Bilbo Baggins mientras se une a un grupo de enanos en una búsqueda para recuperar su tierra natal, la Montaña Solitaria, del dragón Smaug. La película se toma libertades con el material original y los resultados son mixtos. La película tiene un comienzo lento con mucha exposición y humor juvenil, pero mejora a medida que avanza la aventura. Las imágenes y la estética son similares a las de la trilogía ""El señor de los anillos"", y la velocidad de fotogramas de 48 fps a veces le da a la película una sensación de televisión. La actuación de Martin Freeman como Bilbo es sólida y su escena con Gollum es un momento destacado. Sin embargo, a la mayoría de los enanos no se les da mucho desarrollo. La película es un punto de partida sólido, si no espectacular, para la trilogía.",6.0,2023-01-19T08:50:47Z
293660,Deadpool,Antonio Alaminos-Fernández,"""Deadpool"" es una versión refrescante e hilarante de la típica película de historietas, gracias a la interpretación acertada de Ryan Reynolds del personaje principal. La película comienza con una emocionante y cómica secuencia de acción en cámara lenta y establece el tono para el resto de la película. La interpretación de Reynolds como Deadpool es a la vez sarcástica y confiada, y cuenta con el apoyo de un elenco fuerte, que incluye a Leslie Uggams como Blind Al y T.J. Miller como comadreja. El uso inteligente de la película del meta-humor y la ruptura de la cuarta pared la distingue de otras películas de cómics y mantiene a la audiencia interesada. Sin embargo, la trama es delgada y el acto intermedio puede parecer lento. En general, ""Deadpool"" es una comedia de acción muy entretenida y única que no se puede perder.",8.0,2023-01-15T20:36:52Z
293660,Deadpool,Antonio Alaminos-Fernández,"""Deadpool"" es una versión refrescante e hilarante de la típica película de historietas, gracias a la interpretación acertada de Ryan Reynolds del personaje principal. La película comienza con una emocionante y cómica secuencia de acción en cámara lenta y establece el tono para el resto de la película. La interpretación de Reynolds como Deadpool es a la vez sarcástica y confiada, y cuenta con el apoyo de un elenco fuerte, que incluye a Leslie Uggams como Blind Al y T.J. Miller como comadreja. El uso inteligente de la película del meta-humor y la ruptura de la cuarta pared la distingue de otras películas de cómics y mantiene a la audiencia interesada. Sin embargo, la trama es delgada y el acto intermedio puede parecer lento. En general, ""Deadpool"" es una comedia de acción muy entretenida y única que no se puede perder.",8.0,2023-01-15T20:36:58Z
1290417,Embestida,Marco-Hugo Landeta Vacas,"(CASTELLANO) Embestida me ha parecido una película entretenida, que ya es bastante para una propuesta de este tipo. Lo de mezclar catástrofes con tiburones tiene gancho casi por definición, porque son dos miedos muy directos y muy visuales, y aquí se nota que la película sabe perfectamente cuál es su baza. No estamos ante una maravilla ni ante una gran película del género, pero sí ante un producto que por lo menos intenta exprimir bien su premisa y no aburrir.

Lo mejor es que entra rápido en materia y entiende que su principal obligación es mantener la tensión y el movimiento. No se pone demasiado solemne ni finge ser más de lo que es. Sabe que juega en un terreno de serie B con presupuesto más o menos apañado, situaciones límite y un punto de exageración inevitable, y en vez de pelearse con eso lo abraza. Ahí es donde funciona mejor, porque cuando una película así acepta su propia naturaleza, suele salir ganando.

También ayuda bastante que esté Phoebe Dynevor al frente. Tiene presencia, aguanta bien el peso de la historia y consigue darle un poco más de seriedad emocional a una trama que, en otras manos, podría quedarse en puro disparate. No convierte la película en algo profundo, claro, pero sí le da el mínimo de implicación humana que hace falta para que no todo sea simplemente agua, gritos y colmillos.

Eso sí, tampoco hay que engañarse: la historia tiene limitaciones claras. Hay decisiones absurdas, cosas poco creíbles y momentos en los que la película depende más de la energía del conjunto que de una escritura especialmente fina. A ratos se nota el artificio, y no llega a ser todo lo salvaje o loca que podría haber sido. Tiene una buena idea comercial, pero no siempre la lleva hasta el extremo más divertido o más memorable.

Aun así, se deja ver bien. Tiene ritmo, tiene una premisa agradecida y sabe jugar con la angustia del espacio inundado, el peligro que no ves venir y esa sensación de encierro cada vez más desesperada. No reinventa nada, pero tampoco hace falta para pasar un buen rato con una película de supervivencia pensada sobre todo para entretener.

Al final, Embestida me parece eso: una película resultona, simpática dentro de su locura y suficientemente eficaz como para que merezca la pena si te atrae la mezcla de desastre y tiburones. No es una joya del género, pero cumple, entretiene y tiene a una protagonista que ayuda mucho a que todo aguante mejor.

(ENGLISH) Thrash struck me as an entertaining film, and that already counts for a lot with this kind of material. Mixing catastrophe cinema with sharks is an appealing idea almost by definition, because both are very direct and very visual fears, and the movie clearly knows that this is its main strength. This is not a masterpiece, nor a major entry in the genre, but it is at least a film that tries to make good use of its premise and avoid becoming boring.

What works best is that it gets moving quickly and understands that its main job is to keep tension and momentum alive. It does not become overly solemn or pretend to be more than it is. It knows it is operating in B-movie territory, with a decent budget, extreme situations, and an inevitable streak of exaggeration, and instead of fighting that, it embraces it. That is where it works best, because when a film like this accepts its own nature, it usually benefits from it.

It also helps that Phoebe Dynevor is at the center of it. She has screen presence, handles the weight of the story well, and gives the film a little more emotional seriousness than the material might otherwise have had. She does not turn it into something deep, of course, but she does bring the minimum human involvement needed so that it does not become just water, screaming, and teeth.

That said, there is no point pretending the film does not have obvious limitations. There are absurd decisions, implausible moments, and stretches where the movie depends more on overall energy than on especially sharp writing. At times the artificiality is very noticeable, and it never becomes quite as wild or crazed as it could have been. It has a strong commercial premise, but it does not always push it to its most fun or memorable extreme.

Even so, it is easy to watch. It has pace, it has an effective setup, and it knows how to play with the anxiety of a flooded space, the danger you cannot fully see coming, and that increasingly desperate sense of confinement. It does not reinvent anything, but it does not need to in order to provide a good time as a survival thriller mainly designed to entertain.

In the end, Thrash feels to me like a solid little film, enjoyable within its own absurdity, and effective enough to be worth a look if the combination of disaster and sharks appeals to you. It is not a jewel of the genre, but it works, it entertains, and it has a lead performance that helps the whole thing hold together.",6.0,2026-04-13T14:45:35Z
329865,La llegada,Antonio Alaminos-Fernández,"Arrival is a science fiction film directed by Denis Villeneuve, which tells the story of Louise, a linguist who is recruited to help communicate with aliens who have landed on Earth. The film is based on a short story ""Story of Your Life"" and the filmmakers consulted experts in phonetics, linguistics and art to ensure accuracy in the movie's language and visuals. The story explores themes such as communication and the nature of time, but the reviewer found the film to be slow-burning and lacking in impact. The movie looks good and has a solid premise, but it did not grip the reviewer as much as it hoped, and the ending felt unsatisfying. The performances by Amy Adams and the rest of the cast were good, but the supporting characters were underused. Overall, Arrival is a cerebral and well-crafted film, but it did not fully deliver on its potential.
___________________
La llegada es una película de ciencia ficción dirigida por Denis Villeneuve, que cuenta la historia de Louise, una lingüista que es reclutada para ayudar a comunicarse con los extraterrestres que han aterrizado en la Tierra. La película está basada en una historia corta ""La historia de tu vida"" y los cineastas consultaron a expertos en fonética, lingüística y arte para garantizar la precisión en el lenguaje y las imágenes de la película. La historia explora temas como la comunicación y la naturaleza del tiempo, pero el crítico encontró que la película se desarrolla lentamente y carece de impacto. La película se ve bien y tiene una premisa sólida, pero no atrapó al crítico tanto como esperaba, y el final se sintió insatisfactorio. Las actuaciones de Amy Adams y el resto del elenco fueron buenas, pero los personajes secundarios fueron infrautilizados. En general, La llegada es una película cerebral y bien hecha, pero no cumplió con todo su potencial.",6.0,2023-01-14T20:58:23Z
324786,Hasta el último hombre,Erick Valencia,"Es buena, mitad historia mitad acción plena guerra, **los efectos de sonido son extremadamente buenos.**",7.0,2017-08-06T04:35:25Z
324786,Hasta el último hombre,Marco-Hugo Landeta Vacas,"(CASTELLANO) Hay películas de guerra que hablan de estrategia, de bandos o de victorias. Esta va por otro camino. Desde el principio queda claro que el centro no está en el conflicto bélico en sí, sino en la obstinación moral de un hombre que decide no empuñar un arma ni siquiera cuando todo a su alrededor se hunde. Esa decisión, tan simple como radical, es lo que sostiene toda la película y lo que la hace distinta dentro de un género tan transitado.

El planteamiento es potente: un objetor de conciencia que quiere servir en la Segunda Guerra Mundial como sanitario, ayudando a salvar vidas sin disparar una sola bala. La película no se ríe de esa postura ni la disfraza; la expone tal cual, con todas sus contradicciones y con un trasfondo religioso muy marcado. Se nota la mano de Mel Gibson, con sus creencias y su forma extrema de entender la fe, lo cual puede incomodar a algunos… pero también es parte de su fuerza.

Cuando llega la guerra de verdad, la película se transforma. Las escenas de combate son durísimas, físicas, agotadoras. No hay épica limpia ni heroísmo bonito: hay barro, sangre, cuerpos destrozados y una sensación constante de horror. Gibson no sabe —ni quiere— ser sutil, pero hay que reconocerle que logra transmitir el caos y la brutalidad del frente con una intensidad difícil de ignorar.

Andrew Garfield sostiene muy bien el peso del personaje principal. Su interpretación mezcla convicción, ingenuidad y resistencia de una forma creíble, sin convertirlo en un santo intocable. A su alrededor, el resto de personajes funcionan más como reflejo del conflicto moral que como protagonistas reales, pero cumplen su papel en ese choque entre fe, disciplina militar y supervivencia.

La gran paradoja de la película está ahí: un mensaje pacifista rodado con una violencia extrema. Gibson denuncia la guerra mientras la filma como un infierno fascinante, casi hipnótico. Esa contradicción puede chirriar, pero también es lo que hace que la película no sea plana ni cómoda. No te dice exactamente qué pensar; te obliga a convivir con ese choque durante todo el metraje.

No es una película perfecta ni equilibrada, pero sí poderosa, incómoda y muy impactante. Una historia de guerra distinta, marcada por la fe, la obstinación y el sacrificio, que deja huella aunque no compartas del todo su mirada.

(ENGLISH) There are war films that focus on strategy, sides, or victories. This one goes in a different direction. From the very beginning, it’s clear that the core of the story isn’t the battlefield itself, but the moral stubbornness of a man who refuses to carry a weapon, even when everything around him collapses. That choice, simple yet radical, is what holds the film together and sets it apart within such a well-worn genre.

The premise is powerful: a conscientious objector who wants to serve in World War II as a medic, saving lives without firing a single shot. The film doesn’t mock that position or soften it; it presents it head-on, with all its contradictions and with a very strong religious foundation. Mel Gibson’s hand is unmistakable here, along with his beliefs and his extreme way of understanding faith. It may be uncomfortable for some viewers, but it’s also part of the film’s raw strength.

When the war truly begins, the film shifts gears. The combat scenes are brutal, physical, and exhausting. There’s no clean heroism or polished epic imagery — only mud, blood, shattered bodies, and a constant sense of horror. Gibson has no interest in subtlety, but he undeniably captures the chaos and violence of the front line with overwhelming intensity.

Andrew Garfield carries the weight of the main character with conviction. His performance blends faith, innocence, and resilience in a way that feels grounded rather than sanctified. The supporting characters mainly serve as reflections of the moral conflict rather than fully developed arcs, but they work within that framework.

The film’s central paradox is unavoidable: a pacifist message delivered through extreme violence. Gibson condemns war while filming it as a visceral, almost hypnotic hell. That contradiction may clash for some, but it also prevents the film from feeling safe or complacent. It doesn’t tell you what to think — it forces you to sit with the discomfort.

It’s not a perfectly balanced film, but it is powerful, unsettling, and deeply impactful. A different kind of war story, driven by faith, obsession, and sacrifice, that leaves a mark even if you don’t fully share its worldview.",8.0,2025-12-24T04:10:18Z
11036,El diario de Noa,Marco-Hugo Landeta Vacas,"(CASTELLANO) El diario de Noa es una de esas películas que, aunque llegues sabiendo exactamente cómo va a terminar, te la ves sin problema. No la revisitaría, pero reconozco que tiene algo que la hace avanzar con suavidad, casi sin resistencias. Es un romance construido para emocionar al gran público, y lo consigue porque juega limpio: no pretende ser más profunda de lo que es, y eso ya es una ventaja en un género donde muchos dramas se disfrazan de trascendencia.

Lo mejor está clarísimo: Rachel McAdams y Ryan Gosling. Tienen esa energía de pareja que hace creíble lo que, sobre el papel, podría sonar empalagoso. Ella está radiante, él tiene ese punto de chico sencillo que encaja bien aquí, y entre ambos sostienen la película cuando el guion recurre a los lugares comunes de siempre. Al final, da igual lo predecible que sea el giro o lo obvio que resulte el conflicto: ellos dos te mantienen dentro.

La película es consciente de sus propias limitaciones, y quizá por eso no molesta. No intenta reinventar nada, no se complica, simplemente cuenta una historia bonita con un ritmo correcto y una ambientación que ayuda a entrar en el juego. La parte más emotiva está muy medida, casi diseñada para que la lágrima salga sola, pero sin llegar al chantaje emocional absoluto que uno podría esperar de Nicholas Sparks.

Eso sí: una vez terminada, desaparece rápido. No deja demasiada huella, ni invita a analizar nada. Es dulce, agradable y ligera. A veces eso es suficiente; otras veces te gustaría algo más. Para mí queda justo en ese punto intermedio: una película que funciona mientras la ves, pero que no necesitas volver a ver.

(ENGLISH) The Notebook is one of those films you watch knowing exactly where it’s heading, and yet it goes down smoothly. I wouldn’t revisit it, but I get why it works: it embraces its simplicity instead of pretending to be deeper or more complex than it really is. In a genre full of fake transcendence, that honesty already plays in its favor.

The real strength is obvious: Rachel McAdams and Ryan Gosling. They have that natural chemistry that sells even the most predictable beats. She’s luminous, he’s convincing as the quiet, stubborn romantic, and together they hold the whole thing in place whenever the script slips into familiar territory. No matter how obvious the twists are, they keep you watching.

The film knows its limitations and doesn’t fight them. It tells a sweet story at a steady pace, helped by the idyllic setting and a soft emotional tone that aims straight for the tear without turning manipulative. It’s sentimental, yes, but not unbearable. Just calibrated enough to work for the audience it’s made for.

Once it ends, it fades quickly. It doesn’t stay with you or ask for a rewatch, but it’s pleasant while it lasts. Light, warm, and harmless. Sometimes that’s all a romantic drama needs; other times you wish it pushed a little harder. For me, this one sits comfortably in the middle.",6.0,2025-11-24T00:57:34Z
822119,Capitán América: Brave New World,SMasH598,"**Capitan America Un Nuevo Mundo Critica**

Capitan America Un Nuevo Mundo (**Captain America: Brave New World**) comienza con Sam Wilson en una misión para recuperar un artefacto de alto valor, posteriormente se reunirá el recientemente electo presidente de los Estados Unidos Thaddeus Ross interpretado por Harrison Ford en su debut en el MCU, Sam debe descubrir la razón de un nefasto complot mundial antes de que el verdadero artífice detrás del mismo haga que el mundo entero entre en caos.

La cinta remarca conexiones con series y películas de Marvel, por ejemplo la serie de ""Falcon y el Soldado del invierno"" donde fue la primera vez que vimos a Isaiah Bradley, también tenemos por fin una conexión con la mal lograda pelicula de ""**Los Eternos**"" gracias a la ""**Isla celestial**"", ademas se agradece la conexión que hacen con la cinta ""**El increíble Hulk**"" de 2008, ademas nos dan una pista igual de gigante que la isla celestial para la llegada de los mutantes al MCU.

Por otro lado todo, absolutamente todo lo que se filtro del guion fue verdad, esto tal vez ha causado que no tenga el impacto que Marvel esperaba con los espectadores o las bajas calificaciones que tiene por los críticos y algunos espectadores, sin embargo creo que es una pelicula que cumple con su cometido que es a fin de cuentas conectar  el universo de Marvel de series y películas que no se habían mencionado en las cintas pasadas y prepararnos para lo que se avecina.

Como dije esta pelicula marca una especie de puente hacia lo que se avecina y se agradece, si bien quedaron a deber en ciertas escenas con los efectos, en otras se ve que se esmeraron, como cuando es destruida una parte de la casa blanca, por otra parte, uno esperaba ver mas de Giancarlo Esposito en pantalla, pero seguramente aparecerá en próximas cintas con mas participación, sin embargo tampoco estuvo bien que metan a la fuerza a nuevos personajes como Joaquin Torres ""**Falcon**"".

Mucho se ha dicho de esta cinta, ""que si es una película de Hulk sin Hulk"" por ver personajes que tienen conexión directa con el personaje, que si solo es una pelicula que mejor hubiera salido directo a Disney plus y bueno parece que ni siquiera un Hulk Rojo podría ser suficiente para enderezar el barco del MCU, por otro lado estoy seguro que a la siguiente cinta que sigue con los Thunderbolts le ira mucho mejor; en fin si no eres fan del MCU bien puedes esperar a ver esta pelicula en Disney plus.

Calificación: 7.5


X: SMasH_MXDF",7.0,2025-02-21T05:07:38Z
822119,Capitán América: Brave New World,Marco-Hugo Landeta Vacas,"(CASTELLANO) No es que sea una mala película, pero podría haber sido mucho mejor. Brave New World arranca con fuerza, presenta un nuevo escenario y pone al frente a un Capitán América sin superpoderes... y eso, aunque suena interesante, también puede desconcertar a más de uno. ¿Cómo compite un tipo sin superfuerza en un mundo lleno de dioses, mutantes y magos? Pues con carisma, voluntad y unos cuantos tropiezos en el guion.

Hay ideas que funcionan y otras que quedan en el aire. El regreso de personajes como Sterns puede pillar por sorpresa si no llevas el MCU al día. La película intenta equilibrar conspiración política con acción superheroica, pero se nota falta de pulso en el ritmo, como si el montaje no terminara de decidirse entre el espectáculo y el drama.

Anthony Mackie lo da todo y cumple, pero está claro que el guion no le acompaña como debería. Harrison Ford es un añadido de lujo, aunque tampoco termina de brillar como se esperaba. La acción está bien rodada, hay escenas que enganchan, pero entre tanto personaje, subtrama y diálogo explicativo, cuesta mantener la atención.

No es un desastre, tampoco es un acierto. Es otro capítulo más del MCU que entretiene lo justo pero deja la sensación de oportunidad desaprovechada. Un 6/10 que sabe a poco, sobre todo para una saga que alguna vez fue sinónimo de grandeza.

(ENGLISH) It’s not a bad movie, but it could’ve been so much better. Brave New World starts strong, introduces a new setting, and puts a Captain America without superpowers at the center… and while that sounds intriguing, it might throw some people off. How does a guy without enhanced strength stand a chance in a world full of gods, mutants, and sorcerers? With charisma, grit—and a few stumbles in the script.

There are ideas that work and others that just float aimlessly. The return of characters like Sterns might catch you off guard if you're not up to date with the MCU. The film tries to balance political conspiracy with superhero action, but the pacing feels uneven, like the editing couldn’t quite decide between spectacle and drama.

Anthony Mackie gives it his all and delivers, but it’s clear the script doesn’t support him the way it should. Harrison Ford is a great addition, but he doesn’t shine as much as expected either. The action is well shot, and there are moments that grip you, but between all the characters, subplots, and explanatory dialogue, it’s hard to stay fully engaged.

It’s not a trainwreck, but it’s not a triumph either. Just another entry in the MCU that’s mildly entertaining but ultimately feels like a missed opportunity. A 6/10 that leaves you wanting more—especially from a saga that once stood for greatness.",6.0,2025-04-17T14:40:57Z
168259,Fast & Furious 7,Cyrano2,"Ha pasado un año desde que el equipo de Dominic Torreto y Brian pudiera regresar finalmente a Estados Unidos, tras ser indultados. Desean adaptarse a una vida en la legalidad, pero el entorno ya no es el mismo. Dom intenta acercarse a Letty, y Brian lucha para acostumbrarse a la vida en una urbanización con Mia y su hijo. Ninguno de ellos imagina que un frío asesino británico, entrenado para realizar operaciones secretas, se cruzará en sus vidas para convertirse en su mayor enemigo",,2015-07-28T14:22:59Z
762509,Mufasa: El rey león,Jrloridan,"GPT-4o mini



La película ""Mufasa: El Rey León"" es una precuela del clásico animado ""El Rey León"" de Disney, que se centra en la historia del icónico personaje Mufasa, el padre de Simba. Esta película explora los orígenes de Mufasa, su ascenso al poder y los desafíos que enfrenta en su camino para convertirse en rey.

La animación es visualmente impresionante, con paisajes vibrantes y una atención meticulosa a los detalles que dan vida a la sabana africana. La banda sonora, que incluye nuevas canciones y algunas melodías familiares, complementa perfectamente la narrativa emocional de la historia.

En resumen, ""Mufasa: El Rey León"" es una adición valiosa al universo de ""El Rey León"", ofreciendo una nueva perspectiva sobre un personaje querido y explorando temas universales que resuenan con el público. Es una película que seguramente encantará a los fanáticos de la franquicia y atraerá a nuevas audiencias",6.0,2025-02-19T21:49:34Z
762509,Mufasa: El rey león,Reseñator,"Mufasa: The Lion King es una obra maestra que eleva la franquicia de El Rey León a nuevas alturas. Esta precuela profundiza en la historia del querido Mufasa, explorando su juventud, sus orígenes y el vínculo con su hermano Scar. La película no solo ofrece una narrativa conmovedora, sino que también destaca por sus impresionantes efectos visuales, que combinan lo mejor de la animación tradicional y digital, creando un paisaje espectacular que transporta al espectador al majestuoso reino de la sabana africana.

La trama está perfectamente construida, revelando el lado más humano de Mufasa y su lucha por convertirse en líder, mientras enfrenta dilemas familiares y desafíos personales. La película no teme mostrar las complejidades de los personajes, especialmente la relación entre los hermanos Mufasa y Scar, lo que agrega una capa profunda de emoción y conflicto.

El elenco de voces hace un trabajo excepcional, capturando la esencia de los personajes con gran sensibilidad. Las escenas de acción, acompañadas por una banda sonora impresionante, mantienen al espectador al borde de su asiento. Película que no solo rinde homenaje al legado de la original, sino que lo enriquece. 
Hay que valorar que los tiempos están cambian y la animación cgi esta haciéndose fuerte aunque obviamente no se puede comparar con la reina de 1994. Música, efecto, historia. Creo que te puede gustar.",,2025-03-02T18:37:02Z
762509,Mufasa: El rey león,Reseñator,"* Mufasa: The Lion King es una obra maestra que eleva la franquicia de El Rey León a nuevas alturas. Esta precuela profundiza en la historia del querido Mufasa, explorando su juventud, sus orígenes y el vínculo con su hermano Scar. La película no solo ofrece una narrativa conmovedora, sino que también destaca por sus impresionantes efectos visuales, que combinan lo mejor de la animación tradicional y digital, creando un paisaje espectacular que transporta al espectador al majestuoso reino de la sabana africana.
* La trama está perfectamente construida, revelando el lado más humano de Mufasa y su lucha por convertirse en líder, mientras enfrenta dilemas familiares y desafíos personales. La película no teme mostrar las complejidades de los personajes, especialmente la relación entre los hermanos Mufasa y Scar, lo que agrega una capa profunda de emoción y conflicto.
* El elenco de voces hace un trabajo excepcional, capturando la esencia de los personajes con gran sensibilidad. Las escenas de acción, acompañadas por una banda sonora impresionante, mantienen al espectador al borde de su asiento. 
* Película que no solo rinde homenaje al legado de la original, sino que lo enriquece. Hay que valorar que los tiempos están cambian y la animación cgi esta haciéndose fuerte aunque obviamente no se puede comparar con la reina de 1994. Música, efecto, historia. Creo que te puede gustar.",,2025-03-02T18:59:26Z
11324,Shutter Island,Adolfo José Suarez Rondón,La Isla Siniestra (2010) Una película que atrapa al espectador en un historia un tanto perturbadora pero que por momento se vuelve un tanto preconcebida en los estándares de los thriller psicológicos.,,2023-01-24T14:50:22Z
823219,"Flow, un mundo que salvar",SMasH598,"Flow (**Flow**), nos sitúa en un mundo post apocalíptico que parece estar llegando a su fin, donde solo quedan vestigios de la presencia humana. En este mundo conoceremos a un gato solitario que trata de sobrevivir, por desgracia su hogar comienza a ser devastado por una gran inundación, por suerte el gato encontrara refugio en un barco poblado por varias especies, y tendrá que formar equipo con ellas a pesar de sus diferencias. De la imaginación del galardonado Gints Zilbalodis (**Away**) surge un emocionante espectáculo animado.

La cinta comienza presentándonos a un pequeño gato en un mundo donde los humanos parecen haber desaparecido, ya sea por  la inundación o antes de ella, aunque quedan restos de nuestra presencia: casas, estatuas, y otras cosas, el gato vive y se las ingenia en este nuevo entorno, el problema es que parece que el agua no para de subir, de esa manera el gato ve como su hogar será absorbido por el agua, afortunadamente logra subir a un barco con un capibara, un lémur, un pájaro y un perro.

Esta película nos lleva por místicos paisajes desbordados donde estamos acompañando a nuestros protagonistas, quienes deben sortean los desafíos y peligros de este nuevo mundo, ellos poco a poco se adaptan los unos a otros, todos con sus conductas que los hacen singulares, por ejemplo un capibara muy soñoliento, un lémur con un barril lleno de chucherías brillantes, un golden retriever que demasiado amistoso y una grulla misteriosa que acompañaran al gatito negro en esta travesía.

Si se preguntan si la cinta esta dirigida hacia el publico infantil, la respuesta es no, Flow es mas una cinta de corte independiente o cine de arte que tiene un gran resultado para su limitado presupuesto, algo que me gusto es que los animales se mueven y se comportan en gran medida como lo harían sus equivalentes del mundo real, aquí no veras animales tipo madagascar o wild robot, si bien tenemos muchas situaciones plausibles, hay algunas que no lo son como el ave o el capibara intentando dirigir el barco.

Flow sin duda estará nominada a mejor película de animación, con su estilo de pintura digital que se inclina hacia lo abstracto, a pesar de que como dije no es para un publico infantil puede llegar a encantar a los niños, en cuanto a los adultos hay situaciones que entenderán como dilema mortal, del cual yo estoy de acuerdo con el ave, cuando vean la película entenderán, en definitiva esta es una cinta que deben ver en cine.

Calificación: **8.0**

X: @SMasH_MXDF",8.0,2024-11-10T23:07:30Z
38757,Enredados,Marco-Hugo Landeta Vacas,"(CASTELLANO) Hay películas de Disney que se sienten como un punto de inflexión, y Enredados es una de ellas. Da la sensación de estar ante uno de los últimos grandes clásicos antes de que el estudio se lanzara de lleno a la animación digital más estandarizada. Aquí todavía se percibe el esfuerzo por conservar algo del espíritu artesanal, aunque ya envuelto en nuevas técnicas y un ritmo claramente más moderno.

La historia no reinventa el cuento de hadas, ni falta que hace. Funciona porque sabe mezclar tradición y ligereza sin complejos. Todo fluye con naturalidad: la aventura, el humor, el romance y ese tono juguetón que evita caer en la solemnidad. No es una película que busque épica ni trascendencia, sino disfrute puro, contado con oficio y bastante encanto.

Uno de sus grandes aciertos está en los personajes. Rapunzel resulta cercana, curiosa y con una energía contagiosa, y el contraste con su acompañante aporta gran parte del humor y del ritmo de la película. Pero si hay alguien que se acaba quedando en la memoria es la villana. Su canción es de esas que se te clavan sin pedir permiso, no solo por lo pegadiza, sino por cómo define al personaje con una mezcla inquietante de dulzura y manipulación.

Visualmente, Enredados luce muy bien. El trabajo con la luz, los colores y, sobre todo, con el cabello de la protagonista demuestra un cuidado técnico que todavía busca asombrar sin caer en el exceso. Hay escenas que respiran magia clásica, de esas que recuerdan por qué Disney fue durante décadas sinónimo de asombro.

Puede que no sea una obra perfecta ni la más profunda del estudio, pero sí una película honesta, luminosa y muy fácil de querer. Un cuento contado con cariño, humor y canciones que se quedan contigo. Vista hoy, tiene algo de despedida: la sensación de estar ante uno de los últimos suspiros de un Disney que aún miraba mucho a su pasado para seguir avanzando.

(ENGLISH) There are Disney films that feel like a turning point, and Tangled is one of them. It plays like one of the last great classics before the studio fully embraced a more standardized digital animation style. You can still sense the effort to preserve something handcrafted here, even as it’s wrapped in modern techniques and a faster, contemporary rhythm.

The story doesn’t try to reinvent the fairy tale—and it doesn’t need to. It works because it blends tradition and lightness with confidence. Everything flows naturally: the adventure, the humor, the romance, and that playful tone that avoids slipping into solemnity. This isn’t a film chasing epic weight or grand statements; it’s pure enjoyment, told with skill and plenty of charm.

One of its biggest strengths lies in the characters. Rapunzel feels approachable, curious, and full of infectious energy, and her dynamic with her companion provides much of the film’s humor and momentum. But if there’s one figure who truly lingers in your memory, it’s the villain. Her song is the kind that sticks without asking permission—not just because it’s catchy, but because it defines the character through a disturbing mix of sweetness and manipulation.

Visually, Tangled still looks wonderful. The use of light, color, and especially the animation of Rapunzel’s hair shows a level of technical care that genuinely aims to impress without excess. Some scenes radiate classic magic, the kind that reminds you why Disney was synonymous with wonder for so many decades.

It may not be a flawless film, nor the studio’s most profound, but it is honest, radiant, and incredibly easy to love. A fairy tale told with warmth, humor, and songs that stay with you. Watching it now, there’s also a hint of farewell—a sense that this is one of the last breaths of a Disney that still looked closely at its past in order to move forward.",8.0,2026-01-02T00:06:06Z
12155,Alicia en el País de las Maravillas,Roberto Román Ortiz,"Tim Burton no es de mis directores favoritos ni tampoco de los que odie aunque reconozco que ver una película de él es ver una buena fotografía, banda sonora, decorados y vestuario aunque sus guiones últimamente no es lo mejor de su repertorio. Y con este film, que no tenía muchas ganas de verla, consigue entretener al espectador que, en estos tiempos, ya es mucho.

No voy a contar nada de la historia porque ya nos la sabemos todos y todas. Sobre el montaje, va directo al grano, en un ritmo ""sin prisa pero sin pausa"". Vamos, que ha respetado la historia original aunque con toques a lo ""Tim Burton"" pero tampoco son muchos. Eso sí, esta versión tampoco pasará a la historia como la mejor aunque tampoco será recordada como la peor.

Sobre las actuaciones, es uno de sus puntos fuertes, ya que todos los personajes, tanto los reales como los animados, los del mundo real como los ""imaginarios"" tienen mucha fuerza en la pantalla. Un diez para todos.

Sobre los efectos especiales, también están muy logrados, y eso que casi todo, por no decir todo, es elaborado con el famoso croma. Se nota que se ha hecho por ordenador pero le da un toque muy a lo ""pais de las maravillas"", por lo que le pega muy bien.

Sobre el vestuario, como he dicho antes, también está muy bien trabajado, así como la banda sonora original, siempre acompañando cada escena.

Sobre el 3d, que así he podido verla, pues tampoco es una maravilla; lo hace más interesante pero tampoco es obligatorio ni imprescindible.

En fín, una película para entretenerse y poco más.

NOTA: 5,5

LO MEJOR: El reparto completo. Vestuario. Entretiene.

LO PEOR: Una película más. No es lo mejor de Tim Burton.",5.0,2024-11-26T17:36:44Z
475557,Joker,bataguila,Excelente. Lo mejor del año. Phoenix es soberbio. La historia es original y te mantiene en la peli todas las 2.5hrs. Ya es 10. lo mejor de la vida. la vuelves a ver y te maravillas.,10.0,2020-02-27T16:21:00Z
1317288,Marty Supreme,silviabe,"buenisima! me ha encantado y me ha tenido casi sin respirar de principio a fin. lo contrario a aburrido y lento, que intensidad y que interpretación mas brillante la de Chamalet, quiza la mejor de su carrera hasta ahora. el guion y la banda sonora son increíbles. no dudeis en verla en la gran pantalla mientras podais",,2026-02-04T23:41:20Z
533533,TRON: Ares,Marco-Hugo Landeta Vacas,"(CASTELLANO) No voy a engañarme: me ha gustado. Y bastante. Mucho más que Tron: Legacy, que siempre me pareció un espectáculo visual impresionante pero emocionalmente frío. Aquí hay más nervio, más ritmo y, aunque la historia no sea profunda, al menos avanza con intención.

Visualmente es un festín. Luces de neón, persecuciones imposibles, arquitectura digital que parece diseñada para verse en pantalla grande. Hay algo hipnótico en ese universo que mezcla videojuego, mitología tecnológica y blockbuster puro. No todo encaja con precisión quirúrgica, pero cuando la película pisa el acelerador funciona.

¿Es una obra compleja? No. El guion simplifica demasiado algunas ideas y hay momentos en los que se nota que ciertas escenas nacieron del “esto sería increíble en IMAX” antes que de la lógica narrativa. Pero, sinceramente, no me molestó tanto como a otros. La película sabe que es un espectáculo y no se disfraza de otra cosa.

Jared Leto divide, eso está claro. Su personaje no siempre conecta emocionalmente y a veces resulta más concepto que persona. Aun así, el conjunto se sostiene gracias al ritmo y a una puesta en escena que abraza el exceso visual sin complejos.

Y luego está lo mejor de todo: la banda sonora de Nine Inch Nails. Trent Reznor y Atticus Ross convierten cada secuencia en algo más grande, más oscuro, más físico. Hay momentos en los que la música eleva escenas que, sobre el papel, serían simplemente correctas. Aquí no es acompañamiento: es motor.

No es una revolución de la ciencia ficción ni un clásico instantáneo. Pero como experiencia sensorial y como regreso más sólido al universo Tron, me parece un acierto. Sales con el pulso acelerado y con ganas de volver a escuchar el score. Y eso ya es mucho.

(ENGLISH) I won’t pretend otherwise: I liked it. Quite a lot. Much more than Tron: Legacy, which always felt visually stunning but emotionally distant to me. This time there’s more drive, more momentum, and even if the story isn’t especially deep, at least it moves with purpose.

Visually, it’s a feast. Neon lights, impossible chases, digital architecture built for the biggest screen possible. There’s something hypnotic about this world that blends video-game aesthetics, techno-mythology and full-on blockbuster energy. Not everything fits perfectly, but when the film hits full speed, it works.

Is it complex? Not really. The script oversimplifies some ideas, and there are moments that clearly started from a “this would look amazing in IMAX” mindset rather than narrative logic. But honestly, that didn’t bother me as much as it did others. The film knows it’s spectacle and doesn’t pretend to be something else.

Jared Leto is divisive, no doubt. His character doesn’t always land emotionally and can feel more like a concept than a person. Still, the overall experience holds thanks to pacing and a staging that embraces visual excess without apology.

And then there’s the best part: the soundtrack by Nine Inch Nails. Trent Reznor and Atticus Ross turn each sequence into something bigger, darker and more physical. There are moments where the music elevates scenes that would otherwise be merely fine. It’s not background — it’s propulsion.

It’s not a sci-fi revolution or an instant classic. But as a sensory experience and as a stronger return to the Tron universe, it absolutely works for me. You leave with your pulse racing and the score stuck in your head. That counts for something.",8.0,2026-03-03T14:40:22Z
533533,TRON: Ares,Marco-Hugo Landeta Vacas,"(CASTELLANO) No voy a engañarme: me ha gustado. Y bastante. Mucho más que Tron: Legacy, que siempre me pareció un espectáculo visual impresionante pero emocionalmente frío. Aquí hay más nervio, más ritmo y, aunque la historia no sea profunda, al menos avanza con intención.

Visualmente es un festín. Luces de neón, persecuciones imposibles, arquitectura digital que parece diseñada para verse en pantalla grande. Hay algo hipnótico en ese universo que mezcla videojuego, mitología tecnológica y blockbuster puro. No todo encaja con precisión quirúrgica, pero cuando la película pisa el acelerador funciona.

¿Es una obra compleja? No. El guion simplifica demasiado algunas ideas y hay momentos en los que se nota que ciertas escenas nacieron del “esto sería increíble en IMAX” antes que de la lógica narrativa. Pero, sinceramente, no me molestó tanto como a otros. La película sabe que es un espectáculo y no se disfraza de otra cosa.

Jared Leto divide, eso está claro. Su personaje no siempre conecta emocionalmente y a veces resulta más concepto que persona. Aun así, el conjunto se sostiene gracias al ritmo y a una puesta en escena que abraza el exceso visual sin complejos.

Y luego está lo mejor de todo: la banda sonora de Nine Inch Nails. Trent Reznor y Atticus Ross convierten cada secuencia en algo más grande, más oscuro, más físico. Hay momentos en los que la música eleva escenas que, sobre el papel, serían simplemente correctas. Aquí no es acompañamiento: es motor.

No es una revolución de la ciencia ficción ni un clásico instantáneo. Pero como experiencia sensorial y como regreso más sólido al universo Tron, me parece un acierto. Sales con el pulso acelerado y con ganas de volver a escuchar el score. Y eso ya es mucho.

(ENGLISH) I won’t pretend otherwise: I liked it. Quite a lot. Much more than Tron: Legacy, which always felt visually stunning but emotionally distant to me. This time there’s more drive, more momentum, and even if the story isn’t especially deep, at least it moves with purpose.

Visually, it’s a feast. Neon lights, impossible chases, digital architecture built for the biggest screen possible. There’s something hypnotic about this world that blends video-game aesthetics, techno-mythology and full-on blockbuster energy. Not everything fits perfectly, but when the film hits full speed, it works.

Is it complex? Not really. The script oversimplifies some ideas, and there are moments that clearly started from a “this would look amazing in IMAX” mindset rather than narrative logic. But honestly, that didn’t bother me as much as it did others. The film knows it’s spectacle and doesn’t pretend to be something else.

Jared Leto is divisive, no doubt. His character doesn’t always land emotionally and can feel more like a concept than a person. Still, the overall experience holds thanks to pacing and a staging that embraces visual excess without apology.

And then there’s the best part: the soundtrack by Nine Inch Nails. Trent Reznor and Atticus Ross turn each sequence into something bigger, darker and more physical. There are moments where the music elevates scenes that would otherwise be merely fine. It’s not background — it’s propulsion.

It’s not a sci-fi revolution or an instant classic. But as a sensory experience and as a stronger return to the Tron universe, it absolutely works for me. You leave with your pulse racing and the score stuck in your head. That counts for something.",8.0,2026-03-03T14:48:58Z
1621,Entre pillos anda el juego,Marso,"* Una premisa bien encajada con su toque cómico, me ha agradado bastante más de lo esperado, aunque se le nota el paso de los años.",7.0,2019-12-11T01:32:22Z
670,Old Boy,Marco-Hugo Landeta Vacas,"(CASTELLANO) Empieza como un golpe en la nuca: te sientan, te atan y te piden paciencia. La Oldboy original no busca agradar; te arrastra a su ritmo, entre imágenes que cortan y silencios que pesan. A ratos desconectas porque no sabes hacia dónde va, sí, pero cuando vuelve a engancharte lo hace con una fuerza rara, como si te hablara desde un sitio que no visitas a menudo.

Park Chan-wook filma la violencia sin coartada, pero con una elegancia incómoda. Cada plano parece pensado para descolocar, para que el asco y la belleza convivan en el mismo encuadre. Hay humor negrísimo, hay melodrama contenido y hay una tensión que no afloja. No todo está “explicado”; tampoco hace falta. La película funciona más como experiencia que como rompecabezas.

Choi Min-sik es un vendaval: no necesita subrayados para mostrar la caída, la rabia, la fatiga. Yoo Ji-tae aporta frialdad y un extraño magnetismo. Juntos sostienen una historia que juega con la culpa y el deseo de ajustar cuentas sin convertirlo en sermón. Lo llamativo es que el dolor nunca es decorado: se queda en la piel y mancha.

La puesta en escena es puro carácter. Colores saturados, composición milimétrica, un diseño de sonido que te mete dentro. La famosa fisicidad de algunas secuencias impacta, pero no es solo “brutalidad”: hay una dirección de orquesta detrás, una idea clara de cómo te quiere mover por el laberinto.

Hay momentos en los que notas que todo se les ha ido un poco de las manos. No es que esté mal, pero hay escenas tan exageradas que te cortan el rollo y te dejan fuera un instante. Incluso te puede llegar a cansar, porque va subiendo y subiendo como si no hubiera freno.

Pero luego pasa algo raro: termina, y te quedas un poco pillado, como pensando “vale… ¿qué ha sido esto exactamente?”. No se parece a nada familiar y te deja un poso extraño, casi más físico que emocional.

No es una peli cómoda, ni creo que quiera serlo. Va a su bola, te muerde cuando le da la gana y te deja con la marca puesta, aunque no sepas muy bien por qué.

(ENGLISH) It starts like a blow to the head: you’re seated, tied down, and asked for patience. The original Oldboy isn’t here to please; it drags you at its own pace, through sharp images and heavy silences. At times you disconnect because you can’t tell where it’s going, sure, but when it grabs you again it does so with a strange force, as if speaking from a place you rarely visit.

Park Chan-wook films violence without excuses, yet with unsettling elegance. Every shot seems designed to disorient, to let disgust and beauty share the same frame. There’s jet-black humor, restrained melodrama, and a tension that rarely loosens. Not everything is “explained”; it doesn’t need to be. The film works more as an experience than a puzzle.

Choi Min-sik is a whirlwind; he doesn’t need underlining to show collapse, rage, and fatigue. Yoo Ji-tae brings chill and an odd magnetism. Together they hold a story about guilt and settling scores without turning it into a lecture. Pain isn’t decoration here—it lingers, stains.

The staging has real character: saturated colors, meticulous composition, sound design that puts you inside. The famed physicality of certain moments hits hard, but it isn’t just “brutality”; there’s orchestration behind it, a clear idea of how to move you through the maze.

If anything weighs it down, it’s the sense of excess that can push you out: so much intensity, so many extreme gestures can be exhausting. Even so, when the curtain drops, you feel you’ve lived a one-off—something you won’t mistake for anything else.

It isn’t comfortable, and it doesn’t want to be. It bites—and it leaves a mark.",8.0,2025-11-09T23:06:43Z
272,Batman Begins,Loiskal,Una de las mejores versiones de Batman;mas reales y mas apasionadas.Reparto de lujo y muy bien elegido para encarnar los personajes.,,2016-03-13T16:49:44Z
858024,Hamnet,silviabe,"Brillantes interpretaciones. Es una hermosa pelicula, de amor, ternura, dolor. muy recomendada para ir a ver al cine, apta para toda la familia. en esta y como todas, muchísimo mejor si se ve en version original para sentir de verdad la calidad de las interpretaciones de los actores.",,2026-02-01T14:59:36Z
245891,John Wick (Otro día para matar),ROGER CHICO,"John Wick es una película de acción emocionante y bien ejecutada que sigue la historia de un ex asesino a sueldo que busca venganza después de que su perro es asesinado por un grupo de matones. Lo que más me gustó de la película fue la neutralidad del personaje principal, interpretado por Keanu Reeves. A pesar de ser un asesino a sueldo, John Wick no es un personaje malvado o despiadado. En cambio, es un hombre tranquilo y reservado que solo busca justicia por la muerte de su amado perro.
La película está llena de acción y escenas de lucha impresionantes, y la actuación de Reeves es excelente. Sin embargo, me quedé un poco decepcionado por la falta de un giro argumental sorprendente. Aunque la trama es sólida y emocionante, no hay muchos giros o sorpresas en la historia. Aun así, la película es muy entretenida y definitivamente vale la pena verla.
John Wick es una película de acción emocionante con una actuación impresionante de Keanu Reeves. Si te gustan las películas de acción, definitivamente deberías ver John Wick.",8.0,2023-05-27T17:07:54Z
1072790,Cualquiera menos tú,Marco-Hugo Landeta Vacas,"(CASTELLANO) Cualquiera menos tú es una comedia romántica muy consciente de lo que es y de lo que ofrece: dos personas que se atraen, se rechazan, se pican y acaban orbitando la una alrededor de la otra hasta que el guion decide que ya toca. Todo está ahí, en orden y sin demasiadas sorpresas. Funciona… pero sin chispa.

La película se apoya casi por completo en el carisma y el atractivo de sus protagonistas. Sydney Sweeney y Glen Powell tienen presencia, energía y saben moverse dentro de este tipo de historias, aunque la química entre ambos es irregular. Hay momentos en los que encajan y otros en los que la relación parece avanzar más por inercia que por verdadera conexión emocional.

El problema principal está en el guion. La idea de partida es simpática y el juego de enemigos que no quieren admitir lo evidente tiene potencial, pero los diálogos rara vez brillan y el humor se queda en un terreno cómodo, poco arriesgado. Se sonríe más de lo que se ríe, y muchas situaciones parecen estiradas para rellenar metraje en lugar de construir algo memorable.

Visualmente es luminosa, agradable y muy consciente de su envoltorio: paisajes bonitos, cuerpos perfectos y una sensación constante de escapismo veraniego. En ese sentido cumple sin problemas. Es una película que se deja ver, que no molesta y que probablemente funcione mejor como entretenimiento ligero que como historia romántica con peso propio.

Cualquiera menos tú no va a reinventar la comedia romántica ni pretende hacerlo. Es correcta, entretenida y fácil de consumir, pero también fácilmente olvidable. Una de esas películas que ves, pasas un buen rato… y poco después ya estás pensando en la siguiente.

(ENGLISH) Anyone But You is a romantic comedy that knows exactly what it is and what it offers: two people who are attracted to each other, reject each other, bicker, and keep orbiting around one another until the script decides it’s time. Everything is there, in order and without many surprises. It works… but without spark.

The film relies almost entirely on the charisma and attractiveness of its leads. Sydney Sweeney and Glen Powell have presence, energy, and know how to move within this type of story, although the chemistry between them is uneven. There are moments when they click and others where the relationship seems to move forward more by inertia than by genuine emotional connection.

The main problem lies in the script. The starting idea is pleasant and the enemies-to-lovers dynamic has potential, but the dialogue rarely shines and the humor stays in a very safe zone. You smile more than you laugh, and many situations feel stretched to fill running time rather than to build something memorable.

Visually, it’s bright, attractive, and very aware of its packaging: beautiful locations, perfect bodies, and a constant sense of summery escapism. In that sense, it delivers. It’s a film that goes down easily, doesn’t offend, and probably works better as light entertainment than as a romantic story with real weight.

Anyone But You isn’t going to reinvent the romantic comedy, nor does it try to. It’s correct, entertaining, and easy to watch, but also easy to forget. One of those films you enjoy in the moment… and shortly after, you’re already thinking about the next one.",6.0,2026-01-24T01:58:23Z
284053,Thor: Ragnarok,ludwigmartina,Buenas noches la película thor ragnarok  es una película que tiene un toque de la película barrio chino con el actor kurt russell,10.0,2017-11-06T00:45:27Z
284053,Thor: Ragnarok,Abejo,"**Sinceramente… una pena…..**

No había leído ningún comentario antes de la película y la verdad esperaba otra cosa, no una sátira de superheroes, a gusto personal creo que es la peor película del genero que veo después de Batman vs. Superman.",2.0,2018-02-14T04:47:52Z
284053,Thor: Ragnarok,lucko,"Nada fuera de lo normal, buena animacion aunque no me gusto la musica.",7.0,2018-03-26T02:29:55Z
1064213,Anora,Marco-Hugo Landeta Vacas,"(CASTELLANO) Sean Baker lo ha vuelto a hacer. Anora arranca con un ritmo frenético, casi como si fuera una fiesta descontrolada, y poco a poco va transformándose en algo completamente distinto. Lo que empieza siendo una comedia descarada e irreverente, va tomando un tono más serio, dejando claro que no es solo un cuento moderno, sino una historia con alma, con emoción y con mucho que decir.

Buena parte de ese magnetismo viene de Mikey Madison, que se mete en la piel de Ani con una naturalidad asombrosa. Su personaje es un torbellino: simpática, ingenua a ratos, pero también tremendamente astuta cuando la situación lo requiere. Desde el primer minuto es imposible no quedar atrapado en su historia, en sus decisiones impulsivas y en la montaña rusa emocional que la acompaña.


Lo más sorprendente de Anora es su ritmo. Baker juega con los géneros sin esfuerzo, pasando de la comedia más frenética a la tensión del drama sin que la historia pierda coherencia. Hay momentos hilarantes, escenas que ponen los nervios a flor de piel y, sobre todo, una sensación constante de que cualquier cosa puede suceder. La fotografía vibrante y el retrato de las calles de Nueva York y Las Vegas refuerzan ese aire de urgencia y autenticidad.

Aunque la película podría haber sido más corta, su duración no se siente excesiva porque cada giro mantiene el interés. La combinación de diálogos ágiles, personajes llenos de vida y un desenlace impactante hacen que el viaje valga la pena. Baker no ofrece concesiones ni finales fáciles, pero sí una historia que se queda dando vueltas en la cabeza mucho después de los créditos.

Anora es un torbellino de emociones, una película que te hace reír, sufrir y reflexionar a partes iguales. Un paso más en la filmografía de un director que entiende como pocos el lado más humano, caótico y hermoso de la vida.

(ENGLISH) Sean Baker has done it again. Anora kicks off with a frenetic pace, almost like a wild party, and gradually transforms into something entirely different. What starts as a bold and irreverent comedy slowly takes on a more serious tone, making it clear that this isn’t just a modern fairy tale, but a story with soul, emotion, and plenty to say.

A big part of the film’s magnetism comes from Mikey Madison, who embodies Ani with astonishing naturalness. Her character is a whirlwind—charming, naive at times, yet incredibly sharp when needed. From the very first moment, it’s impossible not to get caught up in her story, her impulsive decisions, and the emotional rollercoaster that follows her.

What’s most surprising about Anora is its rhythm. Baker effortlessly plays with genres, shifting from high-energy comedy to gripping drama without ever losing narrative cohesion. There are hilarious moments, nerve-wracking scenes, and, above all, a constant feeling that anything could happen. The vibrant cinematography and the portrayal of the streets of New York and Las Vegas enhance that sense of urgency and authenticity.

While the film could have been shorter, its length never feels excessive because each twist keeps the audience engaged. The combination of sharp dialogue, lively characters, and a striking ending makes the journey worthwhile. Baker doesn’t offer concessions or easy resolutions, but he does deliver a story that lingers in the mind long after the credits roll.

Anora is a whirlwind of emotions—a film that makes you laugh, suffer, and reflect in equal measure. Another step forward in the filmography of a director who understands, like few others, the most human, chaotic, and beautiful sides of life.",9.0,2025-03-04T02:56:36Z
1064213,Anora,Aqueronte72,"A 23-year-old girl accepts the marriage of a young man 2 years younger than her and does that make her a heroine? Wow, in the world before, Constanza Chatterly, Elizabeth Bennet or even the young girl Effi Briest were heroines for fighting for self-determination and for their right to choose who loves them, but now the women who choose who will support them are heroines. Quelle epoque! Feigning empathy with a contemporary social plot, the misfortune of an erotic dancer and sex worker who regrets that her marriage will be annulled for convenience, the film takes advantage of all the commercial resources of a reality show, that is, the sexual bombardment to cajole larger clientele , the vulgarity of the dialogues like soap opera and development through the scandal and the worst, the not at all credible solution - of a Bambi naivety - would any viewer with half a hair of intelligence believe that the Russian mafia, de facto millionaires, would occupy the night to look for Ivan themselves, the son of the tycoon who married without consent, instead of using their power and considerable resources and informants to find him virtually? In the times we live in, when FIFA boards of directors are bribed in soccer and boxing fights and entire legal offices are bought to dump toxic waste into rivers and oceans,Would a tycoon prefer to convince his son to divorce an escort or exotic dancer, instead of simply murdering her and burning the entire civil registry with the marriage documents? As in a Walt Disney movie, Sean Baker was not even advised on information regarding the protocols of the legal processes for marriage annulment and in court, Anora (Any) shouts along with the lawyer while the boy, Iván, is under intoxication alcohol, and the same thing happens when extracting the boy from the dive or strip club, just when Iván received a private tabledance from Any's worst enemy (there are no bodyguards or security members who stop Any and the Russians from interrupting the other customers in such an artificial scene). Both protagonists are very handsome, both Eidelshtein and Mikey Madison, but I am not going to give a film a star for every pretty actor used for a ridiculous and silly story, although the times of Netflix and Palme d'Or for the vulgar and crude are the same. that prevail.",3.0,2025-03-10T22:19:11Z
1064213,Anora,Antonio Alaminos-Fernández,"**English review**

With Anora, Sean Baker delivers what may be the rawest and most subversively romantic film in this year’s Cannes competition — a whirlwind of languages, currencies, and contradictions. Disguised as a raucous Cinderella story, Anora is less Disney and more Safdie Brothers by way of Brighton Beach, telling the improbable but utterly believable love story between a New York stripper and the reckless heir of a Russian oligarch. In Baker’s hands, this familiar tale of people from different worlds falling in love is recharged with political tension, sexual agency, and biting social commentary. Though wrapped in neon and chaos, it’s a character-driven film with its heart firmly rooted in the grit of the working class.

The film’s protagonist, Ani (a stunning Mikey Madison), dominates every frame with a mix of strength, naiveté, and street-smart resilience. Ani doesn’t just dance for money—she navigates power, affection, and survival on her own terms. From her first lap dance with Ivan (Mark Eydelshteyn), a disarmingly sweet and clueless rich kid, Ani seizes control of a story that constantly tries to wrest it from her. The transactional nature of their initial encounters—negotiated with business-like clarity and a complete lack of moralism—gradually gives way to something messier and more sincere. Even as Ivan’s proposal veers into farce, Baker refuses to reduce their bond to parody. Instead, he finds in their intimacy both the vulnerability of youth and the harshness of adult compromise.

What could have been a whimsical Vegas wedding movie spirals instead into a far more volatile drama once Ivan’s powerful family enters the scene. The tonal shift is masterfully executed: Baker oscillates between comedy, suspense, and tragedy, capturing the surreal logic of a dream turned nightmare. As thugs and relatives descend on the newlyweds, the stakes rise not in violence, but in emotional disintegration. Ivan flees; Ani is left to weather the consequences. Yet through every beat of confusion and betrayal, the camera clings to her perspective, demanding our empathy and reminding us that she is not a footnote in someone else’s story, but the protagonist of her own. It’s an unexpected feminist triumph nestled within a chaotic romantic farce.

Ultimately, Anora stands as a fierce continuation of Baker’s ongoing cinematic argument: that sex workers are not only worthy of narrative centrality, but of love, complexity, and dignity. Madison’s Ani is not a victim, nor a cliché, but a fully-realized person—vulnerable and powerful, jaded yet hopeful. Through her, Anora transcends its premise and becomes a deeper meditation on class, gender, and the structures that regulate intimacy. Beneath the film’s chaotic energy lies a radical tenderness, one that believes in the possibility of connection even in a world driven by commodification. As with all of Baker’s best work, Anora demands that we look closely at the people we’re taught to ignore—and find, in them, something unmistakably human.

**Spanish review**

Con Anora, Sean Baker entrega lo que quizá sea la película más cruda y subversivamente romántica de la competición de este año en Cannes: un torbellino de idiomas, monedas y contradicciones. Disfrazada de una ruidosa historia de Cenicienta, Anora se aleja de Disney y se acerca más al estilo de los hermanos Safdie, con una escala en Brighton Beach, para narrar la improbable pero completamente creíble historia de amor entre una stripper neoyorquina y el heredero imprudente de un oligarca ruso. En manos de Baker, este relato familiar sobre personas de mundos distintos que se enamoran se recarga de tensión política, agencia sexual y una afilada crítica social. Aunque envuelta en neones y caos, se trata de una película centrada en sus personajes, con el corazón bien anclado en la dureza de la clase trabajadora.

La protagonista del filme, Ani (una deslumbrante Mikey Madison), domina cada plano con una mezcla de fortaleza, ingenuidad y resiliencia callejera. Ani no solo baila por dinero: navega el poder, el afecto y la supervivencia bajo sus propias reglas. Desde su primer baile privado con Ivan (Mark Eydelshteyn), un joven rico desarmantemente dulce e ingenuo, Ani toma el control de una historia que continuamente intenta arrebatárselo. La naturaleza transaccional de sus primeros encuentros —negociada con una claridad empresarial y una total ausencia de moralismo— va dando paso a algo más desordenado y sincero. Incluso cuando la propuesta de matrimonio de Ivan roza el absurdo, Baker se niega a reducir su vínculo a una parodia. En cambio, encuentra en su intimidad tanto la vulnerabilidad de la juventud como la dureza del compromiso adulto.

Lo que podría haber sido una película caprichosa sobre una boda en Las Vegas se transforma en un drama mucho más volátil una vez que la poderosa familia de Ivan entra en escena. El cambio de tono está ejecutado con maestría: Baker oscila entre la comedia, el suspenso y la tragedia, capturando la lógica surrealista de un sueño que se convierte en pesadilla. A medida que matones y parientes rodean a los recién casados, las apuestas aumentan no tanto por la violencia, sino por la desintegración emocional. Ivan huye; Ani queda enfrentando las consecuencias. Sin embargo, en cada compás de confusión y traición, la cámara se aferra a su perspectiva, exigiendo nuestra empatía y recordándonos que no es una nota al pie en la historia de otro, sino la protagonista de la suya. Es un triunfo feminista inesperado envuelto en una farsa romántica caótica.

En última instancia, Anora se erige como una continuación feroz del argumento cinematográfico que Baker ha venido desarrollando: que las trabajadoras sexuales no solo merecen un papel central en las narrativas, sino también amor, complejidad y dignidad. La Ani de Madison no es una víctima ni un cliché, sino una persona plenamente realizada: vulnerable y poderosa, desencantada pero esperanzada. A través de ella, Anora trasciende su premisa y se convierte en una meditación más profunda sobre la clase, el género y las estructuras que regulan la intimidad. Bajo la energía caótica del filme subyace una ternura radical, una que cree en la posibilidad de la conexión incluso en un mundo regido por la mercantilización. Como en lo mejor de la filmografía de Baker, Anora nos exige mirar de cerca a quienes hemos aprendido a ignorar, y descubrir en ellos algo inconfundiblemente humano.",8.0,2025-03-26T13:30:34Z
447365,Guardianes de la Galaxia: Volumen 3,Martin Oaks,"**Guardianes del tufillo Disney**

Sensacional primera hora y pico de metraje en la que brillan de nuevo los personajes extravagantes de la saga, el gamberrismo de James Gunn detrás de las cámaras, y un guión muy a lo Marvel. Pero claro, por enésima vez ya, Disney impregna todo lo bueno con ese tufillo pueril y melindroso que, poco a poco, va pringando de edulcorante lo que hasta ese momento funcionaba bien.

Superávit de sensiblería animalista, niños arios por doquier y esa necesidad de arrancarte lágrimas adulteradas llegando ya al final, simplemente para marcar territorio y confirmarnos que todo lo que antes nos apasionaba por desvergonzado, pícaro o alborotador, ahora está en las manos frías y muertas de Walt Disney.",6.0,2023-07-08T21:19:07Z
539972,Kraven the Hunter,Marco-Hugo Landeta Vacas,"(CASTELLANO) La película ofrece un enfoque más crudo y violento dentro del universo de personajes de Spider-Man, apostando por una historia de origen sangrienta y un protagonista con un carácter más despiadado que lo habitual en este tipo de producciones. Aaron Taylor-Johnson es, sin duda, lo mejor del filme, aportando presencia y convicción a su interpretación de Kraven. Sin embargo, el guion no consigue desarrollar del todo su evolución como personaje, y la historia avanza de manera irregular, con momentos de acción bien logrados pero también con una narrativa que se siente fragmentada y sin un verdadero clímax emocional.

El tono adulto y la violencia explícita marcan una diferencia respecto a otras películas de Sony dentro de este universo, pero la falta de una dirección clara hace que la película se tambalee en su intento de equilibrar el drama con la acción. Russell Crowe aporta un peso notable con su papel, pero su personaje queda desaprovechado, al igual que otros secundarios que no terminan de justificar su presencia en la trama.

La puesta en escena es correcta, pero el CGI resulta inconsistente en varias secuencias, lo que resta impacto a algunas escenas clave. El tercer acto introduce elementos que podrían haber resultado interesantes, pero la ejecución deja la sensación de que la película no termina de explotar su potencial. A pesar de sus fallos, hay cierto entretenimiento en la brutalidad de sus combates y en la energía que le imprime su protagonista, pero no consigue escapar de la irregularidad que ha caracterizado las últimas películas de Sony fuera del UCM.

(ENGLISH) The film takes a grittier and more violent approach within the Spider-Man character universe, opting for a bloody origin story and a protagonist far more ruthless than typical for this kind of production. Aaron Taylor-Johnson is undoubtedly the film’s strongest asset, bringing intensity and conviction to his portrayal of Kraven. However, the script fails to fully develop his character arc, and the story progresses unevenly, featuring well-executed action moments but also a narrative that feels fragmented and lacking a true emotional climax.

The mature tone and explicit violence set it apart from other Sony films in this universe, but the lack of a clear direction causes the movie to struggle in balancing drama and action. Russell Crowe adds some weight to the film with his performance, yet his character feels underutilized, much like other supporting roles that don't seem to justify their presence in the story.

The cinematography is competent, but the CGI is inconsistent in several sequences, diminishing the impact of key moments. The third act introduces elements that could have been intriguing, but the execution leaves the impression that the film never fully capitalizes on its potential. Despite its flaws, there is some entertainment value in the brutality of its fight scenes and the energy Taylor-Johnson brings to the role. However, it fails to rise above the uneven quality that has defined Sony’s recent Spider-Man-related films outside the MCU.",5.0,2025-02-01T01:24:17Z
1100988,28 años después,SMasH598,"Exterminio: La Evolución (**28 Years Later**), nos cuenta una nueva aterradora historia ubicada en el mundo creado por Exterminio. Han pasado casi tres décadas desde que el virus de la ira escapó de un laboratorio de armas biológicas y ahora, todavía en una cuarentena despiadadamente impuesta, algunos han encontrado maneras de existir entre los infectados. Uno de estos grupos de supervivientes vive en una pequeña isla conectada al continente por una única calzada fuertemente defendida.

Cuando uno de los miembros del grupo abandona la isla en una misión hacia el oscuro corazón del continente, descubre secretos, maravillas y horrores que han mutado no solo a los infectados, sino también a otros supervivientes.

La querida franquicia de terror de Danny Boyle regresa, después de más de 10 años de la segunda parte, a la cual digamos no le fue muy bien, buscando recrear la esencia de la primera cinta vista hace 23 años, la película nos muestra al comienzo que es lo que ha pasado en el mundo y en Londres con el virus, tratando de retratar en una versión frenética y aterradora en el primer acto prometiendo una historia caótica, donde parece que nuestros personajes tendrán que resolver todos sus problemas por sí mismos, sin ninguna fuerza externa que vaya a salvarlos.

Para esta tercera cinta nos encontraremos lejos del Londres fantasmalmente desierto de 28 días después, el escenario esta vez es ""**Holy Island**"", una isla fuera cercana al continente, con una comunidad que parece es autosuficiente prospera, volviendo a los roles tradicionales, recolectando leña para combustible, vestida con harapos, usando arcos y flechas, pero no del todo medieval, nos centraremos en una familia conformada por Jamie, Isla y su hijo de 12 años Spike quien por primera vez debe salir de la Isla acompañado de su padre Jamie.

Al comienzo de la cinta tenemos tomas de cámara inusuales que nos recuerdan el frenético mundo que vimos hace 23 años, siento que cambiaron mucho la esencia que esperábamos ver del primer al tercer acto, en el primer acto tenemos cosas de supervivencia y aprendizaje sobre el entorno y los no muertos con frases como ""**Cuanto más mates**, **más fácil será**"", el tercer acto tiene un aire de solemnidad donde Spike junto con su madre tiene su propia cruzada en busca de un hombre misterioso con frases como ¿**Conoces las palabras Memento Morí**?

Creo que 28 Years Later apela a las ansiedades contemporáneas con la urgencia feroz de alguien infectado con el Virus de la Ira, ofreciendo un viaje emocionante, visceral e inquietante que desafía las expectativas al menos al principio, para muchos la historia decepciona, pero hay que esperar la cuarta película llamada ""El templo de los huesos"" también grabada en iPhone de forma paralela con esta película, a mí en lo personal no me decepciono, pero por desgracia Danny Boyle no lograra igualar la primera entrega, solo expandir más su mundo e historia.

X:@SMasH_MXDF",7.0,2025-06-27T05:18:55Z
1100988,28 años después,pablusef,"Los ""Yakuzas"" platinados salvaron a esta pelicula.",6.0,2025-08-10T18:21:05Z
1100988,28 años después,Marco-Hugo Landeta Vacas,"(CASTELLANO) 28 años después llega con la difícil tarea de continuar una historia que marcó el cine de zombis moderno. Danny Boyle vuelve a ponerse tras la cámara y, aunque el resultado es potente en lo visual y en lo atmosférico, la conexión con las dos primeras entregas se diluye. No es que falte tensión o ideas nuevas, pero el tono cambia tanto que cuesta sentirlo como una continuación natural.

La película mezcla momentos de gran energía, secuencias de acción frenética y un enfoque más ambicioso en lo político y social, apuntando a temas como el aislacionismo y los conflictos culturales. Esto le da personalidad, aunque también provoca que la trama se sienta más dispersa y menos enfocada en el terror puro que caracterizó a sus predecesoras.

El reparto cumple con creces, con interpretaciones sólidas y personajes que, al menos en parte, logran involucrar emocionalmente. Sin embargo, la estructura parece pensada más como una apertura de nueva trilogía que como un cierre de lo anterior, lo que deja la sensación de estar viendo solo un primer acto.

Visualmente, Boyle sigue demostrando su habilidad para crear imágenes que se quedan grabadas: planos de gran impacto, uso inteligente de la luz y un ritmo que no da tregua. Pero esa misma energía, en ocasiones, se convierte en un arma de doble filo, restando cohesión y rompiendo la atmósfera que tanto funcionó en las dos primeras películas.

En definitiva, es un regreso ambicioso y con momentos memorables, pero también irregular. Aporta frescura y riesgo, aunque sacrifica parte de la esencia que hizo grande a la saga. El futuro de esta nueva etapa dependerá de si las próximas entregas consiguen equilibrar el pulso entre innovación y continuidad.

(ENGLISH) 28 Years Later arrives with the difficult task of continuing a story that helped define modern zombie cinema. Danny Boyle returns behind the camera and, while the result is visually and atmospherically strong, the connection to the first two films feels diluted. It’s not that there’s a lack of tension or new ideas, but the shift in tone is so marked that it’s hard to feel it as a natural continuation.

The film blends bursts of high energy, frantic action sequences, and a more ambitious focus on political and social themes, touching on isolationism and cultural conflicts. This gives it personality, though it also makes the plot feel more scattered and less centered on the pure horror that defined its predecessors.

The cast delivers solid performances, with characters that—at least in part—manage to engage emotionally. However, the structure feels more like the opening of a new trilogy than a closure to the previous arc, leaving the sense that we’re only watching a first act.

Visually, Boyle proves once again his skill in crafting striking images: impactful shots, clever use of light, and a relentless pace. But that same energy sometimes becomes a double-edged sword, reducing cohesion and breaking the atmosphere that worked so well in the first two films.

Ultimately, it’s an ambitious return with memorable moments, but also an uneven one. It brings freshness and risk, though at the cost of some of the essence that made the saga great. The future of this new chapter will depend on whether the next installments can balance innovation with continuity.",6.0,2025-08-13T01:56:09Z
1119878,Ice Road: Venganza,Marco-Hugo Landeta Vacas,"(CASTELLANO) Da pena ver cómo Liam Neeson, un actor que nos ha regalado grandes interpretaciones y que incluso en el cine de acción supo encontrar su sitio con títulos como Taken, acaba atrapado en productos tan innecesarios como Ice Road Vengeance. La primera entrega ya era un entretenimiento modesto, pero al menos tenía una premisa clara. Esta secuela, en cambio, parece construida únicamente para estirar un relato que no lo pedía.

El guion se limita a repetir fórmulas conocidas, sin aportar ni frescura ni tensión real. Los personajes no tienen peso y los giros resultan previsibles, lo que convierte la película en un ejercicio de acción rutinario, incapaz de generar emoción. El supuesto núcleo emocional se queda en la superficie y nunca consigue sostener el drama que pretende.

Visualmente cumple con lo justo, con algunas escenas que buscan espectacularidad pero que carecen de alma. Se nota un intento de emular grandes producciones, aunque el resultado es más cercano a un telefilme de sobremesa.

En definitiva, Ice Road Vengeance es una secuela que no encuentra razón de ser. No es desastrosa, pero sí irrelevante, y confirma la sensación de que Neeson merece proyectos a la altura de su talento, no un título más dentro de una lista cada vez más olvidable.

(ENGLISH) It’s sad to see how Liam Neeson, an actor who has given us remarkable performances and who once found his place in action films with titles like Taken, is now stuck in projects as unnecessary as Ice Road Vengeance. The first film was a modest piece of entertainment with a clear premise, but this sequel feels like it exists only to stretch out a story that never needed continuation.

The script simply repeats familiar formulas without offering freshness or real tension. The characters lack depth, and the twists are predictable, turning the movie into a routine action exercise incapable of generating emotion. The supposed emotional core remains shallow and never sustains the drama it aims for.

Visually, it just about does the job, with a few attempts at spectacle that ultimately feel soulless. There’s an effort to emulate big productions, but the result is closer to a made-for-TV movie.

In the end, Ice Road Vengeance is a sequel with no real purpose. It isn’t a disaster, but it is forgettable, reinforcing the feeling that Neeson deserves projects worthy of his talent, not yet another title lost among an increasingly irrelevant filmography.",4.0,2025-09-07T22:47:35Z
135397,Jurassic World,duqueGZ,"Un buen regreso de la saga después de tantos años. Encontrarás lo que se puede esperar de estas películas: acción, buenos efectos especiales y entretenimiento durante un par de horas. Chris Pratt cumple muy bien de protagonista.",8.0,2015-09-30T18:47:53Z
135397,Jurassic World,Antonio Alaminos-Fernández,"he sequel to the 2015 blockbuster hit Jurassic World, Jurassic World: Fallen Kingdom, directed by J.A. Bayona, returns with the beloved character Rexy. Expectations were high for Bayona to bring something fresh to a franchise in need of new ideas, but does he deliver? Four years after the chaos on Isla Nublar, a volcano threatens to wipe out the remaining dinosaurs on the island. A group of scientists, including former park employee Claire (Howard) and dino trainer Owen (Pratt), travel to the island to save as many species as possible, but soon discover that the team's true intentions are not as noble as they seem. The creation of a genetically modified hybrid dinosaur, the Indoraptor, adds to the already unstable situation. While the movie showcases some visually stunning moments and raises important themes, it falls short in areas such as character development and storytelling. The lead actors, Howard and Pratt, bring strong chemistry to their roles but the villains of the film are underdeveloped. The movie shines when the dinosaurs are on screen, but fails to maintain the same level of excitement when they're not. The Indoraptor is a highlight, but ultimately underused. The film manages to balance moments of levity with darker, more tense scenes, but ultimately falls short of its potential.
__________________________
La secuela del éxito de taquilla de 2015 Jurassic World, Jurassic World: Fallen Kingdom, dirigida por J.A. Bayona, regresa con el entrañable personaje de Rexy. Las expectativas eran altas para que Bayona trajera algo nuevo a una franquicia que necesitaba nuevas ideas, pero ¿las cumple? Cuatro años después del caos en Isla Nublar, un volcán amenaza con acabar con los dinosaurios que quedan en la isla. Un grupo de científicos, incluida la ex empleada del parque Claire (Howard) y el entrenador de dinosaurios Owen (Pratt), viajan a la isla para salvar tantas especies como sea posible, pero pronto descubren que las verdaderas intenciones del equipo no son tan nobles como parecen. La creación de un dinosaurio híbrido genéticamente modificado, el Indoraptor, se suma a la ya inestable situación. Si bien la película muestra algunos momentos visualmente impresionantes y plantea temas importantes, se queda corta en áreas como el desarrollo de personajes y la narración. Los actores principales, Howard y Pratt, aportan una fuerte química a sus papeles, pero los villanos de la película están subdesarrollados. La película brilla cuando los dinosaurios están en la pantalla, pero no logra mantener el mismo nivel de emoción cuando no lo están. El Indoraptor es un punto culminante, pero finalmente infrautilizado. La película logra equilibrar los momentos de ligereza con escenas más oscuras y tensas, pero finalmente no alcanza su potencial.",7.0,2023-01-13T21:38:53Z
1359,American Psycho,Marco-Hugo Landeta Vacas,"(CASTELLANO) Han pasado años y American Psycho sigue siendo un viaje incómodo y fascinante al corazón podrido de una época. Adaptar la novela de Bret Easton Ellis era casi imposible sin perder parte de su delirio y su profundidad, pero Mary Harron consiguió captar la esencia: ese vacío absoluto detrás del éxito, el lujo y la perfección superficial.

Christian Bale está sencillamente brillante. Su Patrick Bateman es tan elegante como grotesco, un monstruo que se esconde tras un traje de diseñador y una sonrisa de anuncio. No hay nada exagerado en su interpretación: cada gesto, cada mirada al espejo, cada palabra que pronuncia, revela una obsesión por la imagen que roza lo demencial. Bale no actúa, encarna la locura pulida del capitalismo ochentero.

Lo que más sorprende es su tono: una mezcla de comedia negra, horror y sátira que desconcierta y fascina al mismo tiempo. Hay escenas que te hacen reír justo antes de incomodarte, y eso es exactamente lo que busca la película: mostrar lo absurdo de un mundo donde matar o cerrar un trato parecen gestos equivalentes.

La dirección de Harron es elegante y fría, casi quirúrgica, como el propio Bateman. No se recrea en la violencia; la sugiere, la deja fuera de plano, porque el verdadero horror está en la indiferencia. La fotografía, los colores pulidos, la música ochentera… todo parece un escaparate vacío.

Puede que el libro sea más brutal y profundo, pero la película tiene algo único: convierte la banalidad del mal en espectáculo, sin glorificarla. Es incómoda, irónica y necesaria, una crítica tan válida hoy como en el 2000.

En definitiva, una sátira afilada sobre el narcisismo, la identidad y el capitalismo. Quizás no sea perfecta, pero sigue cortando con la misma fuerza que el cuchillo de Patrick Bateman.

(ENGLISH) Years later, American Psycho remains an uncomfortable and fascinating journey into the rotten heart of an era. Adapting Bret Easton Ellis’s novel was almost impossible without losing part of its madness and depth, but Mary Harron managed to capture its essence: the absolute emptiness behind success, luxury, and superficial perfection.

Christian Bale is simply brilliant. His Patrick Bateman is as elegant as he is grotesque, a monster hidden behind a designer suit and a toothpaste smile. There’s nothing exaggerated about his performance — every gesture, every glance in the mirror, every word reveals an obsession with image that borders on insanity. Bale doesn’t just act; he becomes the polished madness of 1980s capitalism.

What’s most striking is the tone: a mix of dark comedy, horror, and satire that both unsettles and fascinates. Some scenes make you laugh just before making you feel deeply uncomfortable, and that’s the point — showing how absurd a world becomes when killing and closing a deal carry the same weight.

Harron’s direction is elegant and cold, almost surgical, like Bateman himself. She doesn’t linger on violence; she suggests it, keeping it just out of sight, because the true horror lies in indifference. The polished visuals, the immaculate colors, the 80s soundtrack… everything feels like an empty shop window.

Maybe the book is more brutal and layered, but the film achieves something unique: it turns the banality of evil into spectacle without glorifying it. It’s uncomfortable, ironic, and still painfully relevant today.

In short, a razor-sharp satire on narcissism, identity, and capitalism. Not perfect, but still cuts as deep as Patrick Bateman’s knife.",9.0,2025-10-09T19:55:13Z
419430,Déjame salir,Antonio Alaminos-Fernández,"(Inglés/Español)

Chris Washington (Kaluuya) and Rose Armitage (Williams) are a happy couple, but when they reach the meet-the-parents milestone, Chris has reservations. He's black and is worried about how Rose's parents will accept him. The couple visits Rose's parent's luxurious mansion for a gathering of their white liberal friends, with black servants on the sidelines. Director Jordan Peele delivers a powerful commentary on modern racism, wrapped in a tight horror thriller. From the moment Chris arrives at the mansion, Rose's parents are overly eager to show how accepting they are, while the other guests take a keen interest in Chris. At night, the servants quietly move about the house and garden as Rose's mother, Missy (Keener), practices hypnosis. The story unfolds slowly, with every piece of the puzzle carefully laid out. An air of tension hangs over the movie as Chris and the audience spiral into madness. Kaluuya gives an assured performance as Chris, paranoid and trying to cling to reality. Williams is equally good as Rose, and Lil Rey Howery provides humor in his supporting role. The movie's antagonists are everyday white middle-class citizens, adding an unsettling layer to the story. The movie races to a crushing climax, and Peele delivers another commentary piece swathed in full horror movie conventions. Get Out and see this movie.
__________________________
Chris Washington (Kaluuya) y Rose Armitage (Williams) son una pareja feliz, pero cuando alcanzan el hito de conocer a los padres, Chris tiene reservas. Es negro y le preocupa cómo lo aceptarán los padres de Rose. La pareja visita la lujosa mansión de los padres de Rose para una reunión de sus amigos liberales blancos, con sirvientes negros al margen. El director Jordan Peele ofrece un poderoso comentario sobre el racismo moderno, envuelto en un apretado thriller de terror. Desde el momento en que Chris llega a la mansión, los padres de Rose están demasiado ansiosos por mostrar cuán tolerantes son, mientras que los otros invitados se interesan mucho por Chris. Por la noche, los sirvientes se mueven en silencio por la casa y el jardín mientras la madre de Rose, Missy (Keener), practica la hipnosis. La historia se desarrolla lentamente, con cada pieza del rompecabezas cuidadosamente dispuesta. Un aire de tensión se cierne sobre la película mientras Chris y el público se vuelven locos. Kaluuya ofrece una actuación segura como Chris, paranoico y tratando de aferrarse a la realidad. Williams es tan bueno como Rose, y Lil Rey Howery aporta humor en su papel secundario. Los antagonistas de la película son ciudadanos blancos comunes de clase media, lo que agrega una capa inquietante a la historia. La película llega a un clímax aplastante, y Peele ofrece otro comentario envuelto en convenciones de películas de terror. Sal y mira esta película.",8.0,2023-01-15T21:10:21Z
419430,Déjame salir,Marco-Hugo Landeta Vacas,"(CASTELLANO) A veces una película te remueve sin que sepas muy bien por qué. Déjame salir empieza tranquila, casi cotidiana, y de pronto notas que algo no encaja. Esa incomodidad va creciendo hasta convertirse en pura tensión. Jordan Peele toma una situación tan normal como conocer a los padres de tu pareja y la convierte en un infierno elegante, lleno de ironía y miedo.

Lo que más inquieta no son los sustos, sino esa sensación de estar atrapado y no poder hacer nada. Es un terror que va por dentro. Daniel Kaluuya está enorme: se le ve la angustia en los ojos, la rabia contenida, el miedo. Allison Williams, por su parte, es la sonrisa perfecta que esconde algo que no quieres descubrir.

Peele dirige con una precisión que asusta. Cada gesto, cada silencio, tiene un doble fondo. Cuando todo se destapa, te das cuenta de que lo importante no era solo el misterio, sino el retrato que hace de una sociedad que presume de tolerante mientras sigue siendo racista hasta los huesos.

Get Out combina el terror con una lucidez brutal. Te hace reír a ratos, pero enseguida te corta la risa. Peele demuestra que se puede hablar de temas incómodos sin sermones, solo poniendo un espejo delante. Y lo que se refleja no es nada bonito.

En el fondo, es una historia sobre el miedo a perder el control, sobre la manipulación disfrazada de amabilidad. Una ópera prima valiente, distinta y con una personalidad arrolladora. Déjame salir no solo da miedo: te deja pensando mucho después de que termine.

(ENGLISH) Sometimes a movie gets under your skin without you really knowing why. Get Out starts off calm, almost ordinary, and then something begins to feel off. That unease grows until it turns into pure tension. Jordan Peele takes something as simple as meeting your partner’s parents and turns it into an elegant nightmare full of irony and fear.

What’s really disturbing isn’t the jump scares, but that feeling of being trapped, powerless. It’s a kind of terror that works from the inside. Daniel Kaluuya is outstanding — you can see the fear, the rage, the confusion in his eyes. Allison Williams, on the other hand, is that perfect smile hiding something you don’t want to find out.

Peele directs with scary precision. Every look, every pause, every silence has a hidden meaning. And when the truth finally comes out, you realize the real horror isn’t the plot twist — it’s the society he’s showing us: one that calls itself tolerant but still carries deep, buried racism.

Get Out mixes horror with sharp intelligence. It makes you laugh sometimes, then immediately wipes the smile off your face. Peele proves you can talk about uncomfortable truths without preaching — just by holding up a mirror. And what that mirror shows is anything but pretty.

In the end, it’s a story about fear, about control, about manipulation wrapped in kindness. A bold, personal debut that feels completely unique. Get Out doesn’t just scare you — it lingers.",9.0,2025-10-20T20:18:56Z
985939,Fall,Marco-Hugo Landeta Vacas,"(CASTELLANO) La idea de dos amigas atrapadas en lo alto de una torre de más de 600 metros suena, de entrada, un poco descabellada. No es algo que muchos haríamos en la vida real y quizás por eso cuesta conectar al principio con la premisa. Sin embargo, la película consigue atrapar gracias a la tensión constante y al vértigo que transmite desde la primera subida hasta el último plano. Es de esas propuestas que se viven más por la experiencia física que por el realismo.

El guion no es precisamente sutil. Los diálogos a veces resultan flojos y las motivaciones de los personajes se sienten un tanto forzadas, como si fueran excusas para llevarlas hasta la cima. Aun así, cuando la cámara se asoma al vacío y la altura se convierte en la verdadera protagonista, todo lo demás pasa a un segundo plano. Ahí es donde Fall cumple su cometido: hacerte sudar las manos aunque estés cómodo en el sofá.

Hay que reconocer que, pese a lo limitado de su planteamiento, la dirección sabe sacarle jugo a la situación. El uso de los planos aéreos, el sonido del viento y la sensación de aislamiento funcionan a la perfección. Incluso cuando la trama mete giros un poco inverosímiles, la tensión nunca desaparece. Es cine de supervivencia en su versión más básica, pero efectivo.

El mayor problema es que, pasada la primera hora, la película empieza a dar vueltas sobre sí misma. Repite recursos, estira la angustia más de la cuenta y corre el riesgo de cansar. Es en esos momentos cuando uno se da cuenta de que con veinte minutos menos habría sido más redonda. Aun así, sigue siendo entretenida y logra mantener la atención.

En definitiva, Fall no es una obra maestra del género, pero tampoco pretende serlo. Es una experiencia sencilla, directa, que juega con el miedo a las alturas y lo explota hasta el extremo. Para quienes busquen emociones rápidas y un rato de tensión bien dosificada, cumple de sobra. Quizás se olvide pronto, pero mientras dura consigue lo que promete: hacerte mirar al vacío con un nudo en el estómago.

(ENGLISH) The idea of two friends trapped at the top of a 600-meter tower sounds, from the start, a bit far-fetched. It’s not something most of us would ever do in real life, and maybe that’s why it’s hard to connect with the premise at first. However, the film manages to grip thanks to the constant tension and the sheer vertigo it conveys from the first climb to the final shot. It’s the kind of movie you experience more for the physical reaction than for realism.

The script isn’t exactly subtle. The dialogue is sometimes weak, and the characters’ motivations feel somewhat forced, as if they were excuses to drag them up the tower. Even so, when the camera leans over the void and height becomes the true protagonist, everything else fades into the background. That’s where Fall delivers: it makes your palms sweat even if you’re safe on your couch.

Despite its limited premise, the direction makes the most out of it. The aerial shots, the sound of the wind, and the sense of isolation work perfectly. Even when the story throws in some far-fetched twists, the tension never fully disappears. It’s survival cinema in its most basic form, but still effective.

The biggest issue is that after the first hour, the movie starts repeating itself. It stretches the suspense too long and risks losing impact. At those moments, you realize that trimming twenty minutes would have made it sharper. Still, it remains entertaining and manages to hold attention.

In the end, Fall isn’t a masterpiece of the genre, but it doesn’t need to be. It’s a simple, direct experience that plays with fear of heights and pushes it to the extreme. For those looking for quick thrills and a dose of well-dosed tension, it does the job. It might not stick for long, but while it lasts, it delivers exactly what it promises: making you stare into the void with a knot in your stomach.",6.0,2025-08-24T02:11:43Z
49521,El hombre de acero,Martin Oaks,"**Bombo y platillo, y algo de cine**

El director de _300_, bajo la producción y supervisión de Nolan, desarrolla con esta cinta la versión más cinematográfica del clásico cómic de Superman.

Snyder imprime su estilo digital y aporta algunos detalles de calidad cinematográfica, de lenguaje visual, pero todo el resto es bombo y platillo al servicio de una historia, por cierto, bastante original que narra el génesis del superhéroe.

La realización y el montaje son estupendos, y la forma de contar una fábula que se han sacado de la manga es novedosa y ofrece ritmo narrativo. Pero, insisto, todo el resto es bombo y platillo. Los enfrentamientos físicos son redundantes, los destrozos urbanos son todos iguales y las explosiones están calcadas unas de otras. Tecla F12, vamos. Y en los ordenadores del 2013, en la tecla F12 pone _""Bombo y Platillo""_.",5.0,2022-12-25T20:45:59Z
976573,Elemental,RichieValero,"_**LOS QUE SE PELEAN SE DESEAN**_

¿Qué elemento escogerías? Me siento muy acogido con el cine animado de disney y pixar, tal y cómo es el género: fantasía, muchas veces he soñado con estar en esos mundos, en esas historias; son bonitas, alegres, tristes, aterradoras, pero siempre te enseñan algo, te dan una lección, y con tan solo ver estas historias me dan más ganas de seguir viviendo, porque me conmueve saber que siguen habiendo estas películas que me hacen sonreir. Yo no sé cuál escogería, todos tienen cosas interesantes, al que más me acerco puede que sea al de tierra, aunque me parece muy bonito el de agua. Para nada discrimino a fuego y aire, no he pensado en ellos, solo durante la película, no nos cuentan tanto sobre aire, pero sí de fuego, obvio, es el protagonista y al final es un elemento que en esta historia acaba encendiendo una lucecilla de una felicidad emotiva y motivación.

Candela, un personaje de fuego super interesante con un pasado tristón y que me encantaría saber más. Tiene que mudarse a Ciudad Elemento, ella me encantó, esa ira por culpa de la gente impaciente y maleducada, es algo negativo y también hay que remediarlo, pero una personalidad auténtica con unos papis muy divertidos, su padre que quiere que Candela lleve su tienda, es el sueño de él, pero no el de ella, y su madre es una fiesta, una pitonisa del amor, ignorando la incompatibilidad amorosa (ya sabréis porqué). Nilo, este es de agua, y aquí el agua es muy divertida y llorona a la vez, me ha llamado la atención su arquitectura y las decoraciones de los edificios, muy acogedor todo. En mi opinión, Nilo no me entusiasmaba tanto, su personalidad es un tanto peculiar, pero juega un papel muy importante que te saca una sonrisilla amorosa finalmente.

Este film me transmite tantas esperanzas amorosas que rompen un par de tabúes por completo, un buen consejo para los nenes, y los que no son nenes también, la animación es formidable, y seguro que ha sido complicado seguir con la esencia de Candela durante una hora y cuarenta minutos. Agradable y capaz. 


_**RICARDO VALERO, JULIO 2023, ESPAÑA.**_",7.0,2023-07-29T20:19:21Z
1368,Acorralado,cyrax_36,"Acorralado es una película de acción que trata sobre un veterano de la guerra de Vietnam que se enfrenta a la policía de un pueblo pequeño. La película es muy buena, tiene mucha tensión y escenas de violencia muy realistas. El protagonista, John Rambo, es un personaje muy interesante, que muestra su trauma y su habilidad para sobrevivir en situaciones extremas. La película también hace una crítica a la forma en que los veteranos fueron tratados al volver de la guerra. Me gustó mucho la película, creo que es un clásico del cine de acción y que tiene un mensaje muy profundo. La recomiendo a todos los que les guste el género y quieran ver una película diferente.",8.0,2023-10-25T18:21:52Z
1368,Acorralado,Jrloridan,"""Acorralado"" es una obra que se aleja del estereotipo de acción desenfrenada para ofrecer una reflexión sobre los traumas de la guerra, el abandono de los veteranos y las tensiones sociales en un Estados Unidos post-Vietnam. La interpretación de Stallone, lejos de ser un simple héroe de acción, revela una complejidad emocional profunda. Rambo no es solo un hombre extremadamente capaz en combate, sino un ser humano roto, atrapado entre su entrenamiento militar y su incapacidad para reintegrarse a una sociedad que no lo comprende ni lo apoya.

El filme combina hábilmente la acción con la crítica social, presentando a la policía local como una representación de la ignorancia y el miedo hacia los veteranos, lo que lleva a una escalada de violencia innecesaria. El director Kotcheff, con un estilo austero, no glorifica la guerra ni la violencia, sino que muestra las consecuencias de un sistema que no sabe cómo tratar a los hombres que envió a la guerra.

La película también destaca por su capacidad para generar simpatía por un personaje que, en otras circunstancias, podría haber sido visto solo como una figura de violencia imparable. El desarrollo de Rambo como un hombre atrapado en su propio sufrimiento psicológico ofrece una capa de profundidad que no es común en los films de acción de la época.",7.0,2025-02-09T16:58:01Z
335983,Venom,cholinflaz,"Es muy buena película, pero siendo sinceros; le hace falta Spider-Man. Porque el simbiote se desarrolla a traves de Peter Parker. Si hay parte 2 con Carnage, espero que sea 'rated R' como Deadpool o Logan.",,2018-10-15T21:12:16Z
588228,La guerra del mañana,Danybur,"(Español / English)

**_Un mañana que es hoy / A tomorrow that is today_**

Sumario:

Gran despliegue y entretenimiento en esta película bélica - prepocalíptica con viajes en el tiempo, algunos planteos interesantes que no explota del todo, varias referencias a filmes previos del género y el sempiterno eje puesto en el núcleo familiar.

https://impresionescinefilas.wordpress.com/2021/07/13/la-guerra-del-manana-the-tomorrow-war/


Reseña.

En el año 2052 la humanidad libra un batalla desigual y desesperada contra voraces invasores alienígenas. A través de una ventana temporal que logra establecerse con el 2022, son enviados pelotones desde el presente para participar durante un cierto periodo de tiempo en esa contienda. En uno de ellos es reclutado Dan Forester (Chris Pratt), quien, luego de un breve entrenamiento, se pone inmediatamente al frente de una misión bajo las órdenes de una coronel interpretada por Yvonne Strahovski.

Sí: es otra película sobre viajes en el tiempo, bélica y pre apocalíptica y con varias referencias a filmes previos del género (que no revelaré para no spoilear). Su desarrollo podría dividirse en tres partes: la primera, un vistazo a la vida familiar de Forester, con su esposa e hija y algún conflicto familiar que desemboca rápidamente en el reclutamiento y entrenamiento del protagonista; la segunda, la misión en el futuro y la tercera, las derivaciones de esa misión.

En cuanto al viaje en el tiempo, la película de Chris McKay hace algunas aclaraciones (y prevenciones) al respecto, que como siempre, suelen ser insuficientes en esta temática. En todo caso, podría decirse que no explota del todo las paradojas y hasta las inconsistencias que el guion propone. Como muchas otras de su género, orbita en torno a la preservación o restauración del núcleo familiar, con la obsesión norteamericana con la figura paterna en el centro. Uno de los aciertos del film es su caracterización del periodo de entrenamiento, que luce peculiar, urgente y como improvisado.

La producción es apabullante, y se alterna lo íntimo con escenas de acción con enfrentamientos librados en diferentes escalas y escenarios, desde acciones comando hasta batallas masivas. Las criaturas alienígenas son espantosas y logran presencia física. La musicalización no agobia. 

Pratt es un actor ideal para encarnar a un personaje que “hace lo que hay que hacer” lo mejor que puede, a la vez sensible y resuelto, mientras que Strahovski también es la indicada para una científica y militar de alto rango distante, fría y melancólica que sabe que está jugando sus cartas decisivas. Ambos conforman un vínculo que desarrollado de otra manera… habría dado origen a otra película.




Summary:

Great display and entertainment in this war pre-apocalyptic film with time travel, some interesting ideas that it does not fully exploit, several references to previous films of the genre and the eternal axis placed in the family nucleus.

https://impresionescinefilas.wordpress.com/2021/07/13/la-guerra-del-manana-the-tomorrow-war/


Review.

In the year 2052, humanity fights an unequal and desperate battle against voracious alien invaders. Through a time window that is established with 2022, platoons are sent from the present to participate for a certain period of time in that contest. In one of them Dan Forester (Chris Pratt) is recruited, who, after training, immediately puts himself in charge of a mission under the orders of a colonel played by Yvonne Strahovski.

Yes: it is another film about time travel, warlike and pre-apocalyptic and with several references to previous films (which I will not reveal so as not to spoil). His development could be divided into three parts: the first, a look at Forester's family life, with his wife and his daughter, and some family conflict that quickly led to the recruitment and training of the protagonist; the second, the mission in the future and the third, the derivations of that mission.

Regarding time travel, Chris McKay's film makes some clarifications in this regard, which, as always, are usually insufficient on this subject. In any case, it could be said that it does not fully exploit the paradoxes and even the inconsistencies that the script proposes. Like many others of its kind, it orbits in terms of the preservation or restoration of the family nucleus, with the North American obsession with the father figure at the center. One of the successes of the film is its characterization of the training period, which looks peculiar, urgent and improvised.

The production is overwhelming, and the intimacy alternates with action scenes with confrontations fought on different scales and settings, from commando actions to massive battles. Alien creatures are hideous and achieve physical presence. The musicalization does not overwhelm.

Pratt is an ideal actor to play a character who “does what needs to be done” to the best of his ability, both sensitive and determined, while Strahovski is also the one for a distant and cool high ranking scientist and military officer who  knows she is playing her decisive cards. Both make up a bond that developed differently ... would have given rise to another film.",7.0,2021-07-13T18:59:03Z
49047,Gravity,tmdb29632682,"Una película alucinante que te hace estar en tensión desde el principio. Los efectos que tiene están realmente bien, tiene sus toques de humor, sus partes dramáticas y sobre todo sus partes por no decir todas la película de tensión. La recomiendo a todo el mundo.",,2014-03-02T18:53:12Z
49047,Gravity,Abejo,"**La verdad no me gusto la película**

Me pareció una película para ver efectos en 3D y nada mas, la historia es mediocre e inverosímil, lo único que muestra es como Sandra Bullock le pasa una cosa tras otra.",2.0,2017-10-27T16:02:42Z
940551,Migración. Un viaje patas arriba,SMasH598,"Patos (**Migration**), nos cuenta la historia de la familia Mallard que está pasando por una pequeña crisis. Mientras que el papá, Mack, se alegra de mantener a su familia a salvo nadando alrededor de su estanque de Nueva Inglaterra, la mamá, Pam, está ansiosa por cambiar las cosas y mostrarle el mundo entero a sus hijos: el adolescente, Dax, y la pequeña patita Gwen. Después de que una familia de patos migratorios llega a su estanque con emocionantes historias de lugares lejanos, Pam tratara de convencer a Mack para emprender un viaje familiar.

La pelicula comienza con los Mallard viviendo en una especie de cotidianidad, donde Mack trata de enseñarle a sus hijos a travez de historias, que el mundo puede ser un lugar peligroso y que es mejor permanecer en el estanque, pero llega un momento donde Mack decide embarcarse en un viaje familiar, para migrar hacia la tropical Jamaica como los demás patos migratorios, este vuelo hacia lo desconocido contara con unas divertidas y emplumadas vacaciones familiares.

Sin duda esta en una cinta divertida para finalizar este 2023, la historia es simple y no se complica o trata de profundizar, simplemente es una historia acerca de las aventuras que tendrán los Mallard conforme intentan llegar a jamaica, así irán conociendo a personajes extraños conforme a avanzan, todo esto acompañado en gran parte con diálogos divertidos la mayor parte del tiempo, sin embargo también tendremos momentos un poco inquietantes o tristes para complementar la historia, mientras aprenden más de lo que nunca imaginaron sobre los demás y sobre sí mismos.

Claro que hay un mensaje de reflexión con cada uno de los integrantes de la familia, el padre es algo aprensivo, la madre es inquieta y con aires de experimentar cosas nuevas, los hijos son aventureros que no temen tomar riesgos para conocer que hay más allá, todo esto nos trata de dar un aprendizaje para expandir los horizontes, conocer nuevos amigos y lograr más de lo que nunca creímos posible, o mostrarnos la vinculación y fortalecimiento familiar con una escena de vuelo sobre las nubes.

Illumination nos trae una cinta con efectos visuales casi impresionantes, acompañados de minuciosos detalles en sus texturas y formas, por ejemplo en el pelaje de los patos o cuando cortan una naranja a la mitad en cámara lenta; si bien es divertida a secas y por desgracia no tendremos personales destacables que puedan trascender como es el caso de otros personajes animados, logra su cometido de entretener, les recomiendo ver esta cinta en cartelera.

Calificación: 8.0

Nota por @SMasH_MXDF",6.0,2023-12-15T06:13:17Z
330457,Frozen 2,Marco-Hugo Landeta Vacas,"(CASTELLANO) Con Frozen 2 tuve una sensación rara desde muy pronto. No porque esté mal hecha —todo lo contrario—, sino porque parece una película que no termina de saber a quién quiere hablarle. Ya no es aquella historia directa, emocional y casi inmediata de la primera, sino algo más enrevesado, más serio, más solemne… y también más distante. Cuando terminó, mi reacción fue un sincero “menos mal”, y eso en una película de Disney no suele ser buena señal.

Visualmente es incontestable. La animación es espectacular, probablemente de lo mejor que ha hecho el estudio en años. El nivel de detalle, los colores, los efectos de agua, fuego y viento… todo es apabullante. El problema es que, a ratos, da la sensación de que la película se apoya demasiado en ese músculo técnico para tapar una historia que avanza de forma confusa y poco orgánica.

El guion quiere ser más adulto, más trascendente, hablar del pasado, de la culpa, de las decisiones heredadas. La intención es loable, pero la ejecución no termina de cuajar. Hay demasiadas ideas lanzadas a medio cocer, demasiados giros que se explican más de lo que se sienten. Se nota el esfuerzo por “no repetir” la primera, pero también que ese esfuerzo acaba alejando a la película de lo que la hacía funcionar.

Las canciones, aun siendo buenas y muy trabajadas, tampoco tienen el impacto emocional de la primera entrega. Están ahí, cumplen su función, pero no se clavan en la memoria del mismo modo. Y eso, en una película que sigue siendo un musical, pesa más de lo que parece.

Los personajes secundarios ganan presencia y algunos momentos funcionan gracias a ellos, pero incluso así cuesta conectar del todo. Elsa sigue siendo el centro simbólico de la historia, aunque su arco se siente más abstracto que emocional. Anna, curiosamente, acaba sosteniendo gran parte del peso narrativo, pero la película no termina de aprovecharlo del todo.

Frozen 2 no es un desastre ni mucho menos, pero sí una secuela que se siente más fría, más pesada y menos mágica. Es ambiciosa, sí, pero también irregular. Una película que impresiona por fuera y deja un vacío por dentro. Bonita de ver, difícil de querer.

(ENGLISH) With Frozen II, I had a strange feeling almost from the start. Not because it’s badly made — quite the opposite — but because it never seems fully sure about who it’s talking to. This time, it moves away from the direct, emotional simplicity of the original and leans into something more serious, more convoluted, and ultimately more distant. When it ended, my honest reaction was a quiet “thank goodness,” which isn’t something you usually feel after a Disney film.

Visually, it’s undeniable. The animation is stunning, easily among the studio’s best. The level of detail, the use of color, and the elements — water, fire, wind — are breathtaking. The problem is that the film often feels like it relies too heavily on this technical brilliance to compensate for a story that struggles to move forward in a clear, organic way.

The script aims higher, tackling themes like legacy, guilt, and the weight of the past. The intention is admirable, but the execution feels uneven. Too many ideas are introduced without fully landing, and several key moments are explained rather than felt. You can sense the effort to avoid repeating the first film, but that effort also distances this sequel from what originally worked so well.

The songs are solid and carefully crafted, yet they lack the emotional punch of the original. They do their job, but few truly linger. In a musical, that absence is more noticeable than it might seem.

Secondary characters get more screen time and occasionally carry the film, but even then, the emotional connection never fully clicks. Elsa remains the symbolic core, though her arc feels more abstract than heartfelt. Anna, surprisingly, carries much of the narrative weight, but the film never fully commits to that shift.

Frozen II isn’t a failure, but it is a colder, heavier sequel with less magic. Ambitious, yes — but also uneven. Beautiful to look at, harder to love.",6.0,2025-12-27T01:09:31Z
43949,Flipped,Marco-Hugo Landeta Vacas,"(CASTELLANO) Hay películas que, sin necesidad de grandes giros ni efectos espectaculares, te atrapan con algo tan sencillo como contar bien una historia universal. Mi primer amor es justo eso: una mirada tierna, nostálgica y sincera a lo que significa enamorarse por primera vez.

Lo que más me ha sorprendido es lo bien construidos que están los personajes. Cada uno tiene su voz, su personalidad, y eso hace que no los olvides al terminar la película. Los actores jóvenes transmiten naturalidad y emoción, sin caer en exageraciones. De verdad sientes que estás viendo a dos adolescentes descubrir un mundo nuevo de emociones y dudas.

La historia está contada con un ritmo pausado, pero nunca lento. Da tiempo a disfrutar de los pequeños detalles: una mirada, un gesto torpe, una conversación que se queda grabada. Esa sencillez es lo que la hace tan especial. Se nota que hay cariño en la forma en que está filmada, casi como si fuera un recuerdo guardado en una caja.

También hay algo profundamente universal en lo que narra. Todos, de una forma u otra, hemos sentido esas mariposas en el estómago, esa mezcla de ilusión y miedo. La película sabe despertar esa memoria emocional, y es imposible no verse reflejado en alguno de los momentos que viven los protagonistas.

En un panorama dominado por blockbusters y tramas repetitivas, Mi primer amor brilla por su sinceridad. Puede parecer una historia pequeña, pero justamente ahí radica su fuerza. A veces lo más simple es lo que más perdura.

(ENGLISH) There are films that don’t need big twists or flashy effects to capture you — they simply tell a universal story in the right way. Flipped is exactly that: a tender, nostalgic, and honest look at what it means to fall in love for the first time.

What struck me the most is how well the characters are written. Each one has their own voice and personality, making them memorable long after the credits roll. The young actors bring a natural and heartfelt energy without going over the top. You genuinely feel like you’re watching two teenagers stumble through the discovery of new emotions.

The story unfolds at a calm pace, but it never drags. It gives space to enjoy the little things: a glance, an awkward gesture, a conversation that sticks with you. That simplicity is what makes it so special. You can sense the affection in the way it’s filmed, almost as if it were a cherished memory carefully kept in a box.

There’s also something universal in what it portrays. Everyone, in one way or another, has felt those butterflies in the stomach — that mix of excitement and fear. The film manages to awaken that memory, and it’s impossible not to see yourself in some of the situations the characters experience.

In a landscape filled with blockbusters and formulaic plots, Flipped shines through its sincerity. It may seem like a small story, but that’s where its strength lies. Sometimes, the simplest tales are the ones that last the longest.",9.0,2025-08-22T19:16:58Z
126889,Alien: Covenant,Martin Oaks,"**Prometheus tuneado**

Esta es, en realidad, una secuela de _Prometheus_ que Ridley Scott ha querido lanzar con el prefijo _""Alien""_ para mayor gloria en las taquillas.

Pero, tal y como sucediera con esa cinta del 2012, _Covenant_ falla estrepitosamente en la construcción de los personajes, gélidos, distantes, sin personalidad, mientras la frialdad de la técnica digital se domina a la perfección.

No es aburrida, ni siquiera es mala. Es una simple consecución de escenas impecables cuyos protagonistas ven totalmente castradas sus posibles dotes interpretativas, si las hubiere.

Lo único que me ha quedado muy claro, cristalino, es que Ridley Scott no levanta cabeza.",5.0,2022-12-22T22:21:47Z
126889,Alien: Covenant,Antonio Alaminos-Fernández,"Alien: Covenant is a mix of classic Alien elements and Prometheus-style dialogue and pretentiousness. The film features the return of classic Alien monsters such as the bursters, chest bursters, face huggers, Xenomorphs, and Neomorphs, as well as familiar claustrophobic settings. Set 10 years after the events of Prometheus, the film follows the crew of the USCSS Covenant as they head towards a paradise planet, but a catastrophe causes them to deviate to a new planet where they encounter the monstrous Neomorphs and the return of the Xenomorph. The film boasts stunning visuals and cinematography, intense action and gore, and a strong cast, but suffers from heavy and overly technical dialogue, a slow pacing in the first act, and predictable plot twists.
_____________________
Alien: Covenant es una mezcla de elementos clásicos de Alien y diálogos y pretensiones al estilo de Prometheus. La película presenta el regreso de los monstruos alienígenas clásicos, como los bursters, chest bursters, face huggers, Xenomorphs y Neomorphs, así como escenarios claustrofóbicos familiares. Ambientada 10 años después de los eventos de Prometheus, la película sigue a la tripulación del USCSS Covenant mientras se dirigen hacia un planeta paradisíaco, pero una catástrofe hace que se desvíen a un nuevo planeta donde se encuentran con los monstruosos Neomorphs y el regreso del Xenomorph. La película cuenta con imágenes y cinematografía impresionantes, acción intensa y gore, y un elenco fuerte, pero adolece de diálogos pesados ​​y demasiado técnicos, un ritmo lento en el primer acto y giros de trama predecibles.",7.0,2023-01-12T22:45:53Z
696506,Mickey 17,Antonio Alaminos-Fernández,"**English review**

With Mickey 17, Bong Joon Ho reaffirms his mastery in blending political satire and science fiction without losing a trace of humanity. Far from disguising his critique of capitalism, the South Korean filmmaker amplifies it here through a narrative device seemingly designed to make the obvious even clearer: a man whose sole purpose is to die over and over again for the sake of a space mission. In this intergalactic dystopia—reminiscent in equal parts of Snowpiercer and Okja—Bong doesn't hide his game. On the contrary, he lays it bare with a grotesque clarity, without sacrificing the moral and emotional ambiguity that defines his best work. The character of Mickey—replicated in increasingly desperate versions of himself—serves as a literal allegory of labor dehumanization: he is worth not just less than the leaders, but less than the very idea of replaceability itself.

The world-building in Mickey 17 reinforces this critique by radicalizing the hierarchical order aboard the ship. The leader, Kenneth Marshall, played with sinister comedic flair by Mark Ruffalo, is a failed politician turned space tyrant, convinced he can build a racial utopia on a virgin planet. On the opposite end stands Mickey—the ""Expendable""—a sacrificial body whose only dignity lies in the fact that not even the aliens consider him edible. Bong shapes this world with his trademark fusion of genres and tones, swinging between macabre slapstick, existential drama, and melancholic absurdity. The paradox he presents is brutal: the more useful a worker is to the system, the less they are valued as a person. Their functionality itself becomes their disposability.

And yet, what elevates Mickey 17 beyond a straightforward anti-capitalist statement—however brilliant—is its unexpected tenderness. Bong doesn’t dwell in his protagonist’s suffering but instead frames it within the slow and clumsy process of regaining self-worth. The emergence of multiple Mickeys, and the conflict between them, is not only an ingenious narrative twist but also a reflection on identity and the possibility of resisting imposed roles. Robert Pattinson delivers a remarkable dual performance: the vulnerable, hesitant Mickey 17 contrasts with a darker, more determined Mickey 18, yet both embody different ways of resisting the erasure of the human. In this dialectic between the self that submits and the self that refuses, Bong uncovers a quiet poetics of improbable dignity.

Ultimately, Mickey 17 is not merely another frontal attack on the global economic system—though it certainly is that too—but a love letter to human imperfection. In a world where even dying becomes a job, what Bong celebrates is the impossibility of fully mechanizing the human being. He cherishes our ridiculousness, our clumsiness, our absurd stubbornness. And he dares to imagine that even in a desolate setting like a drifting spaceship, contact with others—however fleeting, awkward, or unlikely—can awaken something essential: not the will to survive, but the longing to live. In that sense, Mickey 17 not only adds a new gem to Bong Joon Ho’s filmography, it also redefines his tone: less biting, more compassionate; just as lucid, but infinitely more hopeful.

**Spanish review**

Con Mickey 17, Bong Joon Ho consolida su maestría para conjugar la sátira política y la ciencia ficción sin perder ni un ápice de humanidad. Lejos de disimular su crítica al capitalismo, como siempre, el cineasta surcoreano la potencia aquí desde un dispositivo narrativo que parece haber sido diseñado para matizar lo obvio: un hombre cuya única función es morir una y otra vez por el bien de una misión espacial. En esta distopía intergaláctica que recuerda por igual a Snowpiercer y Okja, Bong no oculta su juego. Al contrario, lo despliega con una claridad que raya lo grotesco, sin renunciar por ello a la ambivalencia moral y emocional que caracteriza a sus mejores obras. El personaje de Mickey —multiplicado en versiones cada vez más desesperadas de sí mismo— funciona como alegoría literal de la deshumanización laboral: no solo vale menos que los líderes, vale menos que la propia idea de lo sustituible.

El diseño del universo de Mickey 17 acentúa esta crítica mediante la radicalización del orden jerárquico a bordo de la nave. El líder, Kenneth Marshall, encarnado con una comicidad siniestra por Mark Ruffalo, es un político fracasado reconvertido en caudillo espacial, convencido de que puede fundar una utopía racial en un planeta virgen. En el otro extremo, Mickey —el “Expendable”— es la carne sacrificable, el cuerpo sin valor cuya única dignidad consiste en que ni siquiera los alienígenas lo consideran comestible. Bong articula este mundo con su habitual mezcla de géneros y tonos, oscilando entre el slapstick macabro, el drama existencial y el absurdo más melancólico. La paradoja que plantea es brutal: cuanto más útil es un trabajador para el sistema, menos valorado resulta como persona. Su misma funcionalidad lo convierte en desecho.

Y sin embargo, lo que eleva a Mickey 17 por encima del simple alegato anti-capitalista —por brillante que sea— es su inesperada ternura. Bong no se recrea en el sufrimiento de su protagonista, sino que lo enmarca en la lenta y torpe recuperación de su autoestima. La aparición de múltiples Mickeys, y el conflicto entre ellos, no es solo un giro narrativo ingenioso sino una reflexión sobre la identidad y la posibilidad de rebelarse contra el rol impuesto. Robert Pattinson ofrece aquí una doble actuación admirable: el Mickey 17 vulnerable y vacilante contrasta con un Mickey 18 más decidido y oscuro, pero ambos encarnan distintas formas de resistir la anulación de lo humano. En esta dialéctica entre el yo sacrificado y el yo que se niega a ceder, Bong encuentra una poética de la dignidad improbable.

Al final, Mickey 17 no es únicamente un nuevo ataque frontal al sistema económico global —aunque lo es con contundencia—, sino una carta de amor a la imperfección humana. En un mundo donde hasta morir se convierte en trabajo, lo que Bong celebra es la imposibilidad de mecanizar por completo al ser humano. Ama su ridiculez, su torpeza, su obstinación absurda. Y se permite imaginar que, incluso en un entorno tan desolador como una nave espacial perdida, el contacto con otros —por efímero, torpe o improbable que sea— puede despertar algo esencial: no el deseo de sobrevivir, sino el anhelo de vivir. En ese sentido, Mickey 17 no solo suma una nueva joya a la filmografía de Bong Joon Ho, sino que también redefine su tono: menos ácido, más compasivo; igual de lúcido, pero infinitamente más esperanzador.",,2025-03-26T13:25:35Z
696506,Mickey 17,Marco-Hugo Landeta Vacas,"(CASTELLANO) La nueva de Bong Joon-ho tiene de todo: humor negro, ideas locas, ciencia ficción existencialista, dobles de Robert Pattinson… y sí, también algún que otro bajón. Mickey 17 es una mezcla extraña, a veces demasiado dispersa, pero entretenida, con momentos que rozan lo brillante y otros que simplemente se alargan más de la cuenta.

La película propone un futuro distópico donde los clones reemplazables sirven como carne de cañón, y desde ahí se lanza a filosofar sobre identidad, poder, capitalismo y soledad. Pero lo hace sin renunciar a su tono juguetón, algo que a ratos funciona muy bien, y en otros momentos hace que todo parezca más un sketch que una película cohesionada. Aun así, Bong se las apaña para meter un par de ideas potentes entre tanta locura.

Pattinson está muy bien. Se nota que disfruta el doble papel y le saca partido al contraste entre la torpeza y la lucidez de sus personajes. No es el mejor guion que ha tenido entre manos, pero él lo eleva. A su alrededor, el reparto cumple, y visualmente la película tiene personalidad, aunque el diseño del mundo se queda algo corto para lo ambicioso del concepto.

No es una obra redonda ni mucho menos, pero tampoco es un desastre. Es una sátira con buen corazón, que se desmadra un poco pero que deja una sensación positiva. Eso sí, si hubiera durado 20 minutos menos, habría ganado bastante.

(ENGLISH) Bong Joon-ho’s latest has a bit of everything: dark humor, wild ideas, existentialist sci-fi, double the Robert Pattinson… and yes, a few dips along the way. Mickey 17 is a strange blend, sometimes too scattered, but entertaining, with moments that brush up against brilliance and others that simply drag on for too long.

The film presents a dystopian future where disposable clones are used as cannon fodder, and from there it dives into reflections on identity, power, capitalism, and loneliness. But it does so with a playful tone, which works well in parts, though sometimes it feels more like a sketch than a cohesive film. Still, Bong manages to slip in a few powerful ideas amid the madness.

Pattinson is excellent. You can tell he enjoys the double role and really leans into the contrast between awkwardness and insight. The script isn’t his strongest, but he lifts it. Around him, the cast does well, and visually the movie has personality—even if the world-building feels a bit undercooked given the ambition of the concept.

It’s not a perfect film by any stretch, but it’s far from a mess. It’s a satire with a good heart that gets a little out of hand but leaves a positive impression. That said, trimming 20 minutes would have done it a favor.",7.0,2025-04-19T00:05:34Z
1248226,Juegos de niños,Marco-Hugo Landeta Vacas,"(CASTELLANO) A veces uno se cruza con una película que, siendo sinceros, no promete demasiado… y aun así te ríes más de lo previsto. Eso me ha pasado con Juegos de niños. No es brillante, no es ingeniosa, no va a aparecer en ninguna lista de lo mejor del año, pero tiene algo en su torpeza que acaba resultando bastante divertido. Quizá sea esa mezcla de acción absurda, humor tontorrón y un reparto que parece pasárselo bien sin pensar demasiado en lo que está haciendo.

Yo la vi básicamente porque aparece Alan Ritchson, y la verdad es que me ha sorprendido para bien. Tiene una vis cómica muy natural, de esas que no parecen forzadas. Le queda bien eso de reírse de sí mismo, de hacer el bruto con cara de niño grande, y creo que la película vive sobre todo de ese tono. Cuando él está en pantalla, la cosa fluye; cuando no, se nota más lo flojo que es todo.

El humor es básico, sí. A ratos incluso te preguntas “¿por qué me estoy riendo de esto?”. Pero te ríes. Y eso, en una comedia así, ya es medio partido ganado. La película no esconde lo que es: una chorrada ligera, con situaciones exageradas y un par de gags que, por lo simples que son, entran sin resistencia. Quizá sea porque hacía falta algo así, una tontería sin doble fondo que no intenta dárselas de lista.

Ahora, si entramos en lo técnico… pues bueno. El guion es muy básico, las escenas de acción van por inercia, y hay momentos tan surrealistas que casi parecen improvisados. Pero como la película nunca te pide que la tomes en serio, se le perdona. A veces da más rabia ver una comedia que se cree inteligente que una que acepta sin pudor que es puro entretenimiento desechable.

No la recordaré dentro de una semana, eso también lo tengo claro. Pero durante el rato que dura me ha sacado varias carcajadas sinceras, y eso es más de lo que hacen muchas comedias actuales que se pasan hora y media buscando un chiste que funcione. Aquí funciona porque no pretende más.

(ENGLISH) Sometimes you sit down to watch a movie that clearly isn’t going to change your life… and somehow you end up laughing more than you thought you would. That’s exactly what happened to me with Playdate. It’s not smart, it’s not original, and it’s definitely not aiming high, but there’s something in its clumsy charm that ends up being genuinely fun. Maybe it’s the mix of goofy action, ridiculous situations, and a cast that looks like they’re just having a good time.

I mainly watched it because Alan Ritchson is in it, and honestly, he surprised me. He has a natural comedic timing that doesn’t feel forced. That big-kid energy he has —half brute, half puppy— works surprisingly well here. The movie relies on that vibe more than anything else: when he’s on screen, things flow; when he’s not, the weaknesses show more clearly.

The humor is simple. Very simple. The kind that makes you ask yourself, “Why am I laughing at this?”… right before you laugh again. But hey, in a comedy like this, getting real laughs already counts as a win. It never pretends to be clever or groundbreaking; it just wants to entertain for a while, and that honesty helps.

Technically, it’s nothing to brag about. The script is bare bones, the action scenes run on autopilot, and some moments feel so out of nowhere that they might as well have been improvised. But because the film never asks you to take it seriously, you end up forgiving a lot. There are comedies that try so hard to be sharp that they become painful —this one at least knows exactly what lane it’s in.

I won’t remember it next week, and I doubt anyone will. But during its runtime, it gave me a handful of genuine laughs, and that’s more than what many “bigger” comedies manage nowadays. Sometimes a silly movie is all you need.",6.0,2025-11-23T02:04:10Z
466272,Érase una vez en… Hollywood,Roberto Román Ortiz,"El cine según Tarantino. La peli se me hace larga. Va de menos a más. Repartazo, sobre todo Brad Pitt y Leonardo DiCaprio. Un placer ver a Margot Robbie aunque si hubiera tenido menos escenas no lo habríamos notado. Gran final, guiños y BSO.",7.0,2024-11-26T17:31:55Z
420817,Aladdín,Antonio Alaminos-Fernández,"It was a surprise when Guy Ritchie, known for his gritty and stylized films, was chosen to direct the live-action version of Disney's ""Aladdin."" With a mixed track record, many were unsure of what to expect from the movie. However, Ritchie's Aladdin manages to capture the charm and energy of the original animated film while also adding new elements to the story.

One of the biggest concerns for audiences was Will Smith's portrayal of the Genie, a character made iconic by Robin Williams' portrayal in the original film. However, Smith's performance is solid, with the right mix of restraint and larger-than-life energy. Meanwhile, Mena Massoud's Aladdin and Naomi Scott's Jasmine both shine in their roles, with Scott particularly impressing with her strong vocal range. On the other hand, Marwan Kenzari's Jafar is less intimidating than in previous versions of the story.

The film's visuals are breathtaking, with the exotic city of Agrabah and the vibrant costumes and choreography standing out. The original songs from the animated film are given a modern twist, but the new numbers fail to leave a lasting impression. The extra storyline added to the film feels unnecessary and dragged the pacing down.

Overall, while not without its flaws, ""Aladdin"" is a fun and entertaining film that manages to capture the spirit of the original while adding new elements. The lead performances and visuals are particularly strong. However, the film would have benefited from more rigorous editing and more memorable new songs.
____________________________________________
Fue una sorpresa cuando Guy Ritchie, conocido por sus películas descarnadas y estilizadas, fue elegido para dirigir la versión de acción real de ""Aladdin"" de Disney. Con un historial mixto, muchos no estaban seguros de qué esperar de la película. Sin embargo, Aladdin de Ritchie logra capturar el encanto y la energía de la película animada original al mismo tiempo que agrega nuevos elementos a la historia.

Una de las mayores preocupaciones para el público fue la interpretación que hizo Will Smith del Genio, un personaje que se volvió icónico por la interpretación de Robin Williams en la película original. Sin embargo, el desempeño de Smith es sólido, con la combinación correcta de moderación y energía más grande que la vida. Mientras tanto, Aladdin, de Mena Massoud y Jasmine, de Naomi Scott brillan en sus papeles, con una Scott particularmente impresionante con su fuerte rango vocal. Por otro lado, Jafar de Marwan Kenzari es menos intimidante que en versiones anteriores de la historia.

Las imágenes de la película son impresionantes, destacando la exótica ciudad de Agrabah y los vibrantes vestuarios y coreografías. Las canciones originales de la película animada reciben un toque moderno, pero los nuevos números no dejan una impresión duradera. La historia adicional agregada a la película se siente innecesaria y redujo el ritmo.

En general, aunque no sin sus fallas, ""Aladdin"" es una película divertida y entretenida que logra capturar el espíritu de la original mientras agrega nuevos elementos. Las actuaciones principales y las imágenes son particularmente fuertes. Sin embargo, la película se habría beneficiado de una edición más rigurosa y nuevas canciones más memorables.",7.0,2023-02-25T11:20:05Z
299537,Capitana Marvel,Marco-Hugo Landeta Vacas,"(CASTELLANO) Me ha encantado Capitana Marvel. Desde los primeros minutos, queda claro que Carol Danvers no es solo poderosa: es carismática, decidida y con una historia personal que engancha. Pero si hay algo que se lleva el corazón de la película, ese es Goose. Qué maravilla de criatura. Cada escena en la que aparece eleva el nivel de humor, sorpresa y ternura de forma inmediata.

Brie Larson está estupenda. Le da al personaje una mezcla de fuerza y vulnerabilidad que encaja perfectamente con el tono del film. No intenta copiar a ningún otro héroe del MCU, sino que construye su camino con firmeza. Y aunque algunos digan que la película no arriesga, lo cierto es que consigue algo que muchas otras no logran: crear una identidad propia dentro del universo Marvel.

La ambientación noventera es un acierto. No solo por los guiños y la música, sino porque ayuda a situar al personaje en un contexto distinto, más terrenal. La dinámica con Nick Fury (Samuel L. Jackson) funciona muy bien, y es uno de los grandes aciertos del guion.

Visualmente, cumple sin problemas. Hay acción bien medida, buenos efectos y una dirección sólida. No revoluciona el género, pero tampoco lo necesita. Es directa, entretenida y con mensaje, sin resultar forzada.

(ENGLISH) I really loved Captain Marvel. From the very beginning, it’s clear that Carol Danvers isn’t just powerful — she’s charismatic, determined, and has a personal journey that pulls you in. But honestly, the one who steals the show is Goose. What a fantastic creature. Every scene with him adds humor, surprise, and a touch of magic.

Brie Larson is excellent. She gives the character a great balance of strength and vulnerability, perfectly matching the tone of the film. She doesn’t try to imitate any other MCU hero — she creates her own path with confidence. Some say the movie plays it safe, but it actually does what many fail to do: carve out its own identity within the Marvel universe.

The '90s setting is a smart choice. Not just for the nostalgia and music, but because it gives the story a grounded, fresh feel. Her dynamic with Nick Fury (Samuel L. Jackson) is another highlight and brings a lot of charm to the story.

Visually, it delivers. The action is well paced, the effects are solid, and the direction stays focused. It may not reinvent the genre, but it doesn’t need to. It’s fun, clear in its message, and never feels forced.",10.0,2025-07-14T02:45:42Z
313369,La ciudad de las estrellas (La La Land),Antonio Alaminos-Fernández,"La La Land is a musical masterpiece that combines the nostalgia of classic musicals with a modern-day setting. Despite initial concerns, the musical elements of the film are seamlessly integrated into the story, allowing it to develop organically. Damien Chazelle's direction is masterful, evoking memories of the past while maintaining a modern feel. The lead actors, Ryan Gosling and Emma Stone, have undeniable chemistry, and their performances are both effortless and captivating. The film is a feast for the eyes, with Chazelle's use of color and camera movement adding to the overall beauty of the film. The story is engaging and serves as a more captivating watch than the routines. Despite some simplistic elements, the film is a triumph, celebrating all that was great before and wrapping it up in a modern-day bow. Magnificent.
_____________________________________________
La La Land es una obra maestra musical que combina la nostalgia de los musicales clásicos con un ambiente moderno. A pesar de las preocupaciones iniciales, los elementos musicales de la película se integran a la perfección en la historia, lo que le permite desarrollarse orgánicamente. La dirección de Damien Chazelle es magistral, evocando recuerdos del pasado manteniendo un toque moderno. Los actores principales, Ryan Gosling y Emma Stone, tienen una química innegable y sus actuaciones son cautivadoras y sin esfuerzo. La película es un festín para los ojos, con el uso del color y el movimiento de cámara de Chazelle que se suman a la belleza general de la película. La historia es atractiva y sirve como un reloj más cautivador que las rutinas. A pesar de algunos elementos simplistas, la película es un triunfo, celebra todo lo que fue genial antes y lo envuelve en una reverencia moderna. Magnífico.",10.0,2023-01-19T09:24:32Z
313369,La ciudad de las estrellas (La La Land),Marco-Hugo Landeta Vacas,"(CASTELLANO) Desde el minuto uno, La La Land te atrapa con su magia: colores que explotan, canciones que se te pegan y un homenaje al cine de siempre. Esa escena del atasco en Los Ángeles, con ese número musical lleno de vida, es una pasada, una declaración de amor a la imaginación. Eso si, incluso si odias las películas musicales, como es mi caso, te dejará alucinando.

Nos sumergimos en el relato de Mia (Emma Stone), una chica que intenta forjar su camino como actriz y hallar su posición en el complicado universo del espectáculo. Sebastian (Ryan Gosling) está junto a él, un apasionado pianista de jazz que batalla por alcanzar su anhelo de poseer su propio club y preservar la esencia genuina de este estilo musical. Su relato de amor, sueños y retos tiene lugar en Los Ángeles, una ciudad que aparenta brindarte una variedad de posibilidades, pero que también puede quitarte todo en un momento. Una urbe de luminosidad y oscuridad, donde la esperanza y el desaliento se encuentran juntos. La conexión entre ellos es tan auténtica que te crees que son pareja de verdad. Y, claro, Emma Stone se sale con una actuación llena de matices que, vamos, le dio el Oscar con toda la razón.

A nivel visual, es una película impecable. Chazelle le da a la película un ritmo que te atrapa y un estilo visual que te recuerda a los grandes musicales de Hollywood de toda la vida. Las coreografías son una pasada, los colores te llenan la pantalla y te hacen sentir las emociones a flor de piel, y la cámara se mueve con una naturalidad que te hace sentir nostalgia, pero sin que la película parezca antigua.

No todo funciona a la perfección. Hay momentos en los que los números musicales no alcanzan la fuerza de los clásicos que homenajea, y el tono melancólico de la historia puede contrastar con su explosión visual. Sin embargo, el equilibrio entre romanticismo y realidad está tan bien trabajado que esos detalles no le restan mérito.

Si esperas un musical tradicional, quizá La La Land no sea exactamente lo que imaginas. Pero si te gustan las historias que celebran los sueños, el amor y la pasión por el arte con una puesta en escena brillante, difícilmente te decepcionará. Su final, lejos de lo convencional, deja una sensación agridulce que la hace aún más especial.

(ENGLISH)  From the very first moment, La La Land pulls you in with its magic: vibrant colors, catchy songs, and a heartfelt tribute to classic cinema. That opening traffic jam scene in Los Angeles, with its lively musical number, is simply spectacular—a love letter to imagination. Even if you hate musicals, like I usually do, this one will leave you in awe.

We follow Mia (Emma Stone), a young woman striving to make it as an actress and find her place in the cutthroat world of show business. Alongside her is Sebastian (Ryan Gosling), a passionate jazz pianist fighting to keep his dream alive—owning his own club and preserving the authenticity of the music he loves. Their story of love, ambition, and struggles unfolds in Los Angeles, a city that seems to offer endless possibilities but can just as easily take them away. A place of both light and shadow, where hope and disappointment walk hand in hand. Their chemistry is so genuine that you almost believe they’re a real couple. And, of course, Emma Stone delivers a nuanced performance that rightfully earned her an Oscar.

Visually, the film is stunning. Chazelle crafts a rhythm that keeps you engaged and a visual style reminiscent of the golden age of Hollywood musicals. The choreography is breathtaking, the colors explode on screen, intensifying every emotion, and the camera moves so fluidly that the film feels nostalgic without ever feeling outdated.

Not everything is perfect. Some musical numbers don’t quite reach the impact of the classics it pays tribute to, and the melancholic tone of the story sometimes contrasts with its visual energy. However, the balance between romance and realism is so well-executed that these minor flaws hardly matter.

If you’re expecting a traditional musical, La La Land might not be exactly what you imagine. But if you love stories that celebrate dreams, love, and passion for art with dazzling execution, it’s hard to be disappointed. Its ending, far from conventional, leaves a bittersweet feeling that makes it all the more special.",9.0,2025-03-18T22:50:06Z
945961,Alien: Romulus,Martin Oaks,"**La odisea de Alien**

No creo que el uruguayano Fede Álvarez fuera el más apropiado para dar continuidad a la saga que nos ocupa, de la misma forma que estoy totalmente convencido de que Denis Villeneuve era perfecto para versionar Dune. No tengo absolutamente nada en contra de él, pero él tampoco tiene el talento necesario para un proyecto así.

Siguiendo casi de forma calcada los conceptos artísticos y de producción de la película original de Ridley Scott, “Romulus” no aporta absolutamente nada a la saga, pero se obceca con los monitores de fósforo, la maquinaria hidráulica ruidosa y los botones de ascensor de los años 60. Ridley Scott, incapaz de predecir el futuro, claro, hizo uso de esa tecnología del momento para generar una atmósfera futurista, y a la vez sucia e implacable. Eso es diseño de producción, y Fede ha creído oportuno usar las fotocopias de esas viñetas.

Mientras tanto, el mismo Álvarez, gran fan de la saga primigenia, tiene grabados en su memoria un montón de planos que su consciencia le obliga a repetir, apartando desde el principio su propia personalidad como director (si la hubiere) para adaptarla a la de sus ídolos de la infancia. Y entonces es cuando Fede Álvarez recuerda aquellos travelings y persecuciones que tanto nos deleitaron a todos en _Parque Jurásico_ y, por supuesto, como gran amante del cine clásico, el tipo piensa que sería un toque original añadir algún plano secuencia simulando la gran, gran obra maestra _Los Pájaros_, de Hitchcock.

De verdad, no creo que el uruguayano Fede Álvarez fuera el más apropiado para dar continuidad a la saga que nos ocupa. Pero con Disney ya se sabe: para qué vamos a construir cine, si apenas ya nadie sabe lo que es eso.",5.0,2024-10-16T17:15:41Z
877817,Wolfs,Jrloridan,"""Wolfs"" es una película diseñada para el entretenimiento ligero, con grandes nombres que sostienen una historia que podría haber sido más ambiciosa. Si disfrutas de la química entre Pitt y Clooney, es una opción sólida, aunque no revolucionaria.",6.0,2025-01-23T22:10:04Z
1022787,Elio,Marco-Hugo Landeta Vacas,"(CASTELLANO) Hay algo en Elio que resulta agradable desde el primer minuto. Es colorida, tiene ritmo, propone una aventura espacial accesible y se nota el oficio de Pixar en cada plano. Todo funciona… pero también da la sensación de que ya hemos estado aquí antes. No exactamente en este escenario, pero sí en esta estructura, en este tipo de viaje emocional y en la forma en la que la película decide avanzar sin salirse demasiado del carril.

La historia toca temas interesantes —la soledad, el sentirse fuera de lugar, la necesidad de ser visto— y lo hace con delicadeza. El problema no es lo que cuenta, sino cómo lo cuenta. Pixar parece haber interiorizado tan bien su propia fórmula que ahora la ejecuta casi en piloto automático. Los momentos emotivos llegan cuando tienen que llegar, las lecciones están claras, y la aventura nunca se descontrola. Todo es correcto, incluso bonito, pero rara vez sorprende de verdad.

Visualmente, eso sí, Elio está a un nivel altísimo. El diseño del universo, los colores, las texturas y la imaginación puesta en cada criatura y escenario recuerdan por qué Pixar sigue siendo referencia en animación. Hay secuencias que entran por los ojos de inmediato y transmiten esa sensación de asombro que el estudio sabe manejar tan bien, incluso cuando la historia no termina de despegar del todo.

Donde la película se queda un paso por detrás es en su peso emocional. Quiere tocar la fibra, y a ratos lo consigue, pero sin la profundidad ni el riesgo de otros títulos del estudio. Da la impresión de que evita complicarse más de la cuenta, como si tuviera miedo de incomodar o de perder a parte del público. El resultado es una experiencia amable, empática, pero algo ligera para lo que Pixar nos ha acostumbrado.

Elio es, en definitiva, una película entretenida, bien hecha y fácil de disfrutar. No es un tropiezo, ni mucho menos, pero tampoco marca un antes y un después. Funciona como cine familiar, cumple con lo que promete y deja una sensación cálida al terminar. Eso sí, también refuerza la idea de que Pixar atraviesa una etapa en la que prefiere repetir esquemas conocidos antes que lanzarse al vacío creativo como hacía antes. Y quizá ahí esté su mayor límite.

(ENGLISH) There’s something immediately pleasant about Elio. From the very first minutes, it feels colorful, lively, and welcoming, with Pixar’s craftsmanship evident in every frame. Everything works… and yet, there’s also a lingering sense that we’ve been here before. Not in this exact setting, but certainly in this structure, this emotional journey, and this careful way of moving forward without straying too far off course.

The story touches on meaningful themes — loneliness, feeling out of place, the need to be seen — and does so with sensitivity. The issue isn’t what it wants to say, but how it chooses to say it. Pixar seems to have internalized its own formula so thoroughly that it now executes it almost on autopilot. Emotional beats arrive right on cue, lessons are clearly signposted, and the adventure never truly risks spinning out of control. Everything is solid, even charming, but genuine surprise is rare.

Visually, however, Elio is operating at a very high level. The universe design, colors, textures, and sheer imagination behind every creature and environment remind us why Pixar remains a benchmark in animation. Some sequences instantly captivate and deliver that sense of wonder the studio knows so well how to create, even when the story itself doesn’t fully take off.

Where the film falls slightly short is in its emotional weight. It aims to move the audience, and at times it succeeds, but without the depth or boldness of Pixar’s strongest works. There’s a feeling that it avoids pushing too far, as if reluctant to challenge or unsettle viewers. The result is a warm, empathetic experience that nevertheless feels a bit lightweight by the studio’s own standards.

In the end, Elio is an enjoyable, well-crafted film that’s easy to like. It’s far from a misstep, but it doesn’t redefine anything either. It works as family entertainment, delivers what it promises, and leaves a pleasant aftertaste. At the same time, it reinforces the sense that Pixar is currently in a phase where familiar structures feel safer than creative leaps into the unknown — and that may be its greatest limitation.",7.0,2026-01-02T01:01:50Z
333339,Ready Player One,mdcacho,"Filme de ciencia ficción inmersiva en realidad virtual. El trabajo es bueno en su realización, con espectaculares efectos especiales que hacen que verla en pantalla pequeña o con baja resolución pierda prácticamente todo su valor ... porque lo que se dice valor argumental, pues es bastante limitado, típico, facilón y de consumo de masas, y por tanto de inteligencia embrutecida por coca-colas y palomitas.

Aún así, si medita uno un poco sobre el contenido argumental hay algunas cosas que sí tienen un interés especial, particularmente esa reinmersión desde el mundo virtual llamado Oasis en la obra maestra del terror de Kubrick ""El Resplandor"" ... y además tiene cierto sentido del humor ... y claro, también reconozco que no me he leido el libro ... Venga, va, vamos a subirle al 6.",6.0,2019-07-23T09:06:11Z
333339,Ready Player One,Antonio Alaminos-Fernández,"In Ready Player One, Steven Spielberg adapts the pop-culture-packed novel by Ernest Cline. Set in the year 2045, the world is plagued by climate change and overpopulation, causing people to seek refuge in the virtual reality world of the OASIS. After its creator, James Halliday, passed away, he hid three Easter eggs within the virtual world, with the prize for finding them being control over the OASIS and a vast fortune. Wade Watts, an 18-year-old ""Gunter"" (egg hunter) and his allies, as well as the nefarious Innovative Online Industries, led by Nolan Sorrento, compete to find the eggs. The film is filled with pop culture references and CGI, but the story and characters are thin and not particularly engaging. The actors, including Tye Sheridan, Olivia Cooke, and Ben Mendelsohn, give solid performances, but the romance is forced and the villain is cartoonish. The visuals are spectacular at times, but the final battle becomes tedious. The references and nods to pop culture are fun, but ultimately the movie is just an average, CGI-filled adventure with a thin story.
_____________________
En Ready Player One, Steven Spielberg adapta la novela repleta de cultura pop de Ernest Cline. Ambientada en el año 2045, el mundo está plagado de cambios climáticos y superpoblación, lo que hace que las personas busquen refugio en el mundo de realidad virtual de OASIS. Después de que su creador, James Halliday, falleciera, escondió tres huevos de Pascua dentro del mundo virtual, y el premio por encontrarlos fue el control de OASIS y una gran fortuna. Wade Watts, un ""Gunter"" (cazador de huevos) de 18 años y sus aliados, así como las infames Innovative Online Industries, dirigidas por Nolan Sorrento, compiten para encontrar los huevos. La película está llena de referencias a la cultura pop y CGI, pero la historia y los personajes son débiles y no particularmente atractivos. Los actores, incluidos Tye Sheridan, Olivia Cooke y Ben Mendelsohn, brindan actuaciones sólidas, pero el romance es forzado y el villano es caricaturesco. Las imágenes son espectaculares por momentos, pero la batalla final se vuelve tediosa. Las referencias y los guiños a la cultura pop son divertidos, pero en última instancia, la película es solo una aventura promedio llena de CGI con una historia delgada.",7.0,2023-01-19T12:13:58Z
333339,Ready Player One,Jhon Carpi,"**#VistoEn2024 #ReadyPlayerOne (Revisión) 
El apartado visual de esta película, el CGi, todo lo técnico que tiene está pulido al milímetro y está perfectamente. Visualmente es una maravilla. Me parece sublime, sobre todo técnicamente creo que es un espectáculo visual que merece muchísimo la pena.

En cuanto a los actores protagonistas, pues la verdad es que me han gustado mucho, es cierto que me gustan más en su versión digital, es decir, sus avatares dentro del mundo virtual, pero lo hacen bastante bien y no hay ninguna pega. 

Quizás 140 minutos de duración para esta película es un poquito excesivo, yo creo que hubiese quitado algo de metraje de algunas escenas en el mundo real que a mí personalmente no me han aportado nada y que considero que acortando un poquito la película hubiese sido más redonda y más perfecta, pero bueno no te aburres en ningún momento, la historia está contada muy bien y perfectamente desarrollada. 

La banda sonora de Alan Silvestri me ha parecido brillante, encaja absolutamente muy bien con todo lo que estamos viendo. El villano de esta película… Su personalidad no me cuadra, no me termina de convencer, es un personaje que no me llegó a creer. Todas las referencias y sobre todo la escena de “El resplandor” son una delicia.

NOTA: ★★★★½ (9/10)**",,2024-01-25T09:05:57Z
205596,The Imitation Game (Descifrando Enigma),Antonio Alaminos-Fernández,"In ""The Imitation Game,"" Benedict Cumberbatch plays Alan Turing, a British genius who helped bring an end to World War II through computer science and math. The film, which is set in the 1930s and beyond, has an ""Oscar bait"" feel to it but manages to tell the story of a complex man who struggles to fit in with society. Cumberbatch does a great job of portraying Turing's brilliance, failures, persistence and cerebralness, while the supporting cast of Keira Knightley and Matthew Goode complement him well. Although the film may not be the most thrilling story, it stands out for its uniqueness compared to many other films that have come out since its release.
_______________________
En ""El juego de la imitación"", Benedict Cumberbatch interpreta a Alan Turing, un genio británico que ayudó a poner fin a la Segunda Guerra Mundial a través de la informática y las matemáticas. La película, que está ambientada en la década de 1930 y más allá, tiene una sensación de ""cebo de Oscar"", pero logra contar la historia de un hombre complejo que lucha por encajar en la sociedad. Cumberbatch hace un gran trabajo al retratar la brillantez, los fracasos, la persistencia y la mentalidad de Turing, mientras que el elenco secundario de Keira Knightley y Matthew Goode lo complementan bien. Aunque la película puede no ser la historia más emocionante, se destaca por su singularidad en comparación con muchas otras películas que han salido desde su estreno.",7.0,2023-01-21T13:24:51Z
383498,Deadpool 2,Antonio Alaminos-Fernández,"""Deadpool 2"" comienza donde lo dejó la primera película, con aún más acción, metabromas y humor vulgar. Ryan Reynolds regresa como el personaje principal, Wade Wilson, y se enfrenta al villano Cable (Josh Brolin) mientras intenta salvar a un joven mutante, Russell (Julian Dennison). La película también presenta a X-Force, un equipo reunido por Deadpool para ayudarlo en su misión.
Si bien la secuela ofrece mucho del mismo humor y acción que hizo que la primera película fuera un éxito, también tiene una historia más sólida y una profundidad emocional. El elenco, que incluye a Brolin, Dennison y Zazie Beetz, tienen una gran química y aportan sus propios e interesantes ángulos de personajes a la historia. La película está dirigida por David Leitch, quien crea algunas secuencias de acción visualmente impactantes. En general, ""Deadpool 2"" cumple su promesa de más acción y humor, pero también logra elevar la historia y los personajes de la primera película, convirtiéndola en una secuela digna.",8.0,2023-01-15T20:39:02Z
507086,Jurassic World: Dominion,Eduvo98@hotmail.com,Lo único bueno de le película fue ver a  Claire. Me gustó más Jurassic World,4.0,2022-08-26T01:45:43Z
507086,Jurassic World: Dominion,Abejo,"Evidentemente los yanquis tienen que ser superiores en todos a los latinos, incluso con los dinosaurios... No podían dejar que un latino y asqueroso Giganotosaurus matase a su querido T. Rex....",4.0,2023-02-19T00:25:11Z
507086,Jurassic World: Dominion,Marco-Hugo Landeta Vacas,"(CASTELLANO) Si uno va al cine buscando dinosaurios, persecuciones imposibles y nostalgia a raudales, Jurassic World: Dominion cumple. Tiene ese aroma de blockbuster clásico, con un ritmo ágil y una intención clara de cerrar el círculo conectando con la trilogía original. El regreso de Sam Neill, Laura Dern y Jeff Goldblum funciona, aunque en ocasiones parezca más un guiño constante que un desarrollo real de personajes.

El guion no se arriesga. Se limita a repetir fórmulas que ya funcionaron antes, a veces con menos chispa, pero con una factura técnica impecable. Hay persecuciones espectaculares, criaturas nuevas y localizaciones imponentes, pero también diálogos que no dicen gran cosa y escenas que podrían haber sido más intensas.

A ratos, la película parece perderse entre tramas paralelas, intentando dar protagonismo a demasiados personajes sin acabar de profundizar en ninguno. Sin embargo, es honesta con lo que propone: espectáculo puro, con un mensaje ecológico algo básico pero presente.

Lo cierto es que entretiene, y mucho. Aunque no esté a la altura de la magia del primer Jurassic Park, hay momentos que recuperan parte de ese asombro. Ver a los dinosaurios convivir con los humanos en entornos cotidianos tiene algo de perturbador y fascinante a la vez.

¿La saga merecía un final así? Puede que no sea épico ni redondo, pero al menos respeta el espíritu aventurero que siempre la caracterizó. Y para los que crecimos con estos bichos gigantes, eso ya es bastante.

(ENGLISH) If you're going to the cinema for dinosaurs, wild chases, and a good dose of nostalgia, Jurassic World: Dominion delivers. It has the scent of a classic blockbuster, with a fast pace and a clear intention to close the circle by reconnecting with the original trilogy. The return of Sam Neill, Laura Dern, and Jeff Goldblum works well, even if it sometimes feels more like fan service than real character development.

The script plays it safe. It repeats formulas that worked before—sometimes with less spark—but the technical execution is spotless. There are spectacular chases, new creatures, and impressive locations, but also plenty of flat dialogue and scenes that could’ve packed more punch.

At times, the film gets lost in its parallel storylines, trying to give screen time to too many characters without diving deep into any. Still, it’s honest about what it offers: pure spectacle, with a simple but present ecological message.

Truth is, it’s entertaining. It may not reach the magic of the first Jurassic Park, but there are moments that recapture some of that awe. Seeing dinosaurs roam around everyday settings is both disturbing and fascinating.

Did the saga deserve an ending like this? Maybe it’s not epic or flawless, but it respects the adventurous spirit that defined it. And for those of us who grew up with these giant beasts, that’s more than enough.",8.0,2025-07-06T02:31:47Z
