film_id,title,release_date,vote_average,overview,popularity
1339713,Obsesión,2026-05-13,7.907,El anhelo romántico desesperado de un chico por su amor platónico de toda la vida desencadena un siniestro hechizo: Niki se vuelve irracionalmente obsesiva hasta convertirse en la sombra de Bear. Una fantasía aparentemente inofensiva que se convertirá en una perturbadora pesadilla.,592.6272
1304313,La momia de Lee Cronin,2026-04-15,8.065,"La joven hija de un periodista desaparece en el desierto sin dejar rastro—ocho años más tarde, la familia rota se conmociona cuando ella es devuelta a ellos, y lo que debiera haber sido una reunión jubilosa se convierte en una auténtica pesadilla.",493.1318
1433117,Kara,2026-04-30,5.6,"Un ladrón trata de enderezarse, pero, cuando su padre se endeuda por culpa de las condiciones abusivas de los bancos, vuelve a robar... y un policía implacable le pisa los talones.",412.1843
1380291,Jack Ryan de Tom Clancy: Guerra Encubierta,2026-05-20,7.134,"En esta nueva película, Jack Ryan se ve empujado de vuelta al espionaje cuando una misión secreta internacional destapa una conspiración mortal. Contra reloj, se une a Mike November y James Greer, sus aliados de la CIA, y a Emma Marlow, una perspicaz agente del MI6, para enfrentarse a una unidad de operaciones encubiertas en una batalla muy personal y arriesgada.",301.4835
1439930,The Punisher: One Last Kill,2026-05-12,8.375,"Mientras Frank Castle busca propósito más allá de la venganza, una fuerza inesperada lo arrastra de nuevo a la lucha.",275.098
1083381,Backrooms,2026-05-27,6.7,Una puerta extraña aparece en el sótano de una sala de exposición de muebles.,299.9356
687163,Proyecto Salvación,2026-03-15,8.649,"El profesor de ciencias Ryland Grace se despierta en una nave espacial a años luz de casa sin recordar quién es ni cómo ha llegado hasta allí. A medida que recupera la memoria, empieza a descubrir su misión: resolver el enigma de la misteriosa sustancia que provoca la extinción del sol. Deberá recurrir a sus conocimientos científicos y a sus ideas poco ortodoxas para salvar todo lo que hay en la Tierra de la extinción... pero una amistad inesperada significa que quizá no tenga que hacerlo solo.",263.7195
1226863,Super Mario Galaxy la película,2026-04-01,8.105,"Secuela de 'Super Mario Bros: La película', basada en la saga 'Mario Galaxy'. Los hermanos Mario y Luigi y la princesa Peach emprenden una aventura hasta los confines del espacio y a través de la galaxia.",245.9191
603,Matrix,1999-03-31,8.247,"Thomas Anderson lleva una doble vida: por el día es programador en una importante empresa de software, y por la noche un hacker informático llamado Neo. Su vida no volverá a ser igual cuando unos misteriosos personajes le inviten a descubrir la respuesta a la pregunta que no le deja dormir: ¿qué es Matrix?",203.5157
1582770,Patriotismo 2,2026-03-18,7.3,"Hamza Ali Mazari, cuya verdadera identidad es Jaskirat Singh Rangi, continúa su operación encubierta en el mundo criminal de Pakistán mientras rastrea a Majo.",242.624
1007757,Intercambiados,2026-05-01,8.973,"Una pequeña criatura del bosque intercambia el cuerpo con un majestuoso pájaro del valle, lo que los obliga a colaborar para sobrevivir a la aventura más salvaje de sus vidas.",228.4569
1523145,Tu corazón se romperá,2026-03-26,6.801,"Polina, una estudiante de secundaria, encuentra un salvavidas inesperado frente al acoso que sufre en su nuevo instituto. Para frenar el bullying, sella un pacto con Bars, el cabecilla de los abusadores: él fingirá ser su novio y se convertirá en su protector, pero a cambio, ella tendrá que obedecerle en todo lo que él le pida.  Lo que empieza como un juego de supervivencia se complica cuando la química entre los dos se vuelve real. Sin embargo, su historia tiene los días contados: tanto sus familias como sus propios compañeros harán lo imposible por dinamitar una relación que nadie aprueba.",222.3925
405818,Door II : Tokyo Diary,1991-04-25,6.071,,157.6389
1065834,കാട്ടാളൻ,2026-05-14,6.0,,193.8304
1371023,चाँद मेरा दिल,2026-05-22,3.833,,168.7179
931285,Mortal Kombat II,2026-05-06,6.742,"Los campeones favoritos de los fans, ahora acompañados por el propio Johnny Cage, se enfrentan cara a cara en la definitiva y sangrienta batalla a muerte para vencer al oscuro régimen de Shao Kahn, que amenaza la existencia del Reino de la Tierra y a sus defensores.",136.6666
1419406,Escuadrón letal,2025-08-16,7.522,"Unos astutos y traicioneros ladrones desafian a la Policía Judicial de Macao. La Policía, que se encontraba en una dura batalla, invita de nuevo al experto en rastreo Huang De Zhong, retirado desde hace muchos años, a unir fuerzas con la joven élite del Departamento de Investigación Criminal de la Policía Judicial. Bajo la colisión de las técnicas tradicionales de rastreo y la alta tecnología, la policía y los criminales luchan con ingenio y valentía, y se lanzan a un duelo entre el bien y el mal parecido al juego del gato y el ratón.",168.6485
83533,Avatar: Fuego y ceniza,2025-12-17,7.542,"Jake Sully y Neytiri enfrentan una nueva amenaza en Pandora: los Ash People, una tribu Na'vi violenta y sedienta de poder, liderada por la implacable Varang. Tras la devastadora guerra contra la RDA y la pérdida de su hijo mayor, la familia de Jake deberá luchar por su supervivencia y el futuro de Pandora en un conflicto que llevará a los personajes a sus límites emocionales y físicos. Con nuevos y antiguos aliados, esta épica visual y emocional redefine el destino de un mundo al borde del abismo.",145.5936
1116201,Iron Lung,2026-01-30,7.166,"En un futuro devastado por ""El Rapto Silencioso"", un prisionero navega un océano de sangre en una luna desolada usando un submarino llamado ""Iron Lung"" mientras busca estrellas y planetas perdidos.",150.7604
976912,Graphic Desires,2023-08-31,6.951,"Cuando el recluso Franklin engaña a su chica con una misteriosa mujer que conoce en una aplicación de citas, se convierte en el inicio de una obsesión mortal.",146.527
1320660,पति पत्नी और वो दो,2026-05-15,7.5,,133.8696
1228710,The Mandalorian and Grogu,2026-05-20,6.845,"Continuación de la serie ""The Mandalorian"" en forma de película. El Imperio ha caído y los señores de la guerra imperiales siguen dispersos por toda la galaxia. Mientras la incipiente Nueva República trabaja para proteger todo por lo que luchó la Rebelión, ha reclutado la ayuda del legendario cazarrecompensas mandaloriano Din Djarin y su joven aprendiz Grogu.",144.93
350,El diablo viste de Prada,2006-06-29,7.427,"En el vertiginoso mundo de la moda en Nueva York, la revista 'Runway' es el Santo Grial. Dirigida con puño de hierro y elegante manicura por Miranda Priestly, trabajar en ella es un temible reto para todo aquel que quiera triunfar en ese mundo. Hacerlo como ayudante de Miranda podría abrirle cualquier puerta a Andy Sachs, recientemente graduada. Pero ella es una chica que destaca por su desaliño dentro del pequeño ejército de guapísimas redactoras de la revista. Andy comprende muy pronto que para triunfar en ese negocio va a necesitar algo más que iniciativa y determinación. Y la prueba definitiva está delante de ella, vestida de Prada de pies a cabeza.  Es una mierda de película!!",129.9547
460465,Mortal Kombat,2021-04-07,7.036,Un boxeador fracasado descubre un secreto familiar que lo lleva a un torneo místico llamado Mortal Kombat donde se encuentra con un grupo de guerreros que luchan hasta la muerte para salvar los reinos del malvado hechicero Shang Tsung.,125.3647
249397,Nymphomaniac. Volumen 2,2013-12-25,6.712,"Historia de una ninfómana contada por ella misma. Una fría noche invernal, un viejo solterón encuentra en un callejón a una joven herida y casi inconsciente. Después de recogerla y cuidarla, siente curiosidad por saber cómo pudo haber llegado a semejante situación; escucha atentamente el relato que ella hace de su vida, una vida llena de conflictos y turbias relaciones.",139.3247
1510339,ಮಾರ್ಕ್,2025-12-25,4.0,,141.0003
1367220,கருப்பு,2026-05-14,7.364,,133.5094
1390300,Over Your Dead Body,2026-04-24,6.772,"Una pareja con problemas se dirige a una cabaña remota supuestamente para reconectar, pero cada uno tiene planes secretos para matar al otro. Remake del film noruego de 2021 'El viaje', de Tommy Wirkola.",127.4644
44980,Zero WOMAN ＩＩ　警視庁０課の女,1995-09-05,5.0,,115.9063
1327819,Hoppers,2026-03-04,8.2,"Una amante de los animales aprovecha la oportunidad de utilizar una tecnología que coloca su conciencia en un castor robótico, descubriendo misterios dentro del mundo animal que van más allá de lo que podría haber imaginado.",122.1005
11012,Herida,1992-12-02,6.555,"Peligrosa aventura de amor y sexo entre un hombre maduro y la prometida de su hijo. Él es un respetable miembro del Parlamento, pero está dispuesto a dejarlo todo por ella; ella, calculadora y pragmática, está decidida a casarse con su novio.",119.1866
1311031,Guardianes de la noche: Kimetsu no Yaiba La fortaleza infinita,2025-07-18,7.728,El Cuerpo de Cazadores de Demonios se enfrenta a los Doce Kizuki restantes antes de enfrentarse a Muzan en el Castillo del Infinito para derrotarlo de una vez por todas.,108.0374
186745,El amor violado,1978-01-10,5.6,Cuatro hombres violan una noche a una enfermera en Grenoble. La mujer cree que jamás se recuperará del trauma. Sigue el consejo de una amiga y presenta una demanda.,123.8343
1472951,Dura de matar,2026-04-10,5.2,"En una ciudad invadida por el crimen, la agente del gobierno Lily Chen se ve obligada a elegir entre su deber y su familia cuando secuestran a su marido y la chantajean para que asesine a criminales de alto nivel para salvarlo. A medida que se adentra en el submundo criminal, la implacable búsqueda de justicia de Lily desenmaraña una red de corrupción que la llevará a tomar una decisión final que cambiará su mundo para siempre.",106.7725
1318447,Depredador dominante,2026-04-24,6.736,Una mujer en duelo se adentra en la naturaleza de Australia para ponerse a prueba y queda atrapada en un juego mortal con un astuto asesino que la considera su presa.,102.9897
1297842,GOAT: Como cabras,2026-02-11,8.12,"Will es una pequeña cabra con grandes sueños que recibe una oportunidad única en la vida para unirse a los profesionales y jugar al rugebol, un deporte de alta intensidad, mixto y de contacto total dominado por los animales más rápidos y feroces del mundo. A los nuevos compañeros de equipo de Will no les entusiasma tener a una cabrita en su plantilla, pero Will está decidido a revolucionar el deporte y demostrar de una vez por todas que «¡los pequeños saben jugar!».",102.61
936075,Michael,2026-04-22,7.57,"El viaje de Michael Jackson más allá de la música, desde el descubrimiento de su extraordinario talento como líder de los Jackson Five hasta convertirse en una visionaria estrella cuya ambición creativa despertó un incansable afán por consagrarse como el mayor icono de la industria del entretenimiento.",100.8609
1252051,Disforia,2025-09-20,4.833,"Esther y Tomás son un matrimonio joven que huye de los saqueos de su ciudad y de la crisis general del país, que está sumido en el caos. Junto a su hija Say, de ocho años, se dirigen hacia la casa de campo donde veraneaban en tiempos mejores. Su plan es venderla y huir a Francia. Hay una compradora interesada con la que han quedado para cerrar el acuerdo. Pero su plan no saldrá como esperaban.",81.3641
1291608,Patriotismo,2025-12-05,7.155,"A principios de los 2000, en la India, un operativo encubierto se infiltra en el submundo de Karachi para desmantelar una violenta red criminal. Entre traiciones al estilo shakesperiano y complejas operaciones de espionaje, el patriotismo se pone a prueba hasta el límite.",85.242
1239134,भूत बंगला,2026-04-16,6.5,,85.5625
1431071,System,2026-05-22,7.5,Las vidas de la fiscal privilegiada Neha Rajvansh y la humilde taquígrafa Sarika Rawat chocan en un sistema en el que el poder moldea la verdad y las obliga a cuestionar el significado de la justicia.,73.1613
1292415,Beast (La bestia),2026-04-10,6.228,"Con la ayuda de su antiguo entrenador, un campeón de MMA retirado e invicto regresa a la jaula para vengar la muerte de su hermano y resolver sus problemas financieros.",80.0016
848116,रॉकी और रानी की प्रेम कहानी,2023-07-28,6.201,,90.3712
1084242,Zootrópolis 2,2025-11-26,7.648,"Después de resolver el caso más importante en la historia de Zootrópolis, los policías novatos Judy Hopps y Nick Wilde descubren que su asociación no es tan sólida como pensaban cuando el Jefe Bogo les ordena unirse al programa de consejería ""Compañeros en Crisis"". Pero no pasa mucho tiempo para que su asociación se ponga a prueba al máximo, cuando la llegada de Gary, la serpiente, pone la ciudad patas arriba.",80.9678
28322,Vacaciones para matar,1980-03-20,4.969,"Un fugitivo trata de recuperar el botí­n de un robo que había escondido en una casa de montaña antes de ser detenido. Allí en lugar de pasar el fin de semana solos un matrimonio y la joven hermana de la mujer serán espiados a la espera de aprovechar la oportunidad idónea para recuperar los bienes robados, descubre sus secretos más morbosos antes de agredirlos para recuperar su botín.",80.3941
1426822,Mortal Game,2025-02-03,4.917,"Un grupo de cazadores viaja a una isla remota para rastrear a una criatura legendaria. Al descubrir que su guía los ha traicionado para usarlos como carnada, quedan atrapados y a merced de un depredador inteligente que los acecha uno a uno.",72.6178
39254,Acero puro,2011-09-28,7.094,"En un futuro no muy lejano, el boxeo es robótico: en los combates ya no se enfrentan seres humanos, sino robots humanoides, sofisticadas máquinas diseñadas para luchar. Charlie Kenton, un antiguo púgil que casi llegó a alcanzar la gloria, está pasando una mala racha como promotor de combates. Un día, encuentra un viejo robot desechado y, al comprobar que es un gran boxeador, decide entrenarlo.",79.8872
278,Cadena perpetua,1994-09-23,8.722,"Acusado del asesinato de su mujer, Andrew Dufresne, tras ser condenado a cadena perpetua, es enviado a la prisión de Shawshank. Con el paso de los años conseguirá ganarse la confianza del director del centro y el respeto de sus compañeros presidiarios, especialmente de Red, el jefe de la mafia de los sobornos.",75.682
1571594,La fotógrafa,2025-10-30,4.0,"Inna, una joven fotógrafa post mortem, es contratada para fotografiar el cuerpo sin vida de Alejandra en un orfanato al norte de España. Pero en su intento por documentar la tragedia de Alejandra, Inna descubre algo aterrador que se esconde tras las paredes de aquel lugar.",81.2033
744275,After: Almas perdidas,2021-09-01,7.004,"Cuando Tessa toma la decisión más importante de su vida, todo cambia. Los secretos que salen a la luz sobre su familia y la de Hardin ponen en peligro su relación y su futuro juntos. La vida de Tessa empieza a romperse en pedazos y ya nada será como antes. Aunque sabe que Hardin la quiere, estas dos almas perdidas están rodeadas de celos, odio... y perdón. Hasta ahora, el amor era suficiente para mantener su relación a flote, pero ¿de verdad sigue mereciendo la pena?",79.0071
235271,Perversa adicción,2014-10-10,5.918,"La adicción al sexo de Zoe Reynard, una exitosa mujer de negocios, amenaza con arruinar su vida familiar junto a su marido y sus dos hijos.",79.5455
1699574,देऊळ बँड 2,2026-05-21,0.0,,76.1905
157336,Interstellar,2014-11-05,8.5,Un grupo de exploradores hacen uso de un agujero de gusano recientemente descubierto para superar las limitaciones de los viajes espaciales tripulados y vencer las inmensas distancias que tiene un viaje interestelar.,72.7369
1122573,En la zona gris,2026-05-13,6.6,"Un equipo encubierto de agentes de élite viven en la sombra, tan cómodos manejando el poder y la influencia como armas automáticas y explosivos de gran potencia. Cuando un déspota roba una fortuna de mil millones de dólares, son enviados a recuperarla en lo que para cualquier otro sería una misión suicida. Lo que comienza como un atraco imposible empeora aún más y se convierte en una guerra total de estrategia, engaño y supervivencia.",73.2026
1368881,Las damas primero,2026-05-21,6.021,"Un mujeriego engreído pero encantador despierta en un mundo paralelo donde mandan las mujeres... y su vida de lujo, ligoteo y poder se va al garete.",64.3379
980431,La leyenda de Aang: El último Airbender,2026-10-09,0.0,"Película de animación que seguirá a Aang y sus amigos, ahora como jóvenes adultos, varios años después de los acontecimientos del final de 'Avatar: The Last Airbender'.",68.4181
980477,Ne Zha 2,2025-01-29,8.162,"Cuando los cuerpos de los dos amigos, Aobing y Nezha, están a punto de ser destruidos, se les permite que sus almas sigan existiendo. Su maestro, Taiyi Zhenren, restaura sus cuerpos con la ayuda de una flor de loto. Después de esto, Nezha parte en busca de enfrentar al Rey Dragón del Mar del Este, Ao Guang.",53.8302
1316427,7 كلاب,2026-05-27,4.333,,67.5942
1368166,La asistenta,2025-12-18,7.25,"Una joven (Sydney Sweeney), con un pasado complicado comienza a trabajar como asistenta en la lujosa casa de los Winchester. A medida que se adentra en la vida de la familia, descubrirá secretos oscuros que pondrán en peligro su seguridad, pero quizá ya sea demasiado tarde... Adaptación de la novela de Freida McFadden.",66.6006
454639,He-Man y los masters del universo,2026-06-03,7.889,"En las regiones más lejanas del espacio, el reino de Eternia está amenazado por el villano Skeletor y sus traviesos ejércitos de oscuridad. Para salvar el reino de su padre y proteger las vidas de sus seres queridos, el joven príncipe Adam tiene que recuperar una espada mítica y convertirse en el legendario guerrero conocido como ""He-Man"".",67.9524
441168,La doble vida de Miriam,2017-02-11,5.843,"Cuando un cambio de circunstancias deja a Miriam incapaz de pagar sus estudios universitarios, toma una decisión sorprendente: comenzar a actuar en películas para adultos, usando el seudónimo Belle Knox. Miriam se encuentra con su familia y sus amigos en la escuela, manteniendo su doble vida en secreto. Pero pronto se difundieron rumores y Miriam se convirtió en el sujeto de ataques en línea viciosos y atención no deseada. Miriam responde: habla con los medios de comunicación, diciendo que su nueva línea de trabajo le da poder como feminista. Pero su postura confiada tiene consecuencias no deseadas. Miriam es rechazada por su familia conservadora y sus colegas en el mundo del cine adulto. Una decisión impulsiva ha salido rápidamente fuera de control y los problemas de Miriam apenas están comenzando.",63.6504
1157008,Dime lo que quieres (de verdad),2023-07-27,7.629,"Diego y Emilia son una pareja conservadora con 16 años de matrimonio que ha perdido la chispa, hasta que Tomás y Betina los rescatan y los introducen en el mundo prohibido, cambiando lo que saben sobre la intimidad, las relaciones y el sexo.",66.5754
1242265,Cuenta atrás,2026-03-23,6.42,"Unos obreros de la construcción encuentran una bomba de la Segunda Guerra Mundial sin explotar en pleno centro de Londres, lo que les obliga a evacuar la ciudad para salvar a la multitud de transeúntes inocentes que se encuentran en las inmediaciones. Unos ladrones oportunistas aprovecharán el caos para llevar a cabo un elaborado atraco.",58.9148
1330021,Criaturas luminosas,2026-05-07,8.555,"En este drama, basado en el bestseller homónimo, una viuda forja un vínculo con un pulpo muy listo y un joven a la deriva mientras trabaja de noche en un pequeño acuario.",59.901
879945,L'homme inconnu,2021-10-16,7.8,,73.5147
1632181,Socias por accidente,2026-03-12,9.11,"Alexa, una elegante relacionista pública, y Regina, una entrenadora de carácter fuerte y espíritu independiente, llevan vidas completamente opuestas hasta que un mismo hombre entra en su historia. Tras una coincidencia inesperada, ambas descubren que fueron engañadas por la misma persona y que sus caminos están más entrelazados de lo que imaginaban. Obligadas a unir fuerzas, Alexa y Regina pasarán de la desconfianza a una alianza improbable que pondrá a prueba sus diferencias, sus decisiones y su idea de lo que significa apoyarse entre mujeres.",58.6116
1290821,Shelter: El Protector,2026-01-28,7.623,"Un recluso en una remota isla escocesa rescata a una niña del mar, desencadenando una peligrosa secuencia de acontecimientos.",64.6299
840464,Greenland 2,2026-01-07,6.438,"Después de sobrevivir al fin del mundo por la caída de un cometa, Jeff Garrity, junto con su mujer Allison y su hijo Nathan, deciden abandonar el búnker que les ha mantenido a salvo cinco años para buscar una zona en Europa que podría ser habitable. Así, el último refugio es el principio de un nuevo comienzo. Juntos emprenderán un viaje donde los desastres naturales y los humanos que sobrevivieron han convertido el mundo en un auténtico infierno.",60.9098
1103473,ಕೆಡಿ - ದಿ ಡೆವಿಲ್,2026-04-30,5.0,,70.4246
1639398,Psicópata: El Asesino del Conejo Blanco,2026-03-19,7.425,,56.3331
1663082,The Last Supper,2025-10-23,10.0,"En una casa desierta, un hombre misterioso saborea un exquisito menú en compañía de un huésped invisible. Desde esta espeluznante mesa, se revelan una sucesión de historias aterradoras, cada una de las cuales explora los miedos primitivos al hambre, la carne y la supervivencia.",57.1736
1628367,La fuerza del deber,2026-05-15,6.471,"Con la seguridad de su familia en juego y rodeado de amenazas, un policía deberá decidir hasta dónde está dispuesto a llegar para cumplir con su deber.",56.4318
1196067,Worldbreaker,2025-10-30,6.028,"2030. Una biotoxina ha destrozado la civilización, transformando a los humanos en bestias letales conocidas como ""devoradores"". Para asegurar su seguridad, un hombre (Luke Evans) busca refugio en una isla desierta con su hija. Pero la llegada de un náufrago desencadena un enfrentamiento mortal. Padre e hija deben unir fuerzas para sobrevivir en un mundo donde ningún lugar es seguro.",54.768
1242898,Predator: Badlands,2025-11-05,7.759,Un joven Predator rechazado por su clan encuentra un aliado inesperado en Thia y emprende un peligroso viaje en busca del adversario definitivo.,61.4801
1375646,Colony,2026-05-21,6.6,"El profesor Se-jeong es arrojado a una pesadilla cuando un  virus en rápida mutación se libera durante una conferencia de  biotecnología, lo que lleva a las autoridades a sellar las  instalaciones. Atrapado dentro sin escapatoria, Se-jeong, junto a un  pequeño grupo de supervivientes, debe luchar por mantenerse con vida  mientras los infectados sufren transformaciones horribles.",60.3331
1301421,Las ovejas detectives,2026-04-30,7.6,"Cada noche, un pastor lee en voz alta un asesinato misterioso, fingiendo que sus ovejas pueden entenderlo. Cuando lo encuentran muerto, las ovejas se dan cuenta enseguida de que ha sido un asesinato y creen saber cómo resolverlo.",59.9913
78192,Michael Jackson. La vida de un ídolo,2011-11-02,8.137,"""Michael Jackson: La vida de un Ídolo"" muestra la vida del cantante detrás de las cámaras, desde su infancia con los Jackson 5, pasando por su consagración como solista a nivel mundial y recordando los momentos previos a su repentina muerte en 2009. Dirigido por Andrew Eastel y producido por un amigo íntimo de la infancia de Michael Jackson, David Gest, “Michael Jackson: la vida de un ídolo” supone para Katherine Jackson la primera oportunidad de ofrecer su versión de la historia sobre su hijo: su infancia en Gary, su ciudad natal; su apoyo durante los juicios a los que se enfrentó Michael; y cómo salieron adelante tras estos capítulos.",55.735
64641,La colegiala se enamora,1974-02-28,4.7,"Una joven es el objeto de deseo de todos sus compañeros, uno de los cuales le ofrece una gran suma de dinero por sus favores, pero ella lo rechaza por estar enamorada de un profesor.",56.5896
1630423,Sangre asesina,2026-05-06,8.627,"A una mujer le espera una bala con su nombre por culpa de su extraño grupo sanguíneo, pero encuentra cobijo en los brazos del asesino al que ama, y juntos luchan por sobrevivir.",53.2773
1275779,El día de la revelación,2026-06-10,0.0,"Si descubrieras que no estamos solos, si alguien te abriera los ojos y te lo demostrase, ¿te asustarías?",58.475
1273221,Scary Movie,2026-06-03,5.8,"Veintiséis años después de conseguir escapar de un asesino enmascarado sospechosamente familiar, el Core Four están de vuelta en el punto de mira del asesino y ninguna película de terror está a salvo.",56.1572
1084244,Toy Story 5,2026-06-17,0.0,"Buzz, Woody, Jessie y el resto de la pandilla tienen un trabajo exponencialmente más difícil cuando se enfrentan a esta nueva amenaza para la hora de jugar: la tecnología.",55.9036
1002398,Donselya,2024-10-29,6.591,,54.6653
24428,Los Vengadores,2012-04-25,8.035,"Cuando un enemigo inesperado surge como una gran amenaza para la seguridad mundial, Nick Fury, director de la Agencia SHIELD, decide reclutar a un equipo para salvar al mundo de un desastre casi seguro.",49.7487
1325734,El drama,2026-03-26,7.0,"Una pareja, en los días previos a su boda, se enfrenta a una crisis cuando unas inesperadas revelaciones desbaratan lo que uno de ellos creía saber sobre el otro.",54.4453
1281425,Cisza nocna,2024-10-31,4.7,,46.5538
299536,Vengadores: Infinity War,2018-04-25,8.236,"El todopoderoso Thanos ha despertado con la promesa de arrasar con todo a su paso, portando el Guantelete del Infinito, que le confiere un poder incalculable. Los únicos capaces de pararle los pies son los Vengadores y el resto de superhéroes de la galaxia, que deberán estar dispuestos a sacrificarlo todo por un bien mayor. Capitán América e Ironman deberán limar sus diferencias, Black Panther apoyará con sus tropas desde Wakanda, Thor y los Guardianes de la Galaxia e incluso Spider-Man se unirán antes de que los planes de devastación y ruina pongan fin al universo. ¿Serán capaces de frenar el avance del titán del caos?",50.4053
1198994,SEND HELP (Enviad ayuda),2026-01-22,7.043,"Después de que un accidente de avión deje varados en una isla remota a una competente empleada y a su insoportable jefe, ella deberá utilizar sus habilidades de supervivencia para mantenerlos a ambos con vida, a pesar de su difícil relación.",51.8299
755898,La guerra de los mundos,2025-07-29,4.105,"Will Radford, un destacado analista de ciberseguridad, pasa sus días rastreando posibles amenazas a la seguridad nacional a través de un programa de vigilancia masiva. Un ataque de una entidad desconocida le lleva a cuestionarse si el gobierno le está ocultando algo a él... y al resto del mundo.",56.11
19995,Avatar,2009-12-16,7.605,"Año 2154. Jake Sully, un exmarine en silla de ruedas, es enviado al planeta Pandora, donde se ha creado el programa Avatar, gracias al cual los seres humanos pueden controlar de forma remota un cuerpo biológico con apariencia y genética de la especie nativa. Pronto se encontrará con la encrucijada entre seguir las órdenes de sus superiores o defender al mundo que le ha acogido y siente como suyo.",48.9647
1246049,Drácula,2025-07-30,7.129,"Tras una devastadora pérdida, el príncipe Vlad II, conde Drácula (Caleb Landy Jones), renuncia a Dios y es maldecido a la vida eterna, condenado a vagar solitario a lo largo de los siglos. Este es el relato sobre la historia de amor jamás contada del infame vampiro, que desafiará al destino y la mortalidad en busca de su amor perdido.",50.4476
847742,ദൃശ്യം 3,2026-05-21,7.0,,49.9584
1266127,Noche de bodas 2,2026-03-19,7.698,"Momentos después de sobrevivir a un ataque de la familia Le Domas, Grace descubre que ha alcanzado el siguiente nivel del juego, y esta vez acompañada por su hermana Faith, con quien mantiene una relación distante. Grace tiene una oportunidad para sobrevivir, mantener con vida a su hermana y reclamar el Alto Trono del Consejo que controla el mundo. Cuatro familias rivales la persiguen para hacerse con el trono, y quien gane lo gobernará todo.",52.6305
204407,Bosco d'amore,1981-09-08,4.667,,48.8375
1010581,Culpa mía,2023-06-08,7.736,"Noah debe dejar su ciudad, novio y amigos para mudarse a la mansión de William Leister, el flamante y rico marido de su madre Rafaela. Por otro lado, con 17 años, orgullosa e independiente, Noah se resiste a vivir en una mansión rodeada de lujo. Allí conoce a Nick, su nuevo hermanastro, y el choque de sus fuertes personalidades se hace evidente desde el primer momento.",52.8768
1662414,Ven a volar conmigo,2026-05-15,6.421,"Durante la edad de oro de la aviación, un joven entusiasta de los aviones y su madre emprenden un viaje cruzando todo el país hasta Hollywood – y un simple vuelo se transforma en la travesía de su vida.",46.685
1515729,Blast,2026-05-28,7.0,,59.6616
337167,Cincuenta sombras liberadas,2018-01-17,6.675,"Creyendo que han dejado atrás las sombras del pasado, Christian y Anastasia disfrutan de su relación y de su vida llena de lujos. Pero justo cuando Ana empieza a relajarse, aparecen nuevas amenazas que ponen en riesgo su felicidad.",48.2108
1247165,Raja Shivaji,2026-05-01,9.0,"Película basada en la vida de uno de los más grandes reyes guerreros de la India, Chhatrapati Shivaji Maharaj, quien se alzó contra poderosas fuerzas para sentar las bases del Swarajya. Vive este gran espectáculo histórico, creado para la pantalla grande.",46.1558
1314481,El diablo viste de Prada 2,2026-04-29,6.615,"Sigue la lucha de Miranda Priestly contra Emily Charlton, su ex asistente convertida en ejecutiva rival, mientras compiten por los ingresos por publicidad en medio de la decadencia de los medios impresos y Miranda se acerca a la jubilación.",48.2774
62029,Bingo Bongo,1982-12-23,5.707,"Bingo Bongo ha sido criado por monos en la jungla. Después de ser capturado, enjaulado y enviado de vuelta a la civilización, empieza a trabajar con una bella antropóloga que le enseña todo lo que necesita saber para hablar, comer bien y enamorarse.",38.1948
1292695,Te van a matar,2026-03-23,7.002,"Una mujer acepta un trabajo como ama de llaves en un rascacielos de Nueva York, sin conocer el historial de desapariciones del edificio. Pronto se da cuenta de que la comunidad está rodeada de misterio.",44.6487
1579,Apocalypto,2006-12-07,7.629,"Historia ambientada en la época del imperio maya. Cuando la idílica existencia de los mayas es brutalmente interrumpida por el ataque de una fuerza invasora, un hombre emprende un arriesgado viaje a un mundo regido por el miedo y la opresión en el que le espera un incierto final. Debido a un giro del destino y espoleado por el amor a su esposa y a su familia, emprenderá el regreso a su hogar en un desesperado esfuerzo por preservar su forma de vida...",44.3378
1265609,Máquina de guerra,2026-02-12,7.349,"En una última misión agotadora durante el entrenamiento para ser ranger, un ingeniero de combate debe liderar a su unidad contra una gigantesca máquina asesina de otro mundo.",45.3613
1669051,Kesong Puti,2026-04-24,5.5,,45.7064
48650,Habitación en Roma,2010-05-07,6.41,"Verano de 2008. Se inspira en el film 'En la cama', del chileno Matías Bize. En un hotel del centro de Roma se conocen una rusa y una española. Al día siguiente Alba volverá a España y Natasha, a Rusia. En la habitación del hotel se respira una atmósfera cargada de erotismo y sensualidad. Entre ellas nace un sentimiento nuevo que ambas aceptan. Durante doce horas, las dos mujeres se confían sus vidas, hablan de sus compromisos y del amor sincero por sus respectivas parejas.",44.9691
1159559,Scream 7,2026-02-25,6.141,"Cuando un nuevo asesino Ghostface aparece en el tranquilo pueblo donde Sidney Prescott ha construido una nueva vida, sus peores miedos se hacen realidad cuando su hija se convierte en el siguiente objetivo. Decidida a proteger a su familia, Sidney debe enfrentarse a los horrores de su pasado para poner fin a la masacre de una vez por todas.",41.5539
238,El padrino,1972-03-14,8.687,"Don Vito Corleone, conocido dentro de los círculos del hampa como 'El Padrino', es el patriarca de una de las cinco familias que ejercen el mando de la Cosa Nostra en Nueva York en los años cuarenta. Don Corleone tiene cuatro hijos: una chica, Connie, y tres varones; Sonny, Michael y Fredo. Cuando el Padrino reclina intervenir en el negocio de estupefacientes, empieza una cruenta lucha de violentos episodios entre las distintas familias del crimen organizado.",44.7992
911430,F1 la película,2025-06-25,7.789,"El mítico piloto Sonny Hayes vuelve de su retiro, persuadido para liderar un equipo de Fórmula 1 en apuros y guiar a su joven promesa, en busca de una nueva oportunidad de éxito.",45.7015
155,El caballero oscuro,2008-07-16,8.531,"Batman/Bruce Wayne regresa para continuar su guerra contra el crimen. Con la ayuda del teniente Jim Gordon y del Fiscal del Distrito Harvey Dent, Batman se propone destruir el crimen organizado en la ciudad de Gotham. El triunvirato demuestra su eficacia, pero, de repente, aparece Joker, un nuevo criminal que desencadena el caos y tiene aterrados a los ciudadanos.",45.1293
1613798,Venganza,2026-02-26,7.453,"Carlos y Miguel son dos soldados de élite de las fuerzas especiales mexicanas y mejores amigos cuyas vidas cambian para siempre cuando Carlos es testigo del brutal asesinato de su esposa por manos de un despiadado asesino. Determinado a buscar justicia, emprende un peligroso viaje de venganza, alimentado por el dolor y armado con una lotería que cambia su vida.",42.5117
1171145,Ruta de escape,2026-02-11,7.0,"Davis es un escurridizo ladrón cuyos atracos de alto riesgo tienen desconcertada a la policía. Davis está planeando su mayor golpe, con la esperanza de que sea el último, cuando se cruza en su camino Sharon, una desilusionada ejecutiva de seguros con la que se ve obligado a trabajar, y Orman un ladrón rival, con métodos mucho más inquietantes que los de Davis. A medida que se acerca el golpe multimillonario, el implacable teniente Lubesnik, se acerca a la operación, aumentando considerablemente el riesgo de lo que está en juego y difuminando la línea entre cazador y presa. Pronto, cada uno tendrá que aceptar el coste de sus decisiones asumiendo que no hay vuelta atrás.",43.5449
122,El señor de los anillos: El retorno del rey,2003-12-17,8.5,"Las fuerzas de Saruman han sido destruidas, y su fortaleza sitiada. Ha llegado el momento de que se decida el destino de la Tierra Media, y por primera vez en mucho tiempo, parece que hay una pequeña esperanza. La atención del señor oscuro Sauron se centra ahora en Gondor, el último reducto de los hombres, y del cual Aragorn tendrá que reclamar el trono para ocupar su puesto de rey. Pero las fuerzas de Sauron ya se preparan para lanzar el último y definitivo ataque contra el reino de Gondor, la batalla que decidirá el destino de todos. Mientras tanto, Frodo y Sam continuan su camino hacia Mordor, a la espera de que Sauron no repare en que dos pequeños Hobbits se acercan cada día más al final de su camino, el Monte del Destino.",43.1726
1110034,Kraken,2026-02-06,5.8,"Johanne es una bióloga marina que está investigando en una piscifactoría de Vangsnes, una comunidad rural situada junto al fiordo, cuando se topa con varios sucesos extraños. Junto con las brutales muertes de dos adolescentes de la localidad, todos los indicios apuntan al profundo fiordo. ¿Puede haber más en las profundidades de lo que el ojo puede ver? En el fondo del fiordo más profundo de Noruega descansa un monstruo mítico tan grande como una montaña, con una miríada de brazos dispuestos a aplastar y devorar todo lo que puedan agarrar.",42.8258
634649,Spider-Man: No Way Home,2021-12-15,7.934,"Peter Parker es desenmascarado y por tanto no es capaz de separar su vida normal de los enormes riesgos que conlleva ser un súper héroe. Cuando pide ayuda a Doctor Strange, los riesgos pasan a ser aún más peligrosos, obligándole a descubrir lo que realmente significa ser Spider-Man.",42.5235
1280738,火遮眼,2026-06-10,0.0,,42.1086
77,Memento,2000-10-11,8.177,"Leonard Shelby sigue la pista del hombre que violó y asesinó a su mujer. Sin embargo, la dificultad de localizar al asesino de su esposa se ve agravada por el hecho de que padece una forma rara e intratable de pérdida de memoria a corto plazo. Aunque puede recordar detalles de la vida antes de su accidente, Leonard no puede recordar qué ha pasado hace quince minutos, adónde va o por qué.",39.5581
120,El señor de los anillos: La comunidad del anillo,2001-12-18,8.4,"En la Tierra Media, el Señor Oscuro Saurón creó los Grandes Anillos de Poder, forjados por los herreros Elfos. Tres para los reyes Elfos, siete para los Señores Enanos, y nueve para los Hombres Mortales. Secretamente, Saurón también forjó un anillo maestro, el Anillo Único, que contiene en sí el poder para esclavizar a toda la Tierra Media. Con la ayuda de un grupo de amigos y de valientes aliados, Frodo emprende un peligroso viaje con la misión de destruir el Anillo Único. Pero el Señor Oscuro Sauron, quien creara el Anillo, envía a sus servidores para perseguir al grupo. Si Sauron lograra recuperar el Anillo, sería el final de la Tierra Media.",41.2906
462183,Salvaje Despertar,2016-10-23,5.295,"‘Salvaje despertar’ es una cinta que reflexiona sobre el despertar sexual de dos hermanos, Emma y Toni. El problema surge cuando los protagonistas se enamoran del mismo chico. En la cinta se tratan las principales razones de la homofobia, entre las que se encuentran los miedos, las inseguridades y, en algunos casos, una homosexualidad reprimida.",40.1561
597,Titanic,1997-12-18,7.903,"Jack, un joven artista, gana en una partida de cartas un pasaje para viajar a América en el Titanic, el transatlántico más grande y seguro jamás construido. A bordo conoce a Rose, una joven de una buena familia venida a menos que va a contraer un matrimonio de conveniencia con Cal, un millonario engreído a quien sólo interesa el prestigioso apellido de su prometida. Jack y Rose se enamoran, pero el prometido y la madre de ella ponen todo tipo de trabas a su relación. Mientras, el gigantesco y lujoso transatlántico se aproxima hacia un inmenso iceberg.",37.7182
671,Harry Potter y la piedra filosofal,2001-11-16,7.899,"Harry Potter es un huérfano que vive con sus desagradables tíos, los Dursley, y su repelente primo Dudley. Se acerca su undécimo cumpleaños y tiene pocas esperanzas de recibir algún regalo, ya que nunca nadie se acuerda de él. Sin embargo, pocos días antes de su cumpleaños, una serie de misteriosas cartas dirigidas a él y escritas con una estridente tinta verde rompen la monotonía de su vida: Harry es un mago y sus padres también lo eran.",37.531
533535,Deadpool y Lobezno,2024-07-24,7.57,"Un apático Wade Wilson se afana en la vida civil tras dejar atrás sus días como Deadpool, un mercenario moralmente flexible. Pero cuando su mundo natal se enfrenta a una amenaza existencial, Wade debe volver a vestirse a regañadientes con un Lobezno aún más reacio a ayudar.",39.6585
969681,Spider-Man: Un nuevo día,2026-07-29,0.0,"Han pasado cuatro años desde los acontecimientos de No Way Home, y Peter Parker ahora es un adulto que vive completamente solo, ha desaparecido voluntariamente de las vidas y recuerdos de quienes ama. Combatiendo el crimen en una Nueva York que ya no conoce su nombre, se ha dedicado por completo a proteger su ciudad, pero a medida que aumentan las exigencias sobre él, la presión desencadena una evolución física que amenaza su existencia, al mismo tiempo que un extraño nuevo patrón de crímenes da lugar a una de las amenazas más poderosas a las que se ha enfrentado.",39.5018
1414413,Brothers Under Fire,2026-04-15,5.907,"El escuadrón del capitán Jordan Wright, de permiso para asistir a una boda en México, se topa con un cártel asesino. Mientras Jordan intenta poner a salvo a los supervivientes, estalla la guerra entre su escuadrón y el cártel, lo que le obliga a luchar para salvar a sus hombres.",36.9348
1038392,Expediente Warren: El último rito,2025-09-03,6.915,Los investigadores de lo paranormal Ed y Lorraine Warren se enfrentan a un último caso aterrador en el que están implicadas entidades misteriosas a las que deben enfrentarse.,38.4021
803796,Las guerreras k-pop,2025-06-20,8.025,"Cuando no están llenando estadios, las superestrellas del K-pop Rumi, Mira y Zoey usan sus poderes secretos para proteger a sus fans de una amenaza sobrenatural.",38.325
680,Pulp Fiction,1994-09-10,8.484,"Jules y Vincent, dos asesinos a sueldo con muy pocas luces, trabajan para Marsellus Wallace. Vincent le confiesa a Jules que Marsellus le ha pedido que cuide de Mia, su mujer. Jules le recomienda prudencia porque es muy peligroso sobrepasarse con la novia del jefe. Cuando llega la hora de trabajar, ambos deben ponerse manos a la obra. Su misión: recuperar un misterioso maletín.",38.2478
1383731,Protector,2026-02-20,7.583,"La vida pacífica de Nikki, una exheroína de guerra, se ve destrozada cuando su hija es secuestrada. Inmersa en el submundo criminal mientras es perseguida por policías y militares, debe luchar para rescatar a su hija.",36.9168
1226293,Salitan,2024-02-16,4.714,,43.1142
578883,スチュワーデス・スキャンダル　獣のように抱きしめて,1984-03-16,5.1,,39.3038
27,Nueve canciones,2004-07-16,5.546,"Lisa es una estudiante estadounidense que está pasando un año en Londres. Matt la conoce en un concierto de Black Rebel Motorcycle en Brixton Academy y se enamora de ella. Entre la música y los grupos vemos a Matt y a Lisa haciendo el amor y cómo a través de esos encuentros sexuales se va desarrollando su relación, que dura hasta las navidades, cuando Lisa regresa a Estados Unidos.",36.7016
496243,Parásitos,2019-05-30,8.495,"Tanto Gi Taek (Song Kang-ho) como su familia están sin trabajo. Cuando su hijo mayor, Gi Woo (Choi Woo-sik), empieza a dar clases particulares en casa de Park (Lee Seon-gyun), las dos familias, que tienen mucho en común pese a pertenecer a dos mundos totalmente distintos, comienzan una interrelación de resultados imprevisibles.",37.2738
1075175,How to Have Sex,2023-11-02,6.235,"Tres adolescentes británicas se van de vacaciones para celebrar sus ritos de iniciación: beber, salir de fiesta y ligar, en lo que debería ser el mejor verano de sus vidas.",31.9428
129,El viaje de Chihiro,2001-07-20,8.535,"Durante el traslado de su familia a los suburbios, una niña de 10 años de edad deambula por un mundo gobernado por dioses, brujas y espíritus, y donde los humanos se convierten en bestias.",36.544
269955,Peligrosa obsesión,2014-05-14,6.683,"En el verano de 1969, el coronel Kim Jin-pyeong, atrapado en un matrimonio sin amor con Lee Suk-jin, y Jong Ga-heun, la esposa chino-coreana del capitán Kyung Woo-jin, mantienen un apasionado romance secreto.",39.544
1233413,Los pecadores,2025-04-16,7.495,"Tratando de dejar atrás sus problemáticas vidas, dos hermanos gemelos regresan a su pueblo natal para empezar de nuevo, solo para descubrir que un mal aún mayor les espera para darles la bienvenida.",33.4924
405746,DOOR,1988-05-14,6.019,,34.4318
1234821,Jurassic World: El renacer,2025-06-23,6.3,"Cinco años después de los eventos de ""Dominion"", la ecología del planeta ha demostrado ser insoportable para los dinosaurios, donde los pocos que quedan viven aislados en las regiones ecuatoriales. Zora Bennett es contratada para dirigir a un equipo de especialistas cuyo objetivo es conseguir el material genético de las tres criaturas más grandes, las cuales tienen en su ADN la clave para fabricar un medicamento que aportará grandes beneficios a la humanidad. Pero la operación se cruzará con una familia cuyo barco volcó y todos acabarán en una isla prohibida ocupada por dinosaurios de numerosas especies, donde tendrán que hacer lo imposible para sobrevivir.",35.7479
1470130,The Mortuary Assistant,2026-02-13,5.575,"Rebecca Owens, una licenciada en ciencias mortuorias, acepta un trabajo nocturno en la funeraria River Fields. Lo que comienza como un trabajo rutinario pronto se vuelve siniestro al enfrentarse a terroríficas fuerzas sobrenaturales.",34.3703
773543,Juegos Psicológicos,2021-09-09,5.819,"Una pareja enamorada pasa un tiempo alejada de la civilización. La llegada repentina primero de la hermana menor, y luego del exnovio de la niña, viola el idilio campestre. Cada uno de los héroes tiene su propio plan para este fin de semana, y juntos se convierten en rehenes de la situación y participantes en crueles juegos psicológicos. El enamoramiento da paso a la pasión, y el coqueteo inocente provoca celos y puede conducir a un peligro mortal.",32.5689
27205,Origen,2010-07-15,8.372,"Dom Cobb es un ladrón hábil, el mejor de todos, especializado en el peligroso arte de extracción: el robo de secretos valiosos desde las profundidades del subconsciente durante el estado de sueño cuando la mente está más vulnerable. Esta habilidad excepcional de Cobb le ha hecho un jugador codiciado en el traicionero nuevo mundo de espionaje corporativo, pero al mismo tiempo, le ha convertido en un fugitivo internacional y ha tenido que sacrificar todo que le importaba. Ahora a Cobb se le ofrece una oportunidad para redimirse. Con un último trabajo podría recuperar su vida anterior, pero solamente si logra lo imposible.",34.3022
1207162,Rise of the Conqueror,2026-04-09,6.214,"Mientras el Imperio Mongol se desmorona, un guerrero marcado por la guerra enfrenta su destino y rompe lealtades para proteger el futuro de la Ruta de la Seda.",32.8374
1673393,कृष्णावतरम भाग 1: हृदय (हृदयम्),2026-05-07,8.8,,30.6955
1631017,ಕರಿಕಾಡ,2026-02-06,0.0,,38.2587
1522126,1000 Men and Me: The Bonnie Blue Story,2025-07-29,5.735,,43.2721
1641319,Sniper: En tierra de nadie,2026-04-07,6.4,"Cuando el francotirador Brandon Beckett es tachado de terrorista, se ve obligado a desaparecer y embarcarse en una misión de rescate imposible junto a su legendario padre.",33.0784
1156594,Culpa nuestra,2025-10-15,7.361,"La boda de Jenna y Lion propicia el tan deseado reencuentro entre Noah y Nick tiempo después de su ruptura. La incapacidad de Nick para perdonar a Noah se alza como una barrera insalvable. Él, heredero de las empresas de su abuelo y ella, empezando su vida laboral, se resisten a alimentar una llama que aún sigue viva. Pero una vez que sus caminos se han vuelto a cruzar, ¿será el amor más fuerte que el rencor? Secuela de ""Culpa tuya"".",34.6242
1522496,ฟู้ดทรัค ลัก (รัก) หมูเด้ง,2025-08-28,5.8,,32.9939
1272837,28 años después: El templo de los huesos,2026-01-14,7.1,"El Dr. Kelson (Ralph Fiennes) se ve envuelto en una nueva y sorprendente relación, cuyas consecuencias podrían cambiar el mundo tal y como se conoce. Por otra parte, el encuentro de Spike (Alfie Williams) con el Gran Lord Jimmy Crystal (Jack O'Connell) se convierte en una pesadilla de la que el chico no puede escapar. En este mundo, los infectados ya no son la mayor amenaza para la supervivencia, ya que la inhumanidad de los supervivientes puede ser aún más extraña y aterradora.",33.0701
285213,The Pirates,2014-08-06,7.027,Una banda de piratas y un grupo de bandidos luchan para atrapar una ballena gris que se ha tragado un sello real.,28.0621
361743,Top Gun: Maverick,2022-05-21,8.2,"Después de más de 30 años de servicio como uno de los mejores aviadores de la Armada, Pete ""Maverick"" Mitchell se encuentra dónde siempre quiso estar, empujando los límites como un valiente piloto de prueba y esquivando el alcance en su rango, que no le dejaría volar emplazándolo en tierra. Cuando se encuentra entrenando a un destacamento de graduados de Top Gun para una misión especializada, Maverick se encuentra allí con el teniente Bradley Bradshaw, el hijo de su difunto amigo ""Goose"".",30.3434
1539104,JUJUTSU KAISEN: Ejecución,2025-11-07,6.0,"Durante Halloween en Shibuya, un misterioso velo atrapa a la multitud dentro del distrito. Como consecuencia, diez colonias japonesas se convierten en zonas dominadas por maldiciones.",29.844
10138,Iron Man 2,2010-04-28,6.854,"El mundo sabe que el multimillonario Tony Stark es Iron Man, el superhéroe enmascarado. Sometido a presiones por parte del gobierno, la prensa y la opinión pública para que comparta su tecnología con el ejército, Tony es reacio a desvelar los secretos de la armadura de Iron Man porque teme que esa información pueda caer en manos indeseables.",30.4445
1168190,Los hermanos demolición,2026-01-28,6.962,"Un improbable dúo de hermanastros, uno un impulsivo detective y el otro un disciplinado, se ven atraídos por el asesinato de su padre en Hawai, lo que les lleva a un peligroso viaje para desenmascarar una conspiración de largo alcance.",33.5103
1235877,ஜன நாயகன்,,0.0,,31.1841
299534,Vengadores: Endgame,2019-04-24,8.236,"Tras el chasquido de Thanos que eliminó a la mitad de la vida en el universo, los Vengadores supervivientes quedan devastados y divididos. Cinco años después, una inesperada oportunidad les permite intentar revertir la catástrofe. Reuniéndose una vez más, los héroes emprenden una misión extrema que los obliga a viajar al pasado, enfrentarse a sus propias pérdidas y hacer sacrificios definitivos para restaurar el equilibrio del universo.",31.6766
1061474,Superman,2025-07-09,7.34,"En un mundo que ha perdido la fe en la bondad, Superman lucha por reconciliar su herencia kryptoniana con los valores humanos que moldearon su carácter. Criado en la Tierra, representa la verdad, la justicia y el estilo americano, pero debe enfrentarse a un mundo cínico que cuestiona sus ideales. Entre el deber de proteger a la humanidad y la búsqueda de su identidad, Superman demuestra que la esperanza y la bondad nunca pasan de moda, incluso en los tiempos más oscuros, inspirando a otros a creer en un futuro mejor.",30.8149
7451,xXx,2002-08-09,5.989,"Xander Cage es XXX, un antiguo ganador de X-Games y atleta profesional de deportes de extremo, que sobrevive vendiendo videos de sus increíbles hazañas, las cuales hacen emitir adrenalina por todo el cuerpo. Pero después de incontables encuentros con la ley, su mundo está a punto de tomar un rumbo aún más extremo... Porque Xander no sabe que ha sido ""espiado"" por Augustus Gibbons, un agente veterano de la Agencia Nacional de Seguridad que se encuentra en una desesperada situación en la distante ciudad de Praga, en donde su operativo secreto ha sido asesinado por una pandilla de mafiosos con un estilo muy propio, que se llaman así mismos Anarchy 99, encabezados por el brutal ex-Comandante del Ejército Ruso Yorgi.",33.4758
1242332,Normal,2026-04-16,6.423,"Ulysses es un sheriff sustituto que llega al tranquilo y apartado pueblo de Normal, Minnesota, huyendo de un pasado turbulento. Sin embargo, cuando el banco local es asaltado, su investigación desencadena una serie de eventos que revelan que el pueblo esconde una oscura y profunda red criminal.",28.9507
425274,Ahora me ves 3,2025-11-12,6.504,"Los Cuatro Jinetes regresan junto a una nueva generación de ilusionistas en una extraordinaria aventura que contiene giros asombrosos, sorpresas alucinantes y trucos de magia nunca vistos en la gran pantalla.",31.6387
672,Harry Potter y la cámara secreta,2002-11-13,7.704,"Harry regresa a su segundo año a Hogwarts, pero descubre que cosas malas ocurren debido a que un sitio llamado la Cámara de los Secretos ha sido abierto por el heredero de Slytherin y hará que los hijos de muggles, los impuros, aparezcan petrificados misteriosamente por un animal monstruoso.",30.1084
216015,Cincuenta sombras de Grey,2015-02-11,5.868,"Cuando la estudiante de Literatura Anastasia Steele recibe el encargo de entrevistar al exitoso y joven empresario Christian Grey, queda impresionada al encontrarse ante un hombre atractivo, seductor y también muy intimidante. La inexperta e inocente Ana intenta olvidarle, pero pronto comprende cuánto le desea. Cuando la pareja por fin inicia una apasionada relación, Ana se sorprende por las peculiares prácticas eróticas de Grey, al tiempo que descubre los límites de sus propios y más oscuros deseos.",31.7648
372058,Your Name.,2016-08-26,8.48,"Taki y Mitsuha descubren un día que durante el sueño sus cuerpos se intercambian, y comienzan a comunicarse por medio de notas. A medida que consiguen superar torpemente un reto tras otro, se va creando entre los dos un vínculo que poco a poco se convierte en algo más romántico.",30.8119
1135873,GGS - Ganteng-Ganteng Sange,2023-05-28,6.1,,32.6339
13078,The Babysitters: Las niñeras,2008-05-09,6.0,"Shirley Lyner (Katherine Waterston) es una joven estudiante que trabaja como niñera para ganar un dinero extra. Pero, tras tener una relación con uno de los padres, comienza a convertirse en dama de compañía de hombres casados.",31.7441
1084577,Balls Up: Con un par,2026-04-15,5.877,"Los ejecutivos de marketing Brad y Elijah lanzan un audaz patrocinio de preservativos de cobertura total directamente a la Copa del Mundo. Después de que su ebria celebración en Brasil desencadene un escándalo mundial, deberán huir de hinchas furiosos, delincuentes y funcionarios sedientos de poder para salvar sus carreras y volver a casa con vida.",30.0371
329505,El pecado de Lola,1984-05-04,7.0,"Tras la marcha de su madre al extranjero por temas de negocios, Albert, de dieciséis años de edad, continua sus vacaciones en su maravillosa casa, con la única compañía del camarero. Pero la llegada de una nueva criada revolucionará el panorama.",26.2213
14836,Los mundos de Coraline,2009-02-05,7.908,"Película de animación en la que se nos cuenta la historia de Coraline, una jovencita que descubre en su nueva casa una puerta secreta y decide abrirla. Al hacerlo, descubre una segunda versión de su vida, una vida paralela a la que ella tiene. A primera vista, la realidad paralela es curiosamente parecida a su vida de verdad, aunque mucho mejor. Pero cuando su increíble y maravillosa aventura empieza a tomar un cariz peligroso, su otra madre intenta mantenerla a su lado para siempre. Coraline deberá recurrir a su determinación y coraje, a la ayuda de los vecinos y a un gato negro con el don del habla para salvar a sus auténticos padres, a unos niños fantasmas y regresar a casa.",30.443
458293,Michael Jackson: Searching for Neverland,2017-05-29,6.561,"Basado en el best-seller, Remember the Time: Protecting Michael Jackson in His Final Days, y contado a través de los ojos de los guardaespaldas de confianza de Jackson, Bill Whitfield y Javon Beard. La película revelará de primera mano la devoción que Michael Jackson tuvo por sus hijos y el drama oculto que tuvo lugar durante los últimos dos años de su vida.",27.3777
967998,Conspiração Fatal,2022-05-26,7.0,,27.0914
539745,Animal Farm,2026-04-30,6.07,Un grupo de animales se rebelan contra sus dueños y toman el poder de la granja. Nueva adaptación del clásico de George Orwell.,23.9432
796,Crueles intenciones,1999-03-05,6.815,"Kathryn y Sebastian son dos hermanastros que viven Manhattan, estudiantes de bachillerato en un elitista instituto de Nueva York. Cada uno es más manipulador y más perverso que el otro, así que harán una singular apuesta. Sebastian debe cortejar a una chica virgen que ha encandilado al novio de Kathryn. Si Sebastian pierde, Kathryn se quedará con su Jaguar, pero si gana... la tendrá a ella.",28.6201
11,La guerra de las galaxias,1977-05-25,8.2,"La princesa Leia, líder del movimiento rebelde que desea reinstaurar la República en la galaxia en los tiempos ominosos del Imperio, es capturada por las malévolas Fuerzas Imperiales, capitaneadas por el implacable Darth Vader, el sirviente más fiel del emperador. El intrépido Luke Skywalker, ayudado por Han Solo, capitán de la nave espacial ""El Halcón Milenario"", y los androides, R2D2 y C3PO, serán los encargados de luchar contra el enemigo y rescatar a la princesa para volver a instaurar la justicia en el seno de la Galaxia.",30.0613
1235192,Wormtown,2025-09-27,5.944,"Un año después del inicio de una plaga de gusanos carnívoros que alteran la mente, la ciudad nocturna de Ashland, en Ohio, ha aceptado el dominio de los parásitos. Bajo el mando del alcalde Joshua, una figura casi sectaria, los fervientes «Ranchers» difunden su evangelio, ya sea por persuasión o por la fuerza. Un trío de mujeres no infectadas se aferra a la supervivencia mediante el rebusque, una higiene extrema y la evasión. Pero todo el mundo acaba cediendo, lo que desata la traición, el sacrilegio y el horror corporal.",26.9492
808,Shrek,2001-05-18,7.763,"Hace mucho, mucho tiempo, en una lejanísima ciénaga vivía un intratable ogro llamado Shrek. Pero de repente, un día, su absoluta soledad se ve interrumpida por una invasión de sorprendentes personajes de cuento. Hay ratoncitos ciegos en su comida, un enorme y malísimo lobo en su cama, tres cerditos sin hogar y otros muchos seres increíbles que han sido deportados de su reino por el malvado Lord Farquaad. Para conseguir salvar su terreno, y de paso a sí mismo, Shrek hace un pacto con Farquaad y emprende viaje para conseguir que la preciosa princesa Fiona sea la novia del Lord. En tan importante misión le acompañan un burro chistoso, dispuesto a hacer cualquier cosa por Shrek. Todo, menos estarse calladito. Rescatar a la princesa de una dragona enamoradiza que suelta fuego al respirar va a resultar una tontería comparado con lo que ocurre cuando el oscuro secreto que la joven guardaba es revelado.",28.8874
557,Spider-Man,2002-05-01,7.33,"Peter Parker es un joven y tímido estudiante que vive con su tía May y su tío Ben desde la muerte de sus padres. Un día es mordido por una araña que ha sido modificada genéticamente, descubriendo al día siguiente que posee unos poderes poco habituales: tiene la fuerza y agilidad de una araña.",28.3621
502356,Super Mario Bros: La película,2023-04-05,7.603,"Mientras trabajan en una avería subterránea, los fontaneros de Brooklyn, Mario y su hermano Luigi, viajan por una misteriosa tubería hasta un nuevo mundo mágico. Pero, cuando los hermanos se separan, Mario deberá emprender una épica misión para encontrar a Luigi. Con la ayuda del champiñón local Toad y unas cuantas nociones de combate de la guerrera líder del Reino Champiñón, la princesa Peach, Mario descubre todo el poder que alberga en su interior.",30.1204
1599191,仙逆剧场版 弑仙之战,,0.0,,28.5232
226674,La adolescente,1979-01-24,4.5,"Verano de 1939. Marie, de 13 años, va con sus padres a visitar a su abuela a un pequeño pueblo cerca de Aviñón. Ya hay rumores de guerra, pero ellos se encuentran en un lugar remoto e idílico. Los padres de Marie se pasan el día haciendo el amor. Ella, por su parte, ya en los albores del despertar sexual, fantasea con Alexander, el joven médico judío del pueblo, pero se desanima al ver que él la trata como una niña",29.0972
1600771,आखरी सवाल,2026-05-15,1.0,,24.4365
575265,Misión: Imposible - Sentencia final,2025-05-17,7.164,"El agente Ethan Hunt continúa su misión de impedir que Gabriel controle el tecnológicamente omnipotente programa de IA conocido como ""the Entity"".",29.7035
1557848,Uykucu,2025-10-29,6.0,,25.8375
1306368,El botín,2026-01-13,7.074,"El descubrimiento de varios millones de dólares en efectivo en un zulo abandonado de Miami quiebra la confianza de un grupo de policías. Ahora, todo y todos están bajo sospecha.",30.0417
979,Irreversible,2002-05-22,7.182,Irreversible. Porque el tiempo lo destruye todo. Porque algunos actos son irreparables. Porque el hombre es un animal. Porque el deseo de venganza es un impulso natural. Porque la mayoría de los crímenes quedan sin castigo. Porque la pérdida del amado destruye como un rayo. Porque el amor es el origen de la vida. Porque toda la historia se escribe con esperma y sangre. Porque las premoniciones no modifican el curso de los acontecimientos. Porque el tiempo lo revela todo: lo mejor y lo peor.,30.3178
1184918,Robot salvaje,2024-09-12,8.311,"Esta aventura épica cuenta la historia de una robot, Rozzum 7-1-3-4, ""Roz"" para abreviar, que naufraga en una isla inhabitada y debe aprender a adaptarse a los entornos rigurosos construyendo relaciones con los animales de la isla y convirtiéndose en la madre adoptiva de una cría de ganso huérfana.",29.332
424711,Las cálidas noches de Poppea,1969-01-01,3.6,"La procaz y celebérrima Poppea (Olga Schoberová, alias Olinka Berova) se dedica a seducir a los patricios romanos para tenerlos en su poder. Por desgracia, se enamora de los dos personajes que ya no se soportan y de carácter difícil, Nerón y el joven tribuno Claudio Valerio (Brad Harris), quienes se la disputarán implacablemente... (FILMAFFINITY)",39.2029
1022789,Del revés 2 (Inside Out 2),2024-06-11,7.546,"Riley entra en la adolescencia y el Cuartel General de su cabeza sufre una repentina reforma para hacerle hueco a algo totalmente inesperado propio de la pubertad: ¡nuevas emociones! Alegría, Tristeza, Ira, Miedo y Asco, con años de impecable gestión a sus espaldas (según ellos...) no saben muy bien qué sentir cuando aparece con enorme ímpetu Ansiedad. Y no viene sola: le acompañan envidia, vergüenza y aburrimiento.",28.568
396535,Train to Busan,2016-07-20,7.75,"Un virus letal se expande por Corea del Sur, provocando violentos altercados. Los pasajeros de un tren KTX que viaja de Seúl a Busan tendrán que luchar por su supervivencia.",27.2877
1368314,El pasajero nocturno,2026-05-20,6.112,"Después de presenciar un brutal accidente nocturno en la carretera, una joven pareja comprende que algo los ha seguido. Una presencia demoníaca, conocida como El Pasajero Nocturno, se ha unido a ellos y no se detendrá hasta reclamarlos a ambos, convirtiendo su viaje en una auténtica pesadilla.",26.7122
1404791,Las malditas (Dollhouse),2025-06-13,7.53,"Yoshie quedó destrozada tras la muerte accidental de su hija de cinco años. Para superar el dolor, compra una muñeca a la que peina y viste como a la niña, y el matrimonio la convierte en parte de la familia. Tras el nacimiento de otro bebé, la pareja recupera la ilusión y Yoshie olvida su obsesión por la muñeca, pero una serie de extraños sucesos parecen indicar que el juguete no está conforme con la llegada de una nueva criatura.",27.3672
13,Forrest Gump,1994-06-23,8.465,"Forrest Gump es un chico con deficiencias mentales no muy profundas y con alguna incapacidad motora que, a pesar de todo, llegará a convertirse, entre otras cosas, en un héroe durante la Guerra del Vietnam. Su persistencia y bondad le llevarán a conseguir una gran fortuna, ser objeto del clamor popular y a codearse con las más altas esferas sociales y políticas del país. Siempre sin olvidar a Jenny, su gran amor desde que era niño.",30.6631
829560,365 días más,2022-08-18,6.379,"La relación de Laura y Massimo pende de un hilo mientras intentan superar los problemas de confianza y los celos, mientras que un tenaz Nacho trabaja para separarlos.",29.5297
8587,El rey león,1994-06-15,8.254,"La sabana africana es el escenario en el que tienen lugar las aventuras de Simba, un pequeño león que es el heredero del trono. Sin embargo, se ve forzado a exiliarse al ser injustamente acusado de la muerte de su padre. Durante su destierro, hará buenas amistades y, finalmente, regresará para recuperar lo que legítimamente le corresponde.",27.584
240,El Padrino Parte II,1974-12-20,8.571,"Continuación de la saga de los Corleone con dos historias paralelas: la elección de Michael Corleone como jefe de los negocios familiares y los orígenes del patriarca, el ya fallecido Don Vito, primero en Sicilia y luego en Estados Unidos, donde, empezando desde abajo, llegó a ser un poderosísimo jefe de la mafia de Nueva York.",28.9917
569094,Spider-Man: Cruzando el Multiverso,2023-05-31,8.335,"Tras reencontrarse con Gwen Stacy, el amigable vecindario de Spider-Man de Brooklyn al completo es catapultado a través del Multiverso, donde se encuentra con un equipo de Spidermans encargados de proteger su propia existencia. Pero cuando los héroes se enfrentan sobre cómo manejar una nueva amenaza, Miles se encuentra enfrentado a las otras Arañas y debe redefinir lo que significa ser un héroe para poder salvar a la gente que más quiere.",28.3283
1234731,Anaconda,2025-12-24,5.897,"Doug y Griff son muy buenos amigos desde que eran niños y siempre han soñado con hacer un remake de su película favorita de todos los tiempos: el «clásico cinematográfico» Anaconda. Cuando una crisis de mediana edad les anima a lanzarse por fin a la aventura, se adentran en la selva amazónica para empezar a rodar. Pero las cosas se ponen serias cuando aparece una anaconda gigante de verdad, convirtiendo su caótico y cómico plató de rodaje en una situación mortal.",28.1141
862,Toy Story,1995-11-22,7.976,"Los juguetes de Andy, un niño de seis años, temen que haya llegado su hora y que un nuevo regalo de cumpleaños les sustituya en el corazón de su dueño. Woody, un vaquero que ha sido hasta ahora el juguete favorito de Andy, trata de tranquilizarlos hasta que aparece Buzz Lightyear, un héroe espacial dotado de todo tipo de avances tecnológicos. Woody es relegado a un segundo plano, pero su constante rivalidad se transformará en una gran amistad cuando ambos se pierden en la ciudad sin saber cómo volver a casa.",29.2512
1336770,വാഴ II,2026-04-02,7.4,,27.0779
233651,セックス・ライダー　濡れたハイウェイ,1971-12-29,4.923,,24.7075
950387,Una película de Minecraft,2025-03-31,6.267,"Cuatro inadaptados se encuentran luchando con problemas ordinarios cuando de repente se ven arrastrados a través de un misterioso portal al Mundo Exterior: un extraño país de las maravillas cúbico que se nutre de la imaginación. Para volver a casa, tendrán que dominar este mundo mientras se embarcan en una búsqueda mágica con un inesperado experto artesano, Steve.",27.6719
497,La milla verde,1999-12-10,8.507,"En el sur de los Estados Unidos, en plena Depresión, Paul Edgecomb es un vigilante penitenciario a cargo de la Milla Verde, un pasillo que separa las celdas de los reclusos condenados a la silla eléctrica. Esperando su ejecución está John Coffey, un gigantesco negro acusado de asesinar brutalmente a dos hermanas de nueve años. Tras una personalidad ingenua, Coffey esconde un don sobrenatural prodigioso. A medida que transcurre la historia, Paul Edgecomb aprende que los milagros ocurren... incluso en los lugares más insospechados.",27.3754
315635,Spider-Man: Homecoming,2017-07-05,7.331,"Peter Parker comienza a experimentar su recién descubierta identidad como el superhéroe Spider-Man. Después de la experiencia vivida con los Vengadores, Peter regresa a casa, donde vive con su tía. Bajo la atenta mirada de su mentor Tony Stark, Peter intenta mantener una vida normal como cualquier joven de su edad, pero interrumpe en su rutina diaria el nuevo villano Vulture y, con él, lo más importante de la vida de Peter comenzará a verse amenazado.",28.289
1057265,పెద్ది,2026-06-03,0.0,,32.9231
1197306,A Working Man,2025-03-26,6.685,"Levon Cade dejó atrás una condecorada carrera militar en las operaciones encubiertas para vivir una vida sencilla trabajando en la construcción. Pero cuando la hija de su jefe, que para él es como de la familia, es secuestrada por traficantes de personas, su búsqueda para traerla a casa descubre un mundo de corrupción mucho mayor de lo que jamás podría haber imaginado.",28.4429
829557,365 días: Aquel día,2022-04-26,5.938,"Laura y Massimo vuelven más fuertes que nunca, pero las ataduras familiares de Massimo y un misterioso hombre que quiere conquistar a Laura complican su relación.",27.4951
22,Piratas del Caribe: La maldición de la Perla Negra,2003-07-09,7.825,"El aventurero capitán Jack Sparrow recorre las aguas caribeñas. Pero su andanzas terminan cuando su enemigo, el capitán Barbossa le roba su barco, la Perla Negra, y ataca la ciudad de Port Royal, secuestrando a Elizabeth Swann, hija del gobernador. Will Turner, el amigo de la infancia de Elizabeth, se une a Jack para rescatarla y recuperar la Perla Negra. Pero el prometido de Elizabeth, comodoro Norrington, les persigue a bordo del HMS Impávido. Además, Barbossa y su tripulación son víctimas de un conjuro por el que están condenados a vivir eternamente, y a transformarse cada noche en esqueletos vivientes, en fantasmas guerreros.",28.2443
438631,Dune,2021-09-15,7.78,"En un lejano futuro, la galaxia conocida es gobernada mediante un sistema feudal de casas nobles bajo el mandato del Emperador. Las alianzas y la política giran entorno a un pequeño planeta, Dune,  del que extrae la 'especia melange', la materia prima que permite los viajes espaciales. La Casa Atreides, bajo el mandato del Duque Leto Atreides recibe el encargo de custodiar el planeta, relevando en la encomienda a sus históricos enemigos, los Harkonnen. Paul Atreides, hijo del duque, se verá atrapado en las intrigas políticas mientras descubre el destino que le deparan los desiertos de Dune.",25.077
550,El club de la lucha,1999-10-15,8.438,"Un hombre consumido por el insomnio y una vida sin sentido conoce a Tyler Durden, un carismático anarquista que lo arrastra a un club secreto donde el dolor despierta algo dormido. Lo que comienza como liberación pronto se convierte en una guerra contra el sistema…",30.9548
537915,After: Aquí empieza todo,2019-04-11,7.107,"La joven Tessa Young cursa su primer año en la universidad. Acostumbrada a una vida estable y ordenada, su mundo cambia cuando conoce a Hardin Scott, un misterioso joven de oscuro pasado. Desde el primer momento se odian, porque pertenecen a dos mundos distintos y son completamente opuestos. Sin embargo, estos dos polos opuestos pronto se unirán y nada volverá a ser igual. Tessa y Hardin deberán enfrentarse a difíciles pruebas para estar juntos. La inocencia, el despertar a la vida, el descubrimiento sexual y las huellas de un amor tan poderoso como la fuerza del destino.",27.4595
1038918,美女奉行 おんな牢秘抄II,1995-09-21,6.0,,25.8249
570595,Русская нимфетка: искушение,2004-11-28,5.6,,24.696
872585,Oppenheimer,2023-07-19,8.032,Película sobre el físico J. Robert Oppenheimer y su papel como desarrollador de la bomba atómica. Basada en el libro 'American Prometheus: The Triumph and Tragedy of J. Robert Oppenheimer' de Kai Bird y Martin J. Sherwin.,27.4762
4588,"Deseo, peligro",2007-09-24,7.272,"Shanghai, 1942. La ciudad está ocupada por los japoneses. La señora Mak, una mujer rica y sofisticada, recuerda cómo empezó todo en 1938. Su verdadero nombre no es Mak, sino Wong Chia Chi. Poco antes de estallar la II Guerra Mundial (1939-1945), su padre huyó a Inglaterra y la dejó en China. Era estudiante universitaria y conoció a Kuang Yu Min, que acababa de fundar una compañía de teatro para fomentar el patriotismo. Wong Chia Chi se convirtió en la primera actriz de la compañía. Kuang, por su parte, convenció a un grupo de estudiantes para que asesinaran al señor Yee, un importante colaborador de los japoneses. Wong Chia Chi colaboró en el plan haciéndose pasar por la señora Mak: su cometido era hacerse amiga de la mujer de Yee para ganarse la confianza de éste y seducirlo. Todo iba sucediendo según lo previsto, hasta que se produjo un acontecimiento inesperado.",25.3961
137051,Midnight Matinee,1988-10-12,5.4,"A pesar de que un devastador asesinato tuvo lugar durante el festival de cine de terror de un pequeño pueblo dos años antes, la gente del pueblo quiere otro festival.",28.0506
950396,El abismo secreto,2025-02-13,7.64,"Mandan a dos operativos de élite a vigilar lados opuestos de un misterioso abismo y allí intiman desde la distancia, pero deberán aunar fuerzas para sobrevivir al mal que esconde el abismo.",25.5919
414906,The Batman,2022-03-01,7.659,"Cuando un asesino se dirige a la élite de Gotham con una serie de maquinaciones sádicas, un rastro de pistas crípticas envía Batman a una investigación en los bajos fondos. A medida que las pruebas comienzan a acercarse a su casa y se hace evidente la magnitud de los planes del autor, Batman debe forjar nuevas relaciones, desenmascarar al culpable y hacer justicia al abuso de poder y la corrupción que durante mucho tiempo han asolado Gotham City.",25.8417
43947,Escupiré sobre tu tumba,2010-06-17,6.509,"Una joven escritora viaja al campo en busca de un poco de soledad y tranquilidad para trabajar en su nuevo libro. Pero en su lugar encuentra una horrible pesadilla. Tras ser agredida por cuatro degenerados, Jennifer logra sobrevivir y mientras intenta sobreponerse, en su mente, ahora dañada y psicótica sólo existe una idea: la venganza sobre esos cuatro hombres que la violaron.",25.7657
1316092,“Cumbres Borrascosas”,2026-02-11,6.661,"Una audaz y original reinterpretación de una de una de las historias de amor más grandes de todos los tiempos, 'Cumbres Borrascosas' de Emerald Fennell está protagonizada por Margot Robbie como Cathy y Jacob Elordi como Heathcliff, cuya pasión prohibida se transforma de romántica a intoxicante en una épica historia de lujuria, amor y locura.",26.6259
1241982,Vaiana 2,2024-11-21,7.001,"Tras recibir una inesperada llamada de sus antepasados, Vaiana debe viajar a los lejanos mares de Oceanía y adentrarse en peligrosas aguas perdidas para vivir una aventura sin precedentes.",25.8951
424,La lista de Schindler,1993-12-15,8.569,"Oskar Schindler, un hombre de enorme astucia y talento para las relaciones públicas, organiza un ambicioso plan para ganarse la simpatía de los nazis. Después de la invasión de Polonia por los alemanes, consigue, gracias a sus relaciones con los nazis, la propiedad de una fábrica de Cracovia. Allí emplea a cientos de operarios judíos, cuya explotación le hace prosperar rápidamente. Su gerente, también judío, es el verdadero director en la sombra, pues Schindler no tiene el menor conocimiento industrial.",25.6859
939243,Sonic 3: La película,2024-12-19,7.617,"Sonic, Knuckles y Tails se reúnen para enfrentarse a un nuevo y poderoso adversario, Shadow, un misterioso villano cuyos poderes no se parecen a nada de lo que nuestros héroes han conocido hasta ahora. Con sus facultades superadas en todos los sentidos, el Equipo Sonic tendrá que establecer una insólita alianza con la esperanza de detener a Shadow y proteger el planeta.",26.3386
673,Harry Potter y el prisionero de Azkaban,2004-05-31,8.008,"Harry está deseando que termine el verano para comenzar un nuevo curso en Hogwarts, y abandonar lo antes posible la casa de sus despreciables tíos, los Dursley. Lo que desconoce Harry es que va a tener que abandonar Privet Drive antes de tiempo e inesperadamente después de convertir a su tía Marge en un globo gigante. Un autobús noctámbulo, y encantado por supuesto, le llevará a la taberna El Caldero Chorreante, donde le espera nada menos que Cornelius Fudge, el Ministro de Magia.",24.4366
121,El señor de los anillos: Las dos torres,2002-12-18,8.4,"La Compañía del Anillo se ha disuelto. El portador del anillo Frodo y su fiel amigo Sam se dirigen hacia Mordor para destruir el Anillo Único y acabar con el poder de Sauron. Mientras, y tras la dura batalla contra los orcos donde cayó Boromir, el hombre Aragorn, el elfo Legolas y el enano Gimli intentan rescatar a los medianos Merry y Pipin, secuestrados por los ogros de Mordor. Por su parte, Saurón y el traidor Sarumán continúan con sus planes en Mordor, en espera de la guerra contra las razas libres de la Tierra Media.",26.1014
1352874,The Crucifix: Blood of the Exorcist,2025-01-09,5.491,,24.185
1084187,Lindas y letales,2026-03-13,6.781,Un grupo de bailarinas lucha por sobrevivir mientras intentan escapar de una remota posada después de que su autobús se averíe de camino a una competición.,24.5963
354912,Coco,2017-10-27,8.198,"Un joven aspirante a músico llamado Miguel se embarca en un viaje extraordinario a la mágica tierra de sus ancestros. Allí, el encantador embaucador Héctor se convierte en su inesperado amigo y le ayuda a descubrir los misterios detrás de las historias y tradiciones de su familia.",26.0131
1218925,Chainsaw Man - La película: El arco de Reze,2025-09-19,8.365,"Denji trabajaba como cazador de demonios para la yakuza, tratando de saldar la deuda que había heredado de sus padres, pero la yakuza lo traicionó y lo mató. Antes de perder el conocimiento, Pochita, el perro-demonio motosierra de Denji, hizo un trato con él y le salvó la vida. Así se fusionaron, creando al imparable Chainsaw Man. Ahora, en medio de una brutal guerra entre demonios, cazadores y enemigos secretos, una misteriosa chica llamada Reze irrumpe en su mundo y Denji se enfrenta a su batalla más mortífera, impulsado por el amor, en un mundo donde la supervivencia no conoce reglas.",25.3418
1497348,Alas Roban,2026-01-15,4.6,,23.5327
519182,Gru 4. Mi villano favorito,2024-06-20,6.987,"Gru, Lucy y las niñas -Margo, Edith y Agnes- dan la bienvenida a un nuevo miembro en la familia: Gru Junior, que parece llegar con el propósito de ser un suplicio para su padre. Gru tendrá que enfrentarse en esta ocasión a su nueva némesis Maxime Le Mal y su sofisticada y malévola novia Valentina, lo que obligará a la familia a tener que darse a la fuga. Cuarta entrega de 'Gru, mi villano favorito'.",24.2006
1156593,Culpa tuya,2024-12-26,7.083,"El amor entre Noah y Nick parece inquebrantable, a pesar de las maniobras de sus padres por separarles. Pero el trabajo de él y la entrada de ella en la universidad, abre sus vidas a nuevas relaciones. La aparición de una exnovia que busca venganza y de la madre Nick con intenciones poco claras, removerán los cimientos no solo de su relación, sino de la propia familia Leister. Cuando tantas personas están dispuestas a destruir una relación, ¿puede realmente acabar bien?",25.1769
76600,Avatar: El sentido del agua,2022-12-14,7.594,"Más de una década después de los acontecimientos de 'Avatar', los Na'vi Jake Sully, Neytiri y sus hijos viven en paz en los bosques de Pandora hasta que regresan los hombres del cielo. Entonces comienzan los problemas que persiguen sin descanso a la familia Sully, que decide hacer un gran sacrificio para mantener a su pueblo a salvo y seguir ellos con vida.",24.3919
603692,John Wick 4,2023-03-21,7.707,"John Wick descubre un camino para derrotar a la Alta Mesa. Pero para poder ganar su libertad, Wick deberá enfrentarse a un nuevo rival con poderosas alianzas en todo el mundo, capaz de convertir a viejos amigos en enemigos.",24.0164
933260,La sustancia,2024-09-07,7.135,"'Tú, pero mejor en todos los sentidos'. Esa es la promesa de la sustancia, un producto revolucionario basado en la división celular, que crea un alter ego más joven, más bello, más perfecto.",25.6786
12444,Harry Potter y las Reliquias de la Muerte - Parte 1,2010-11-17,7.735,"Una tarea casi imposible cae sobre los hombros de Harry: deberá encontrar y destruir los horrocruxes restantes para dar fin al reinado de Lord Voldemort. En el episodio final de la saga, el hechicero de 17 años parte junto con sus amigos Hermione Granger y Ron Weasley en un peligroso viaje por Inglaterra para encontrar los objetos que contienen los fragmentos del alma del Señor Tenebroso, los cuales garantizan su longevidad. Pero el camino no será fácil pues el lado oscuro adquiere más poder con cada minuto que pasa y las lealtades serán puestas a prueba. Harry deberá usar todos los conocimientos que gracias a Dumbledore ha adquirido sobre su enemigo para poder encontrar la forma de sobrevivir a esta última aventura.",23.2903
4247,Scary Movie,2000-07-07,6.396,"Tras el asesinato de una bella estudiante, un grupo de adolescentes descubren que hay un asesino entre ellas. La heroína, Cindy, y su grupo de desconcertantes amigos, serán aterrorizados por un singular psicópata enmascarado que pretende vengarse de ellos por haberlo atropellado el pasado Halloween.",26.9365
218,Terminator,1984-10-26,7.683,"Un cyborg ha sido enviado desde el futuro en una misión mortal: eliminar a Sarah Connor, una joven cuya vida tendrá una gran importancia en los próximos años. Sarah tiene sólo un protector —Kyle Reese— también enviado desde el futuro. El Terminator utiliza su inteligencia excepcional y fuerza para encontrar a Sarah, pero ¿hay alguna forma de detener al cyborg aparentemente indestructible?",20.1758
10681,WALL·E: Batallón de limpieza,2008-06-26,8.112,"En el año 2800, en un planeta Tierra devastado y sin vida, tras cientos de solitarios años haciendo aquello para lo que fue construido -limpiar el planeta de basura- el pequeño robot WALL•E descubre una nueva misión en su vida cuando se encuentra con una moderna y lustrosa robot exploradora llamada EVE. Ambos viajarán a lo largo de la galaxia y vivirán una emocionante e inolvidable aventura.",25.1022
13192,Moonwalker,1988-10-29,7.072,"Michael, el héroe definitivo, se enfrenta con todas sus fuerzas al villano Mr. Big, cuya suprema ambición es apoderarse del mundo, logrando que los escolares consuman drogas. En el curso de esta terrible lucha, y mientras los seguidores de Mr. Big intentan eliminar a Michael, tres niños, Sean, Katie y Zake, son testigos de sus milagrosas transformaciones y su victoria final. Un cómic con estética videoclipera realizado a mayor gloria de la estrella del pop Michael Jackson, que se interpreta a sí mismo y que muestra aspectos de su vida, sus sueños y su música. Articulado a modo de Sketches, destaca el último de ellos que muestra a Jackson erigido en una especie de superhéroe galáctico que combate a las Fuerzas del Mal, episodio en el que aparece Joe Pesci y varios niños.",24.2288
1635279,SNOS-056り広げられる、お酒の勢いで一線を超えてしまった男女のふしだらな土日。生々しくて普通だけど一番エロいSEX,2026-01-27,0.0,,27.4952
389,12 hombres sin piedad,1957-04-10,8.561,"Tras escuchar todos los testimonios y valorar las pruebas presentadas, un jurado popular compuesto por doce hombres tiene que decidir, por unanimidad, si absuelve o condena a muerte a un joven acusado de haber matado a su padre. Al principio, once están completamente convencidos de su culpabilidad y se inclinan por la condena, pero el que discrepa empieza a plantear dudas razonables que, poco a poco, van resquebrajando la inicial seguridad de los demás.",23.9391
564,La momia,1999-04-16,6.976,"El legionario Rick O'Connell y su socio descubren durante una batalla en Egipto las ruinas de Hamunaptra, la ciudad de los muertos. Pasado un tiempo, este descubrimiento le permitirá salvar su vida y volver al lugar con una egiptóloga y su hermano, donde coinciden con un grupo de americanos. Todos ellos, seducidos por la aventura, provocarán la resurrección de la momia de un diabólico sacerdote egipcio que intenta desesperadamente recuperar a su amada.",24.0005
1726,Iron Man,2008-04-30,7.66,"El multimillonario fabricante de armas Tony Stark debe enfrentarse a su turbio pasado después de sufrir un accidente con una de sus armas. Equipado con una armadura de última generación tecnológica, se convierte en 'El hombre de hierro' para combatir el mal a escala global.",23.3162
72190,Guerra Mundial Z,2013-06-19,6.834,"Cuando el mundo comienza a ser invadido por una legión de muertos vivientes, Gerry Lane, un experto investigador de las Naciones Unidas, intentará evitar el fin de la civilización en una carrera contra el tiempo y el destino. La destrucción a la que se ve sometida la raza humana lo lleva a recorrer el mundo entero buscando la solución para frenar esa horrible epidemia.",23.6617
269149,Zootrópolis,2016-02-11,7.761,"La moderna metrópoli mamífera de Zootrópolis es una ciudad absolutamente única. Está compuesta de barrios con diferentes hábitats como la lujosa Plaza Sahara, el Distrito Selva Tropical y el gélido Distrito Tundra. Es un crisol donde los animales de cada entorno conviven, un lugar donde no importa lo que seas. De hecho puedes ser cualquier cosa, desde un elefante enorme hasta la musaraña más diminuta. Pero cuando llega la optimista agente Judy Hopps, descubre que ser la primera conejita de un cuerpo policial compuesto de animales duros y enormes no es nada fácil. Pero está decidida a demostrar su valía y se mete de cabeza en un caso, a pesar de que eso significa trabajar con Nick Wilde, un zorro parlanchín y estafador, para resolver el misterio.",23.8075
324857,Spider-Man: un nuevo universo,2018-12-06,8.393,"En un universo paralelo donde Peter Parker ha muerto, un joven de secundaria llamado Miles Morales es el nuevo Spider-Man. Sin embargo, cuando el líder mafioso Wilson Fisk construye el 'Super Colisionador' trae a una versión alternativa de Peter Parker que tratará de enseñar a Miles como ser un mejor Spider-Man. Pero no será el único Spider Man en entrar a este universo:  cuatro versiones alternativas buscan regresar a su universo antes de que toda la realidad se colapse.",24.9928
58,Piratas del Caribe: El cofre del hombre muerto,2006-07-06,7.38,"Will Turner y Elizabeth Swann se van a casar, pero ambos son hechos prisioneros por Lord Cutler Beckett y acusados de haber liberado al capitán Jack Sparrow. Para salvar su vida, Will tendrá que encontrar a Jack y conseguir su misteriosa brújula. Esta esconde un gran poder, además de la clave de una deuda de sangre del pirata con un temible y siniestro Davy Jones, el legendario capitán del barco fantasma Holandés Errante.",23.4794
1087192,Cómo entrenar a tu dragón,2025-06-06,7.931,"En la escarpada isla de Mema, donde vikingos y dragones han sido enemigos acérrimos durante generaciones, Hipo se desmarca desafiando siglos de tradición cuando entabla amistad con Desdentao, un temido dragón Furia Nocturna. Su insólito vínculo revela la verdadera naturaleza de los dragones y desafía los cimientos de la sociedad vikinga.",23.942
145341,Pułkownik Kwiatkowski,1996-05-10,6.719,,23.4052
674,Harry Potter y el cáliz de fuego,2005-11-16,7.803,"En el cuarto año en Hogwarts, Harry se enfrenta al mayor de los desafíos y peligros de la saga. Cuando es elegido bajo misteriosas circunstancias como el competidor que representará a Hogwarts en el Torneo Triwizard, Harry deberá competir contra los mejores jóvenes magos de toda Europa. Pero mientras se prepara, aparecen pruebas que manifiestan que Lord Voldemort ha regresado. Antes de darse cuenta, Harry no solo estará luchando por el campeonato sino también por su vida",23.6718
807,Seven,1995-09-22,8.382,"El teniente Somerset, del departamento de homicidios, está a punto de jubilarse y ser reemplazado por el ambicioso y brillante detective David Mills. Ambos tendrán que colaborar en la resolución de una serie de asesinatos cometidos por un psicópata que toma como base la relación de los siete pecados capitales: gula, pereza, soberbia, avaricia, envidia, lujuria e ira. Los cuerpos de las víctimas, sobre los que el asesino se ensaña de manera impúdica, se convertirán para los policías en un enigma que les obligará a viajar al horror y la barbarie más absoluta.",23.5084
1340206,Un talento único,2026-05-21,6.919,"Las meticulosas habilidades de un talentoso afinador de pianos le llevan a descubrir una inesperada aptitud para abrir cajas fuertes, lo que pone su vida patas arriba.",24.5311
106646,El lobo de Wall Street,2013-12-25,8.027,"Película basada en hechos reales del corredor de bolsa neoyorquino Jordan Belfort. A mediados de los años 80, Belfort era un joven honrado que perseguía el sueño americano, pero pronto en la agencia de valores aprendió que lo más importante no era hacer ganar a sus clientes, sino ser ambicioso y ganar una buena comisión. Su enorme éxito y fortuna le valió el mote de ""El lobo de Wall Street"". Dinero. Poder. Mujeres. Drogas. Las tentaciones abundaban y el temor a la ley era irrelevante. Jordan y su manada de lobos consideraban que la discreción era una cualidad anticuada; nunca se conformaban con lo que tenían.",23.6926
385687,Fast & Furious X,2023-05-17,6.994,"Durante numerosas misiones más que imposibles, Dom Toretto y su familia han sido capaces de ser más listos, de tener más valor y de ir más rápido que cualquier enemigo que se cruzara con ellos. Pero ahora tendrán que enfrentarse al oponente más letal que jamás hayan conocido: Un terrible peligro que resurge del pasado, que se mueve por una sangrienta sed de venganza y que está dispuesto a destrozar a la familia y destruir para siempre todo lo que a Dom le importa.",23.3739
1368337,La Odisea,2026-07-15,0.0,"Una epopeya mitológica que sigue la historia de Odiseo y su largo viaje a casa, de 10 años de duración, tras la guerra de Troya.",24.4911
283995,Guardianes de la Galaxia Vol. 2,2017-04-25,7.61,"Continúan las aventuras del equipo en su travesía por los confines del cosmos. Los Guardianes deberán luchar para mantener unida a su nueva familia mientras intentan resolver el misterio de los verdaderos orígenes de Peter Quill. Viejos rivales se convertirán en nuevos aliados, y queridos personajes de los cómics clásicos acudirán en ayuda de nuestros héroes a medida que el universo cinematográfico de Marvel continúa expandiéndose.",15.8986
1011985,Kung Fu Panda 4,2024-03-02,7.002,"Po se prepara para ser el líder espiritual del Valle de la Paz, buscando un sucesor como Guerrero Dragón. Mientras entrena a un nuevo practicante de kung fu, enfrenta al villano llamado ""el Camaleón"", que evoca villanos del pasado, desafiando todo lo que Po y sus amigos han aprendido.",24.1854
652,Troya,2004-05-13,7.175,"A lo largo de los tiempos, los hombres han hecho la guerra. Unos por poder, otros por gloria o por honor, y algunos por amor. En la antigua Grecia, la pasión de dos de los amantes más legendarios de la historia, Paris, príncipe de Troya y Helena, reina de Esparta, desencadena una guerra que asolará una civilización. El rapto de Helena por Paris, separándola de su esposo, el rey Menelao, es un insulto que El orgullo familiar establece que una afrenta a Menelao es una afrenta a su hermano Agamenón, el poderoso rey de Micenas, que no tarda en reunir a todas las grandes tribus de Grecia para recuperar a Helena de manos de los troyanos y defender el honor de su hermano. La verdad es que la lucha por el honor por parte de Agamenón está corrompida por su incontenible codicia ya que necesita conquistar Troya para asumir el control del mar Egeo.",24.137
960505,ザ・本番　アイドル歌手篇,1987-05-13,4.7,,24.1641
991494,Bob Esponja: Una aventura pirata,2025-12-16,6.827,"Desesperado por ser un gran tipo, Bob Esponja se propone demostrar su valentía al Sr. Krabs siguiendo a The Flying Dutchman, un misterioso pirata fantasma, en una aventura marítima que lo lleva a las profundidades más profundas del mar profundo, donde ninguna Esponja ha ido antes.",22.7413
1159831,¡La novia!,2026-03-04,6.219,"En el Chicago de los años 30, Frankenstein pide ayuda al Dr. Euphronius para crear una compañera. Dan vida a una mujer asesinada como la Novia, lo que desencadena un romance, el interés de la policía y un cambio social radical.",23.7901
1662317,El choque,2026-05-14,6.919,"Una joven se estrella con su coche contra un edificio y mata a su novio y a un amigo. En este documental, lo que parece un trágico accidente acaba en un caso de asesinato.",21.0189
346698,Barbie,2023-07-19,6.922,"Barbie vive en Barbieland donde todo es ideal y lleno de música y color. Un buen día decide conocer el mundo real. Cuando el CEO de Mattel se entere, tratará de evitarlo a toda costa y devolver a Barbie a una caja.",21.9696
244786,Whiplash,2014-10-10,8.375,"El objetivo de Andrew Neiman, un joven y ambicioso baterista de jazz, es triunfar en el elitista Conservatorio de Música de la Costa Este en el que estudia. Marcado por el fracaso de la carrera literaria de su padre, Andrew alberga sueños de grandeza. Terence Fletcher, un profesor conocido tanto por su talento como por sus rigurosos métodos de enseñanza, dirige el mejor conjunto de jazz del Conservatorio. Cuando Fletcher elige a Andrew y para formar parte del conjunto musical que dirige, cambia para siempre la vida del joven. La pasión de Andrew por alcanzar la perfección se convierte en obsesión, al tiempo que su despiadado profesor lo lleva al límite de su capacidad y de su salud mental.",22.8217
10867,Malèna,2000-10-27,7.485,"Malena es la belleza más encantadora e irresistible de Castelcuto, un aburrido pueblo de la soleada costa siciliana. Es nueva en la población y estando su marido en la guerra, cada paseo que da por el pueblo se convierte en un espectáculo, acompañado por las lujuriosas miradas de los hombres de la localidad y de los resentidos cotilleos de sus envidiosas esposas. Un ejército de flacos adolescentes en bicicleta la sigue allí donde vaya, con la única intención de observar su exquisita y arquetípica belleza. Entre ellos se encuentra Renato Amoroso, un chico de trece años con mucha imaginación que lleva su deseo a unos límites inesperados de obsesiva fantasía.",24.1147
1266990,Kulong,2024-05-24,6.417,,27.552
63964,தெய்வத்திருமகள்,2011-06-03,7.3,,21.6785
662707,Starbright,2026-02-27,5.974,Una mujer encuentra el secreto para hacer realidad sus deseos.,22.211
429617,Spider-Man: Lejos de casa,2019-06-28,7.396,"Peter Parker decide irse junto a MJ, Ned y el resto de sus amigos a pasar unas vacaciones a Europa. Sin embargo, el plan de Parker por dejar de lado sus superpoderes durante unas semanas se ven truncados cuando Nick Fury contacta con él para solicitarle ayuda para frenar el ataque de unas criaturas elementales que están causando el caos en el continente. En ese momento, Parker vuelve a ponerse el traje de Spider-Man para cumplir con su labor.",23.9483
769,Uno de los nuestros,1990-09-12,8.5,"Henry, un niño de trece años de Brooklyn, vive fascinado con el mundo de los gángsters. Su sueño se hace realidad cuando entra a formar parte de la familia Pauline, dueña absoluta de la zona, que lo educan como un miembro más de la banda convirtiéndole en un destacado mafioso.",23.8923
258216,Nymphomaniac. Volumen 1,2013-12-25,6.851,"Historia de una ninfómana contada por ella misma. Una fría noche invernal, un viejo solterón (Stellan Skarsgård) encuentra en un callejón a una joven (Charlotte Gainsbourg) herida y casi inconsciente. Después de recogerla y cuidarla, siente curiosidad por saber cómo pudo haber llegado esa mujer a semejante situación; escucha atentamente el relato que ella hace de su vida, una vida llena de conflictos y turbias relaciones. Para su estreno comercial se dividirá en dos partes. Hay una versión completa de cinco horas y media que sólo se verá en ciertos actos culturales.",23.3679
1214931,Núremberg,2025-11-06,7.546,"Tras el fin de la II Guerra Mundial, con ocasión de los cruciales e inminentes juicios de Nuremberg contra el derrotado régimen Nazi, el psiquiatra estadounidense Douglas Kelley (Malek), encargado de determinar si los oficiales nazis prisioneros son aptos para ser juzgados por sus crímenes de guerra, se ve inmerso en una compleja batalla de ingenio dialéctico con Hermann Göring (Crowe), mano derecha de Hitler. Basada en el libro ""El nazi y el psiquiatra"", de Jack El-Hai.",22.0544
875828,Peaky Blinders: El hombre inmortal,2026-03-05,7.253,"El gánster Tommy Shelby regresa a Birmingham para salvar a su familia —y a su país— cuando su hijo, del que se ha distanciado, se ve envuelto en un complot nazi.",26.1613
1601797,¿Quieres ser mi novia?,2026-02-12,8.63,"La relación de Javi y Lu enfrenta pruebas cuando surgen tentaciones: una joven con quien Javi tiene química, y un hombre maduro que persigue a Lu. Entre humor y enredos, su amor es puesto a prueba",22.2883
335984,Blade Runner 2049,2017-10-04,7.594,"Han pasado 30 años desde los acontecimientos ocurridos en Blade Runner (1982). El oficial K, un blade runner caza-replicantes del Departamento de Policía de Los Ángeles, descubre un secreto que ha estado enterrado durante mucho tiempo y que tiene el potencial de llevar a la sociedad al caos. Su investigación le conducirá a la búsqueda del legendario Rick Deckard, un antiguo blade runner en paradero desconocido, que lleva desaparecido 30 años.",23.1914
210577,Perdida,2014-10-01,7.89,"El día de su quinto aniversario de boda, Nick Dunne informa de que su esposa Amy ha desaparecido misteriosamente. Pronto la presión policial y mediática hace que el retrato de felicidad doméstica que ofrece Nick empiece a tambalearse. Además, su extraña conducta lo convierte en sospechoso, y todo el mundo comienza a preguntase si Nick mató a su esposa...",22.5503
1236153,Sin piedad,2026-01-19,7.029,"En un futuro próximo, un detective (Chris Pratt) es acusado de asesinar a su esposa. Tiene 90 minutos para demostrar su inocencia ante la Jueza de la I.A. avanzada (Rebecca Ferguson), a la que él mismo defendió en su día, antes de que esta decida su destino.",22.9447
855435,Faces of Death,2026-04-10,5.486,"Una mujer, empleada como moderadora de contenido de un sitio web, se encuentra con una serie de vídeos violentos que reproducen escenas de muerte de una película.",20.8035
1387382,Hunting Season,2025-12-05,6.909,"Cuando una misteriosa joven aparece en la orilla de un río local, tanto la niña de doce años que la descubre como su sobreprotector padre cambian para siempre con la llegada de esta extraña a su hogar. Mientras, un despiadado capo de la droga no se detendrá ante nada para matarla de una vez por todas.",22.4115
541671,Ballerina,2025-06-04,7.241,"Eve Macarro es una asesina entrenada por la Ruska Roma desde su infancia, la misma organización criminal encargada del adiestramiento de John Wick. En esta violenta historia de venganza, Eve intentará por todos los medios averiguar quién está detrás del asesinato de su padre. En su lucha por conocer la verdad, tendrá que atenerse a las normas de la Alta Mesa y, por supuesto, a las del Hotel Continental, donde descubrirá que existen secretos ocultos sobre su pasado.",23.4487
1078605,Weapons,2025-08-04,7.3,"Cuando todos los alumnos de una misma clase, salvo uno, desaparecen misteriosamente la misma noche y exactamente a la misma hora, la pequeña ciudad donde viven se pregunta quién o qué está detrás de su desaparición.",23.4114
1440050,The Breadwinner,2026-05-28,7.5,,21.4154
150540,Del revés (Inside Out),2015-06-17,7.91,"Riley es una chica que disfruta o padece toda clase de sentimientos. Aunque su vida ha estado marcada por la Alegría, también se ve afectada por otro tipo de emociones. Lo que Riley no entiende muy bien es por qué motivo tiene que existir la Tristeza en su vida. Una serie de acontecimientos hacen que Alegría y Tristeza se mezclen en una peligrosa aventura que dará un vuelco al mundo de Riley.",22.556
1367642,No te olvidaré,2026-03-11,7.633,"Cuando los abuelos y tutores de Diem se niegan categóricamente a permitir que la vea, Kenna descubre una compasión inesperada seguida de un sentimiento más profundo y real con Ledger, exjugador de la NFL y propietario de un bar local. A medida que su romance secreto va cobrando forma, surgen problemas para los dos, lo que llevará a Kenna a una situación sentimental desoladora y, en último término, a reavivar la esperanza de una segunda oportunidad.",21.8825
687259,镜花风月三之螺女挑情,1982-01-01,6.2,,23.3523
429,"El bueno, el feo y el malo",1966-12-23,8.468,"Durante la Guerra de Secesión, tres cazadores de recompensas se lanzan a la búsqueda de un tesoro que ninguno de los tres truhanes puede localizar sin la ayuda de los otros dos. Tuco sabe que el tesoro se encuentra en un cementerio, mientras que Joe conoce el nombre inscrito en la tumba que lo esconde. Mientras tanto, Sentenza no duda en matar a mujeres y niños para conseguir su meta. De esta forma, los tres hombres colaboran en apariencia, pero al final intentarán eliminarse mutuamente.",23.0305
13576,This Is It,2009-10-28,7.33,"Película documental realizado con el material grabado durante los últimos ensayos del ""rey del pop"" Michael Jackson, que preparaba su regreso a los escenarios cuando murió por una negligencia de su médico. La mayor parte del montaje del film fue rodado en junio de 2009 en el Staples Center de Los Ángeles y The Forum en Inglewood, en California, cuando Michael preparaba su 'This is it', la serie de 50 conciertos que iba a ofrecer en el O2 Arena de Londres. Dirige el documental Kenny Ortega, responsable de los ""High School Musical"".",21.5983
1306293,No te queda otra,2025-04-16,5.684,"En un tren a Ginebra, Victoire, una pasajera entrometida, se cruza con Antoine Toussaint, su ídolo, una gran estrella de la canción francesa. Entre él, que quiere poner fin a su vida, y ella, desbordante de energía, el encuentro será explosivo.",19.1788
1542995,বনলতা এক্সপ্রেস,2026-03-21,8.3,,22.0462
138843,Expediente Warren: The Conjuring,2013-07-18,7.539,"Basada en una historia real documentada por los reputados demonólogos Ed y Lorraine Warren. Narra los encuentros sobrenaturales que vivió la familia Perron en su casa de Rhode Island a principios de los 70. El matrimonio Warren, investigadores de renombre en el mundo de los fenómenos paranormales, acudieron a la llamada de esta familia aterrorizada por la presencia en su granja de un ser maligno.",22.1235
1115544,Mike y Nick y Nick y Alice,2026-03-14,6.768,"Dos gángsters y la mujer a la que aman intentan sobrevivir a la noche más peligrosa de sus vidas, en la que está implicada una máquina del tiempo.",22.5874
1533735,Nawab Cafe,2026-03-12,7.0,,24.2145
1220522,డెకాయిట్,2026-04-10,6.25,,21.4413
177572,Big Hero 6,2014-10-24,7.725,"En la metrópolis de San Fransokio (cruce de San Francisco y Tokio), vive Hiro Hamada, quien aprende a sacar provecho de su capacidad gracias a su brillante hermano Tadashi y sus también brillantes amigos: la buscadora de adrenalina GoGo Tamago, el meticuloso de la limpieza Wasabi-No-Ginger, la genio de la química Honey Lemon y el fanático de los cómics Fred. Cuando tras un devastador giro de los acontecimientos, se ven envueltos en una peligrosa conspiración que tiene lugar en las calles de San Fransokio, Hiro recurre a su amigo más íntimo: un robot llamado Baymax, y transforma al grupo en una banda de héroes de última tecnología decididos a resolver el misterio.",21.2546
18785,Resacón en Las Vegas,2009-06-02,7.332,"""The Hangover"" es la historia de una desmadrada despedida de soltero en la que el futuro novio y sus tres amigos, dos días antes de la boda, se montan la juerga padre en Las Vegas. Doug viaja a la ciudad del juego con sus mejores amigos Phil y Stu, así como su futuro cuñado Alan. La juerga es de campeonato y, como era de esperar, a la mañana siguiente tienen una resaca monumental. El problema es que, siendo incapaces de recordar nada de lo ocurrido durante la noche anterior, se encuentran con que el prometido ha desaparecido, topándose en su lugar con otras dos sorpresas en la suite del hotel: un tigre y un bebé.",21.5407
1446616,El último depredador,2026-02-11,6.337,Un rapero de Nalasopara y una influencer del sur de Bombay ponen su relación a prueba cuando un monzón los deja atrapados con un cocodrilo letal.,21.6041
574475,Destino final: Lazos de sangre,2025-05-14,7.039,"Acosada por una violenta pesadilla recurrente, la estudiante universitaria Stefanie se dirige a casa para localizar a la única persona que podría ser capaz de romper el ciclo y salvar a su familia de la espeluznante muerte que inevitablemente les espera a todos.",22.0569
585032,사방지,1988-10-29,6.6,,23.6844
693134,Dune: Parte dos,2024-02-27,8.127,"Sigue el viaje mítico de Paul Atreides mientras se une a Chani y los Fremen en una guerra de venganza contra los conspiradores que destruyeron a su familia. Al enfrentarse a una elección entre el amor de su vida y el destino del universo conocido, Paul se esfuerza por evitar un futuro terrible que solo él puede prever.",21.9154
637649,Despierta la furia,2021-04-22,7.6,"H (Jason Statham) es el misterioso tipo que acaba de incorporarse como guardia de seguridad en una compañía de furgones blindados. Durante un intento de atraco a su camión, sorprende a sus compañeros mostrando habilidades propias de un soldado profesional, dejando al resto del equipo preguntándose quién es realmente y de dónde viene.",19.602
27098,La belleza de las cosas,1995-03-08,6.428,"En 1943, durante la Segunda Guerra Mundial, Stig, un joven de 15 años, comparte con sus compañeros de clase el interés adolescente por los misterios del sexo. Pronto descubre antes que nadie algo que no comparte con ellos: tiene un affair con su profesora, Viola, que está casada con Kjell, un vendedor ambulante de lencería. Kjell, que se apoda a si mismo Frank porque vende más, es amante de la ginebra, de Beethoven y de Mahler, y aunque está enamorado de su mujer, ocasionalmente también le es infiel. Al tiempo que tiene sus encuentros amorosos con Viola, Stig desarrolla una fuerte amistad con Frank.",22.7996
348,"Alien, el octavo pasajero",1979-05-25,8.17,"De regreso a la Tierra, la nave de carga Nostromo interrumpe su viaje y despierta a sus siete tripulantes. El ordenador central, MADRE, ha detectado la misteriosa transmisión de una forma de vida desconocida, procedente de un planeta cercano aparentemente deshabitado. La nave se dirige entonces al extraño planeta para investigar el origen de la comunicación.",21.5808
585,"Monstruos, S.A.",2001-11-01,7.85,"Monsters Inc. es la mayor empresa de miedo del mundo, y James P. Sullivan es uno de sus mejores empleados. Asustar a los niños no es un trabajo fácil, ya que todos creen que los niños son tóxicos y no pueden tener contacto con ellos. Pero un día una niña se cuela sin querer en la empresa, provocando el caos.",22.8698
315162,El Gato con Botas: El último deseo,2022-12-07,8.205,El Gato con Botas se embarca en un viaje épico para encontrar al mítico Último Deseo y recuperar sus nueve vidas.,21.0395
290098,La doncella,2016-06-01,8.2,"Corea, década de 1930, durante la colonización japonesa. Una joven llamada Sookee es contratada como doncella de una rica mujer japonesa, Hideko, que vive recluida en una gran mansión bajo la influencia de un tirano. Sookee guarda un secreto y con la ayuda de un estafador que se hace pasar por un conde japonés, planea algo para Hideko.",22.2267
1287571,Agak Laen: Menyala Pantiku!,2025-11-27,8.6,,20.5157
77338,Intocable,2011-11-02,8.27,"Un hombre tetraplégico y millonario contrata como cuidador a domicilio a Driss, un inmigrante de un barrio marginal recién salido de la cárcel. Aunque no parece la persona más indicada, congenian hasta forjar una amistad tan sólida como inesperada.",21.9558
12779,Barridos por la marea,2002-10-11,4.7,"Un marinero pierde la cabeza por una mujer rica y egocéntrica que está acostumbrada a salirse siempre con la suya. Aislados del mundo en una isla, él consigue invertir los papeles despojándola a ella de su orgullo y dominándola por completo. Finalmente, ella se enamora de él. Remake del film italiano ""Insólita aventura de verano"".",22.82
798645,The Running Man,2025-11-11,6.783,"En una América distópica en el año 2025, Ben Richards participa en el violento reality show ""The Running Man"" con el fin de ganar suficiente dinero para revivir a su hija gravemente enferma.",22.9591
99861,Vengadores: La era de Ultrón,2015-04-22,7.273,"Cuando Tony Stark intenta reactivar un programa caído en desuso cuyo objetivo es mantener la paz, las cosas empiezan a torcerse y los héroes más poderosos de la Tierra, incluyendo a Iron Man, Capitán América, Thor, El Increíble Hulk, Viuda Negra y Ojo de Halcón, tendrán que afrontar la prueba definitiva cuando el destino del planeta se ponga en juego. Cuando el villano Ultron emerge, le corresponderá a Los Vengadores detener sus terribles planes, que junto a incómodas alianzas llevarán a una inesperada acción que allanará el camino para una épica y única aventura.",20.6115
1228246,Five Nights at Freddy's 2,2025-12-03,6.664,"Un año después de la pesadilla sobrenatural en Freddy Fazbear's Pizza, las historias sobre lo ocurrido allí se han convertido en una leyenda local extravagante, inspirando el primer Fazfest del pueblo. Con la verdad oculta, Abby se escapa para reencontrarse con Freddy, Bonnie, Chica y Foxy, desencadenando una serie de eventos aterradores que revelarán oscuros secretos sobre el verdadero origen de Freddy's y desatarán un horror oculto durante décadas.",22.2872
1252309,Pídeme lo que quieras,2024-11-29,6.2,"Judith Flores es una chica normal. Tiene un trabajo que le apasiona, muy buenos amigos y un padre encantador. Pero su vida cambia radicalmente cuando conoce a Eric Zimmerman, dueño de la empresa donde ella trabaja. Su relación con Eric está a punto de dinamitar su vida por completo.",21.241
863,Toy Story 2,1999-10-30,7.607,"Cuando Andy se va de campamento dejando solos a los juguetes, Al McWhiggin, un compulsivo coleccionista de juguetes valiosos, secuestra a Woody. Buzz Lightyear y el resto de los juguetes de Andy deberán actuar con rapidez para rescatarlo, poniéndose al frente de una operación de rescate durante la cual se enfrentarán a múltiples peligros y divertidas situaciones.",21.5763
453395,Doctor Strange en el multiverso de la locura,2022-05-04,7.23,"Viaja a lo desconocido con el Doctor Strange, quien, con la ayuda de tanto antiguos como nuevos aliados místicos, recorre las complejas y peligrosas realidades alternativas del multiverso para enfrentarse a un nuevo y misterioso adversario.",18.3276
1125257,Ponte en mi lugar de nuevo,2025-08-06,6.83,"Años después de que Tess y Anna atravesaran una crisis de identidad, Anna ahora tiene una hija y una futura hijastra. Mientras enfrentan los innumerables desafíos que surgen cuando dos familias se fusionan, Tess y Anna descubren que el rayo puede caer dos veces.",20.4693
1010755,Strangers: Capítulo 3,2026-02-05,5.736,"Los supervivientes se enfrentan a nuevas amenazas de extraños enmascarados. Secretos salen a la luz, poniendo en peligro sus vidas mientras la línea entre realidad y peligro se difumina en su lucha por sobrevivir. Tercera y última de la trilogía de películas basadas en ""Los extraños"" (2008)",19.8601
857,Salvar al soldado Ryan,1998-07-24,8.226,"Segunda Guerra Mundial, 1944. Tras el desembarco de los Aliados en Normandía, a un grupo de soldados americanos se le encomienda una peligrosa misión: poner a salvo al soldado James Ryan. Los hombres de la patrulla del capitán John Miller deben arriesgar sus vidas para encontrar a este soldado, cuyos tres hermanos han muerto en la guerra. Lo único que se sabe del soldado Ryan es que se lanzó con su escuadrón de paracaidistas detrás de las líneas enemigas.",20.5964
1081003,Supergirl,2026-06-24,0.0,"Tomando como referencia la reciente miniserie escrita por Tom King, esta película promete una visión diferente de lo que la mayoría piensa cuando le viene a la mente la prima de Superman. ""Veremos la diferencia entre Superman, que fue enviado a la Tierra y criado por unos padres cariñosos desde que era un bebé, y Supergirl, criada en una roca, una astilla de Krypton, y que vio morir y ser asesinados de formas terribles a todos los que la rodeaban durante los primeros 14 años de su vida para luego venir a la Tierra. Ella es mucho más dura y no es la Supergirl a la que estamos acostumbrados"".",21.3594
1865,Piratas del Caribe: En mareas misteriosas,2011-05-15,6.57,"Cuando Jack Sparrow vuelve a encontrarse con una mujer a la que había conocido años atrás, no está seguro de si se trata de amor o si ella es una estafadora sin escrúpulos que lo está utilizando para encontrar la legendaria Fuente de la Juventud. A todo esto, Jack es capturado por el Venganza de la Reina Ana, el barco del temible pirata Barbanegra, que lo obliga a unirse a su tripulación, lo que le hará vivir una inesperada aventura en la que no sabe quién le inspira más miedo si Barbanegra o esa mujer que regresa del pasado.",19.208
12445,Harry Potter y las Reliquias de la Muerte - Parte 2,2011-07-12,8.08,La segunda parte de la batalla final entre las fuerzas del bien y el mal. El juego nunca ha sido tan peligroso y nadie está a salvo. Se acerca el momento de la confrontación final entre Harry Potter y Lord Voldemort. Todo termina aquí…,20.8786
1297446,Slanted,2026-03-13,6.2,"Una insegura adolescente chino-estadounidense se somete a cirugía experimental para parecer blanca, con la esperanza de asegurarse el título de reina del baile y la aceptación de sus compañeros.",19.1478
898704,Desert Warrior,2026-04-23,6.2,"Un pícaro honorable y misterioso, conocido como Hanzala, se convierte en enemigo del emperador Kisra después de ayudar a un rey y una princesa fugitivos en el desierto.",21.499
198663,El corredor del laberinto,2014-09-10,7.188,"Thomas abre los ojos y se da cuenta que está en un ascensor. Lo extraño es que no recuerda nada, ni dónde está, ni quién es. Lo único que aún permanece intacto en su memoria es su nombre, y ya es mucho. Antes de que le dé tiempo a cuestionarse algo sobre sí mismo las puertas se abrirán y aparecerá ante él un extraño mundo. Todo lo que ve son chicos de su edad que tienen su mismo estado de amnesia. Una aventura fantástica que pronto destapará la dura realidad bajo ese velo de incertidumbre: todos ellos están atrapados en un laberinto. Si quieren tener alguna posibilidad de salir de allí y recuperar su antigua vida y aquello que no son capaces de recordar deberán unir fuerzas para escapar. Un mundo post-apocalíptico que les acorralará e irá un paso por delante será el desafío que tengan que pasar estos jóvenes por la libertad.",19.3592
105,Regreso al futuro,1985-07-03,8.3,"El adolescente Marty McFly es amigo de Doc, un científico al que todos toman por loco. Cuando Doc crea una máquina para viajar en el tiempo, un error fortuito hace que Marty llegue a 1955, año en el que sus futuros padres aún no se habían conocido. Después de impedir su primer encuentro, deberá conseguir que se conozcan y se casen; de lo contrario, su existencia no sería posible.",22.0344
1402,En busca de la felicidad,2006-12-14,7.885,"Chris Gardner es un vendedor brillante y con talento, pero su empleo no le permite cubrir sus necesidades más básicas. Tanto es así que acaban echándolo, junto a su hijo de cinco años, de su piso de San Francisco y no tienen ningún lugar al que ir. Cuando Gardner consigue hacer unas prácticas en una prestigiosa correduría de bolsa, los dos protagonistas tendrán que afrontar muchas adversidades parar hacer realidad su sueño de una vida mejor. Basada en hechos reales.",21.016
801335,La chica en el sótano,2021-02-27,7.556,"Sara es una adolescente que está deseando cumplir 18 años para alejarse de su padre controlador, Don. Pero antes de que pudiera apagar las velas, Don la aprisiona en el sótano de su casa.",20.958
4935,El castillo ambulante,2004-09-09,8.388,"Sophie, una joven sobre la que pesa una horrible maldición que le confiere el aspecto de una anciana, decide pedir ayuda al mago Howl, que vive en un castillo ambulante, pero tal vez sea Howl quien necesite la ayuda de Sophie.",21.1795
37165,El show de Truman,1998-06-04,8.153,"Truman Burbank es un hombre corriente y algo ingenuo que ha vivido toda su vida en uno de esos pueblos donde nunca pasa nada. Sin embargo, de repente, unos extraños sucesos le hacen sospechar que algo anormal está ocurriendo. Todos sus amigos son actores, toda su ciudad es un plató, toda su vida está siendo filmada y emitida como el reality más ambicioso de la historia.",21.1555
68721,Iron Man 3,2013-04-18,6.933,"El descarado y brillante empresario Tony Stark/Iron Man se enfrentará a un enemigo cuyo poder no conoce límites. Cuando Stark comprende que su enemigo ha destruido su universo personal, se embarca en una angustiosa búsqueda para encontrar a los responsables. Este viaje pondrá a prueba su entereza una y otra vez. Acorralado, Stark tendrá que sobrevivir por sus propios medios, confiando en su ingenio y su instinto para proteger a las personas que quiere.",21.593
9823,Mortal Kombat: Aniquilación,1997-11-11,4.557,"Estamos en el universo del Emperador Shao-Khan, donde las reglas no existen y la vida es una continua batalla. Los esbirros del maquiavélico Khan han sido adiestrados para matar y están dispuestos a cumplir las órdenes de su amo, conseguir el control de la Tierra para iniciar su aniquilación total. Un héroe, llamado Liu Kang, les hará frente.",20.4528
49026,El caballero oscuro: La leyenda renace,2012-07-17,7.8,"Hace ocho años que Batman desapareció, dejando de ser un héroe para convertirse en un fugitivo. Al asumir la culpa por la muerte del fiscal del distrito Harvey Dent, el Caballero Oscuro decidió sacrificarlo todo por lo que consideraba, al igual que el Comisario Gordon, un bien mayor. La mentira funciona durante un tiempo, ya que la actividad criminal de la ciudad de Gotham se ve aplacada gracias a la dura Ley Dent. Pero todo cambia con la llegada de una astuta gata ladrona que pretende llevar a cabo un misterioso plan. Sin embargo, mucho más peligrosa es la aparición en escena de Bane, un terrorista enmascarado cuyos despiadados planes obligan a Bruce a regresar de su voluntario exilio.",20.2393
1101383,El final de Oak Street,2026-08-12,0.0,"Un hombre de mediana edad se encuentra en un extraño campamento para dormir, compitiendo con excéntricos campistas. Busca a su amigo desaparecido y a una mítica bestia gris que guarda un tesoro escondido.",20.7202
1370123,Aída y vuelta,2026-01-30,7.04,"Una película de metaficción centrada en el rodaje de un capítulo de la mítica serie de televisión ""Aída"".",17.2168
617126,Los Cuatro Fantásticos: Primeros pasos,2025-07-23,6.964,"Con un mundo retrofuturista inspirado en los años 60 como telón de fondo, la Primera Familia de Marvel deberá hacer frente a su mayor desafío hasta la fecha. Obligados a buscar el equilibrio entre su papel de héroes y sus fuertes vínculos familiares, tendrán que defender la Tierra de un hambriento dios espacial llamado Galactus y su intrigante heraldo, Estela Plateada.",20.638
680493,Return to Silent Hill,2026-01-21,5.345,"Impulsado por las sombras de su pasado, James Sunderland regresa a Silent Hill para encontrar a su amor perdido, Mary Crane. Pero el pequeño pueblo oscuro y deprimente ya no es el lugar de sus recuerdos. James se encuentra con personajes que le parecen demasiado familiares y que intentan distraerlo de su búsqueda de Mary. Cuanto más busca a Mary, más comienza a preguntarse si esto sigue siendo la realidad, o si ha caído en el oscuro inframundo de Jacob Crane.",21.0333
1197137,Black Phone 2,2025-10-15,6.691,"Ambientada en 1982, cuatro años después de que Finney Blake lograra matar al secuestrador y asesino en serie conocido como ""The Grabber"". Finney, ahora marcado por el trauma, junto a su hermana menor Gwen, que tiene habilidades psíquicas, comienzan a tener visiones relacionadas con asesinatos ocurridos en un campamento cristiano en las Montañas Rocosas. Decididos a descubrir la verdad, viajan junto con Ernesto, un amigo, al campamento donde trabajó su madre, que también tenía dones psíquicos y fue víctima del asesino.",20.1007
122917,El hobbit: La batalla de los cinco ejércitos,2014-12-10,7.335,"Después de haber recuperado el reino del Dragón Smaug, la Compañía ha desencadenado, sin querer, una potencia maligna. Un Smaug enfurecido vuela hacia la Ciudad del Lago para acabar con cualquier resto de vida. Obsesionado sobre todo con el reino recuperado, Thorin sacrifica la amistad y el honor para mantenerlo mientras que Bilbo intenta frenéticamente hacerle ver la razón por la que el hobbit toma una decisión desesperada y peligrosa. Pero hay aún mayores peligros por delante. Sin la ayuda aparente del mago Gandalf, su gran enemigo Sauron ha enviado legiones de orcos hacia la Montaña Solitaria en un ataque furtivo. Cuando la oscuridad se cierna sobre ellos, las razas de los Enanos, Elfos y Hombres deben decidir si unirse o ser destruidos. Bilbo se encontrará así en la batalla épica de los Cinco Ejércitos, donde el futuro de la Tierra Media está en juego.",20.9007
559,Spider-Man 3,2007-05-01,6.461,"Parece que Parker ha conseguido por fin el equilibrio entre su devoción por Mary Jane y sus deberes como superhéroe. Pero, de repente, su traje se vuelve negro y adquiere nuevos poderes; también él se transforma, mostrando el lado más oscuro y vengativo de su personalidad. Bajo la influencia del nuevo traje, Peter se convierte en un ser egoísta que sólo se preocupa por sí mismo. Tiene, pues, que afrontar un dilema: disfrutar de sus nuevos poderes o seguir siendo un héroe compasivo. Mientras tanto, sobre él se cierne la amenaza de dos temibles enemigos: Venom y el Hombre de Arena.",20.2282
1062722,Frankenstein,2025-10-17,7.638,"Un científico brillante y obsesivo, Victor Frankenstein, en su ambición por desafiar a la muerte, da vida a una criatura ensamblada con partes de cadáveres. Pese a tratarse de una proeza científica, Frankenstein considera que la criatura carece de inteligencia y la rechaza. Dolida, esta se rebela contra su creador.",20.2794
912649,Venom: El último baile,2024-10-22,6.666,"Eddie y Venom están a la fuga. Perseguidos por sus sendos mundos y cada vez más cercados, el dúo se ve abocado a tomar una decisión devastadora que hará que caiga el telón sobre el último baile de Venom y Eddie.",19.443
1119449,"Buena suerte, pásalo bien, no mueras",2026-02-13,6.892,"Un hombre que afirma venir del futuro llega a un pequeño restaurante en Los Ángeles. Su misión: reclutar a los humanos descontentos para que, en el transcurso de una noche, formen parte de una misión global: detener a una inteligencia artificial que se ha vuelto rebelde y amenaza la supervivencia del mundo.",18.2137
524047,Greenland: El último refugio,2020-07-29,7.128,"Cuando el mundo es consciente de que el asteroide más grande de la historia va a impactar en la Tierra y aniquilar todo rastro de vida, los gobiernos de todo el mundo realizan un sorteo en el cual los afortunados podrán sobrevivir en refugios secretos. Esta decisión desata un caos a nivel mundial. Muchos tendrán que emprender un peligroso viaje donde se enfrentarán a los más imponentes peligros de la naturaleza, lo que les obligará a encontrar la manera de mantenerse unidos mientras encuentran la forma de sobrevivir.",20.4469
545611,Todo a la vez en todas partes,2022-03-24,7.72,"Cuando una ruptura interdimensional altera la realidad, Evelyn, una inmigrante china en Estados Unidos, se ve envuelta en una aventura salvaje en la que sólo ella puede salvar el mundo. Perdida en los mundos infinitos del multiverso, esta heroína inesperada debe canalizar sus nuevos poderes para luchar contra los extraños y desconcertantes peligros del multiverso mientras el destino del mundo pende de un hilo.",19.8954
107257,A Perfect Ending,2012-06-01,6.241,"Rebecca tiene un secreto muy inusual, uno que ni siquiera sus mejores amigos conocen. La última persona en la tierra que espera para revelarlo a un escort de alto precio llamada París. Lo que comienza como una comedia de errores termina en un viaje exclusivamente erótico. Los esfuerzos no convencionales de Rebecca por encontrarse a sí misma son crudos, evocadores, y a menudo humorísticos, pero siempre muy reales, muy humanos. A veces un final perfecto no es lo uno se espera que sea. (FILMAFFINITY)",21.2767
1268127,Humint,2026-02-11,7.486,"Un agente surcoreano investiga una red de narcotráfico en Rusia y debe colaborar con un agente norcoreano, lo cual los lleva correr riesgos y descubrir secretos muy turbios.",18.852
1102883,Mother Mary,2026-04-16,5.727,"La intensa relación entre la cantante de pop Mary y Sam, una antigua amiga suya, diseñadora de moda, que se vuelven a reunir tras la necesidad de la primera de un vestido para su nueva gira de conciertos.",17.5919
866398,Beekeeper: El protector,2024-01-08,7.262,"La brutal campaña de venganza de Adam Clay adquiere tintes nacionales tras revelarse que es un antiguo agente de una poderosa organización clandestina conocida como ""Beekeeper"".",19.0462
1891,El imperio contraataca,1980-05-20,8.392,"Tras un ataque sorpresa de las tropas imperiales a las bases camufladas de la alianza rebelde, Luke Skywalker, en compañía de R2D2, parte hacia el planeta Dagobah en busca de Yoda, el último maestro Jedi, para que le enseñe los secretos de la Fuerza. Mientras, Han Solo, la princesa Leia, Chewbacca, y C3PO esquivan a las fuerzas imperiales y piden refugio al antiguo propietario del Halcón Milenario, Lando Calrissian, en la ciudad minera de Bespin, donde les prepara una trampa urdida por Darth Vader.",17.2101
2062,Ratatouille,2007-06-28,7.841,"Remy es una simpática rata que sueña con convertirse en un gran chef francés a pesar de la oposición de su familia y del problema evidente que supone ser una rata en una profesión que detesta a los roedores. El destino lleva entonces a Remy a las alcantarillas de París, pero su situación no podría ser mejor, ya que se encuentra justo debajo de un restaurante que se ha hecho famoso gracias a Auguste Gusteau, una estrella de la cuisine. A pesar del peligro que representa ser un visitante poco común (y desde luego nada deseado) en los fogones de un exquisito restaurante francés, la pasión de Remy por la cocina pone patas arriba el mundo culinario parisino en una trepidante y emocionante aventura.",21.7723
9502,Kung Fu Panda,2008-06-04,7.323,"El protagonista es un oso panda llamado Po, el más vago de todas las criaturas del Valle de la Paz. Con poderosos enemigos acercándose, la esperanza es depositada en una antigua profecía que dice que un héroe se alzará para salvarles. Voces originales de Jack Black, Angelina Jolie, Dustin Hoffman, Lucy Liu & Jackie Chan.",19.8984
767,Harry Potter y el misterio del príncipe,2009-07-15,7.681,"En medio de los desastres que azotan a Inglaterra, Harry y sus compañeros vuelven a Hogwarts para cursar su sexto año de estudios; y aunque las medidas de seguridad han convertido al colegio en una fortaleza, algunos estudiantes son víctimas de ataques inexplicables. Harry sospecha que Draco Malfoy es el responsable de los mismos y decide averiguar la razón. Mientras tanto, Albus Dumbledore y el protagonista exploran el pasado de Lord Voldemort mediante recuerdos que el director ha recolectado. Con esto, Dumbledore planea preparar al muchacho para el día de la batalla final.",18.9947
207,El club de los poetas muertos,1989-06-02,8.3,"En un elitista y estricto colegio privado de Nueva Inglaterra, un grupo de alumnos descubrirá la poesía, el significado de ""Carpe Diem"" -aprovechar el momento- y la importancia de perseguir los sueños, gracias a un excéntrico profesor que despierta sus mentes por medio de métodos poco convencionales.",18.7329
98,Gladiator,2000-05-04,8.226,"En el año 180, el Imperio Romano domina todo el mundo conocido. Tras una gran victoria sobre los bárbaros del norte, el anciano emperador Marco Aurelio decide transferir el poder a Máximo, bravo general de sus ejércitos y hombre de inquebrantable lealtad al imperio. Pero su hijo Cómodo, que aspiraba al trono, no lo acepta y trata de asesinar a Máximo.",20.6609
214756,Ted 2,2015-06-25,6.323,"Se trata de una secuela de la exitosa comedia escrita y dirigida por el cómico Seth MacFarlane. Recién casados Ted y Tami-Lynn deciden tener un bebé. John se ofrece en donar su esperma para que su mejor amigo pueda cumplir su sueño de tener un hijo, pero inesperadamente reciben una carta legal que dice que el estado no le permite ser padre ya que no está demostrado que sea una persona. Todos juntos tendrán que unir fuerzas para luchar por sus derechos en un tribunal de justicia.",19.3853
1088434,Hellfire,2026-05-14,4.25,"Un hombre solitario llega a un pequeño pueblo y descubre que sus habitantes viven bajo el control de un líder cruel, así que decide intervenir para intentar liberarlos.",19.0485
675,Harry Potter y la Orden del Fénix,2007-07-08,7.673,"Harry Potter regresa por quinto año a Hogwarts aún sacudido por la tragedia ocurrida en el Torneo de los Tres Magos. Debido a que el Ministro de la Magia niega el regreso de Lord Voldemort, Harry se convierte en el centro de atención de la comunidad mágica. Mientras lucha con sus problemas en el colegio, incluyendo a la nueva profesora Dolores Umbridge, intentará aprender más sobre la misteriosa Orden del Fénix.",19.544
552524,Lilo y Stitch,2025-05-17,7.21,La conmovedora y divertidísima historia de una solitaria niña hawaiana y el extraterrestre fugitivo que la ayuda a reparar su desestructurada familia.,18.4084
72105,Ted,2012-06-29,6.452,"La historia se centra en las aventuras de un hombre que ve cómo su osito de peluche de la infancia adquiere vida debido a un deseo que formuló cuando era pequeño, convirtiéndose el peluche en un gandul deslenguado que alterará por completo su vida y pondrá en peligro su relación amorosa con su pareja, debido a su comportamiento totalmente salvaje y su conducta fuera de toda norma social.",20.6676
259872,Des jours plus belles que la nuit,2009-10-10,6.074,"Wim y Floor, una joven pareja de la vida real, pasan una tarde en las habitaciones bañadas por el sol de una casa en ruinas en Bélgica. En un giro único, este documental erótico artístico se edita casi en tiempo real. En la lentitud, obtenemos la constitución, la dulzura y la sensualidad. Olvídate de la rápida edición de los dedos. Lento es donde está.",22.1254
1930,The Amazing Spider-Man,2012-06-23,6.737,"Como la mayoría de los adolescentes de su edad, Peter está intentando descubrir quién es y cómo ha llegado a ser lo que es. En su viaje para atar los cabos de su pasado descubre un secreto que guardaba su padre, un secreto que finalmente dará forma a su destino como Spiderman.",19.1875
1669057,Check-In,2026-05-01,5.0,,19.6079
1542261,映画ドラえもん 新・のび太の海底鬼岩城,2026-02-27,7.8,,18.9789
38365,Niños grandes,2010-06-24,6.415,"Después de muchos años, su antiguo entrenador de basquet muere y cincos amigos deciden pasar un fin de semanas -ahora con sus respectivas familias- en la casa donde celebraron, antaño, el campeonato.",20.765
458376,ネオ チンピラ 続 鉄砲玉ぴゅ～,1991-04-12,0.0,,19.6475
8966,Crepúsculo,2008-11-20,6.281,"La joven Bella Swan siempre fue una chica muy diferente ya en sus años de niña en Phoenix. Cuando su madre se volvió a casar, la mandó a vivir con su padre, a la pequeña y lluviosa ciudad de Forks, Washington, una población sin ningún aliciente para Bella. Pero entonces conoce en el instituo al misterioso y atractivo Edward Cullen, un joven distinto a los demás que esconde un secreto...",19.8752
1497843,风尘女郎,1975-01-01,0.0,,21.1174
1167307,David,2025-12-14,8.076,"En un reino gobernado por el miedo, un joven pastor se atreve a enfrentarse a un gigante y a la oscuridad que se oculta tras él. Su valor despertará a una nación y demostrará que la verdadera fuerza proviene de la confianza, no del poder.",18.9541
1643729,Ishqa'n De Lekhe,2026-03-06,10.0,,19.3082
1317672,Love Me Love Me,2026-02-12,5.9,"Tras la muerte de su hermano, June se muda a Milán para empezar de nuevo. Allí encuentra refugio en Will, el alumno perfecto de su instituto internacional. Pero James, el problemático mejor amigo de Will, que oculta una peligrosa vida en peleas clandestinas de MMA, convierte la rivalidad en una atracción irresistible que obliga a June a elegir entre una vida segura y un amor que lo cambia todo.",18.8921
1381027,Good Boy,2026-03-06,7.332,"Un delincuente de 19 años, Tommy, es secuestrado y obligado a un proceso de rehabilitación por una pareja disfuncional, Chris y Kathryn, que intentan convertirlo en un «buen chico». Tommy debe encontrar la forma de escapar.",18.5351
823464,Godzilla y Kong: El nuevo imperio,2024-03-27,7.049,"Una aventura cinematográfica completamente nueva, que enfrentará al todopoderoso Kong y al temible Godzilla contra una colosal amenaza desconocida escondida dentro de nuestro mundo. La nueva y épica película profundizará en las historias de estos titanes, sus orígenes y los misterios de Isla Calavera y más allá, mientras descubre la batalla mítica que ayudó a forjar a estos seres extraordinarios y los unió a la humanidad para siempre.",18.7255
156022,The equalizer (El protector),2014-09-24,7.287,"Robert McCall, un antiguo agente de la CIA que lleva ahora una vida tranquila, abandona su retiro para ayudar a Teri, que está siendo explotada por la mafia rusa. A pesar de que aseguró no volver a ser violento, contemplar tanta crueldad despertará en Robert un implacable y renovado deseo de justicia.",19.6041
264980,Das Mädchen mit der heißen Masche,1972-03-09,4.5,,22.3049
1054867,Una batalla tras otra,2025-09-23,7.359,"Un ex revolucionario, tras años apartado de la lucha, se ve obligado a volver a la acción para enfrentar a viejos enemigos en un ambiente cargado de tensión política, racismo y violencia militar... Adaptación modernizada de la novela 'Vineland', de Thomas Pynchon (1990), sobre los movimientos radicales de los años sesenta.",18.265
402431,Wicked,2024-10-16,6.9,"Ambientada en la Tierra de Oz, mucho antes de la llegada de Dorothy Gale desde Kansas. Elphaba es una joven incomprendida por su inusual color verde que aún no ha descubierto su verdadero poder. Glinda es una popular joven marcada por sus privilegios y su ambición que aún no ha descubierto su verdadera pasión. Las dos se conocen como estudiantes de la Universidad Shiz, en la fantástica Tierra de Oz, y forjan una insólita pero profunda amistad. La trama abarca los acontecimientos del primer acto del musical de Broadway.",17.787
1213898,Violencia en la frontera 2,2026-01-23,7.154,Jóvenes combatientes indios se prepararon para proteger su patria de una amenaza mayor durante la guerra indo-pakistaní de 1971.,18.8872
1461254,살목지,2026-04-08,6.625,,18.1021
62177,Indomable,2012-06-21,7.026,"Mérida, la indómita hija del Rey Fergus y de la Reina Elinor, es una hábil arquera que decide romper con una antigua costumbre, que es sagrada para los señores de la tierra: el gigantesco Lord MacGuffin, el malhumorado Lord Macintosh y el cascarrabias Lord Dingwall. Las acciones de Merida desencadenan el caos y la furia en el reino. Además, pide ayuda a una sabia anciana que le concede un deseo muy desafortunado. La muchacha tendrá que afrontar grandes peligros antes de aprender qué es la auténtica valentía.",18.4946
1173559,Insidious Inferno,2024-11-29,5.4,"Una cabaña aislada está plagada de horribles asesinatos y, sin que los habitantes lo sepan, algo de otro mundo acecha en los pasillos. ¿Podrá la pareja resolver el misterio de los terrenos malditos a tiempo o abrirán la puerta al infierno?",17.254
19404,Un amor contra viento y marea,1995-10-20,8.513,"Los Singh son una familia india con grandes convicciones culturales de su nación de origen, que emigraron a Reino Unido antes de nacer sus primeros hijos. Uno de ellos querrá casarse con una mujer ajena a su cultura y para ello deberá hacer todos los esfuerzos por convencer a su familia.",19.909
301528,Toy Story 4,2019-06-19,7.462,"Woody siempre ha tenido claro cuál es su labor en el mundo y cuál es su prioridad: cuidar a su dueño, ya sea Andy o Bonnie. Sin embargo, Woody descubrirá lo grande que puede ser el mundo para un juguete cuando Forky se convierta en su nuevo compañero de habitación. Los juguetes se embarcarán en una aventura de la que no se olvidarán jamás.",20.0139
285,Piratas del Caribe: En el fin del mundo,2007-05-19,7.273,"Siguiendo la estela de lo sucedido en “Piratas del caribe: el cofre del hombre muerto”, encontramos a nuestros héroes Will Turner y Elizabeth Swann aliados con el capitán Barbossa, en una búsqueda desesperada para liberar al capitán Jack Sparrow de las manos de Davy Jones. Mientras, el terrorífico barco fantasma, el Holandés Errante, bajo el control de la Compañía de las Indias Orientales, causa estragos a lo largo de los Siete Mares. Will y Elizabeth, navegando en medio de la traición, la felonía y mares salvajes, deben seguir adelante rumbo a Singapur y enfrentarse al astuto pirata chino Sao Feng. Ahora, en los mismísimos confines de la tierra, todos ellos deben elegir un bando en la batalla final, ya que no sólo sus vidas y fortunas, sino también el futuro de la piratería clásica, pende de un hilo...",18.4169
1209511,லவ் இன்சூரன்ஸ் கம்பெனி,2026-04-10,4.75,,16.9602
20453,3 Idiots,2009-12-23,8.001,"Cuenta la historia de Rancho. Un chico con una pasión por estudiar y aprender. En la escuela de ingenieros, entablará amistad con Raju y Farham que acabarán por convertirse en sus dos mejores amigos. Pero al graduarse pierden el contacto y sus dos amigos deciden ir en su búsqueda.",19.4056
843527,La idea de tenerte,2024-05-02,7.291,"Solène, madre soltera de 40 años, comienza un romance inesperado con Hayes Campbell, de 24 años, el cantante principal de August Moon, la banda de chicos más popular del planeta.",18.4501
1495,El reino de los cielos,2005-05-03,7.042,"Balián de Ibelín viaja a Jerusalén durante las cruzadas del siglo XII, donde será el defensor de su pueblo.",19.5386
101,El profesional (Léon),1994-09-14,8.295,"Stan es un corrupto agente de la DEA cuya codicia le lleva a cometer asesinatos en las calles de Nueva York. El mortal juego del gato y el ratón empieza cuando se cruza en su camino un solitario hombre, llamado León. León es asesino a sueldo, un personaje indestructible e indocumentado, que sólo bebe leche y se ocupa de sus plantas. En medio se encuentra una huerfanita de 12 años, que no puede olvidar al hombre que asesinó a su familia.",18.5283
986056,Thunderbolts*,2025-04-30,7.292,"Un grupo de supervillanos poco convencional es reclutado para hacer misiones para el gobierno: Yelena Belova, Bucky Barnes, Red Guardian, Ghost, Taskmaster y John Walker. Después de verse atrapados en una trampa mortal urdida por Valentina Allegra de Fontaine, estos marginados deben embarcarse en una peligrosa misión que les obligará a enfrentarse a los recovecos más oscuros de su pasado.",20.1461
1223601,Sisu: Camino a la venganza,2025-10-21,7.272,"Al regresar a la casa donde su familia fue brutalmente asesinada durante la guerra, «el hombre que se niega a morir» la desmantela, la carga en un camión y se propone reconstruirla en un lugar seguro en honor a ellos. Cuando el comandante del Ejército Rojo que mató a su familia regresa empeñado en terminar el trabajo, se produce una implacable y espectacular persecución a través del país, una lucha a muerte llena de escenas de acción increíbles e ingeniosas.",16.9627
539,Psicosis,1960-06-22,8.413,"Una joven secretaria, tras cometer un robo, se marcha de la ciudad y conduce durante horas, parando para descansar en un pequeño motel de carretera regentado por un joven llamado Norman. Todo parece normal y tranquilo en el apartado motel y en la casa de al lado en la que viven Norman y su madre pero, mientras está en la ducha, la joven es asesinada salvajemente a cuchilladas.",18.4761
2251,Infiel,2002-05-10,6.698,"El matrimonio de Edward (Richard Gere) y Connie Sumner (Diane Lane) parece ir bien: tienen dinero, posición, un niño y una bonita casa en un barrio residencial de las afueras de Nueva York. Pero un día, en Manhattan, Connie conoce a Paul (Olivier Martinez), un joven y atractivo coleccionista de libros de origen francés. Ambos comienzan una relación adúltera de insospechadas consecuencias.",18.6366
292431,Love,2015-07-15,6.5,"Un 1 de enero por la mañana, el teléfono suena. Murphy se despierta junto a su esposa y su hijo de dos años. Escucha el mensaje, la madre de Electra, muy inquieta, le pregunta si tiene noticias de su hija que está desaparecida. Teme que le haya sucedido algo grave. A lo largo de un día lluvioso, Murphy se encuentra solo en casa, recordando su historia de amor más grande; dos años con Electra. Una pasión llena de promesas, juegos, excesos, errores...",16.0247
10193,Toy Story 3,2010-06-16,7.806,"Sabiendo que su dueño Andy, que ya no es un niño, se prepara para ir a la universidad, el vaquero Woody, el astronauta Buzz y el resto de sus amigos juguetes comienzan a preocuparse ante su incierto futuro. Efectivamente todos acaban en una guardería, donde por ejemplo la muñeca Barbie conocerá al guapo Ken. Esta reunión de nuestros amigos con otros nuevos juguetes no será sino el inicio de un montón de trepidantes y divertidas aventuras.",19.1389
1549519,Sex Trip,2026-02-20,6.0,,18.3631
664413,365 días,2020-02-07,6.993,"Massimo es miembro de la mafia siciliana y Laura es una directora de ventas. Ella no espera que un viaje a Sicilia salve su relación, pero Massimo la secuestrará durante 365 días para que se enamore de él.",17.7878
12153,Dos rubias de pelo en pecho,2004-06-23,6.937,"Dos ambiciosos -pero con poca fortuna- agentes del FBI (Shawn y Marlon Wayans) se hacen pasar por mujeres, novatas en la alta sociedad, en el exclusivo complejo Hamptons para investigar un círculo de secuestros. Pero mientras preparan su actuación en el mayor acontecimiento social del año se encuentran que irrumpir en la alta sociedad es mucho más duro de lo que parecía.",18.6229
280,Terminator 2: El juicio final,1991-07-03,8.15,"Ha pasado once años desde que Sarah Connor fue marcada como objetivo para ser eliminada por un cyborg del futuro. Ahora su hijo John, el futuro líder de la resistencia, es el objetivo de un Terminator más moderno, más mortífero. Una vez más, la resistencia se las ha ingeniado para enviar un protector de vuelta al pasado para intentar salvar a John y a su madre Sarah.",17.58
109445,Frozen: El reino del hielo,2013-11-20,7.249,"Cuando una profecía condena a un reino a un invierno eterno, Anna, una joven optimista se une a un temerario montañero llamado Kristoff y a su compinche el reno Sven. Juntos emprenden un viaje épico en busca de Elsa, hermana de Anna y reina de Las Nieves para poner fin al gélido hechizo.",16.3773
11013,Secretary,2002-09-20,6.797,"Lee Holloway  tiene el peor de los currículum cuando decide solicitar un empleo de secretaria en el bufete de abogados de E. Edward Grey. Basta con decir que acaba de salir de una institución psiquiátrica y que, tan sólo un día después de volver a estar con su disfuncional familia de barrio periférico, ha recaído ya en su hábito secreto e inconfesable. Pese a que nunca en su vida ha tenido trabajo, Lee resulta finalmente contratada por el Sr. Grey, un misterioso abogado. Al principio el trabajo parece normal: mecanografiar cartas, archivar documentos y hacer el café; pero Lee y el Sr. Grey no tardan en embarcarse en una relación mucho más estrecha e íntima; una relación que haría sonrojar a cualquier jefe de personal.",18.3804
1193501,Whistle: El silbido del mal,2026-01-20,6.3,"Un grupo de estudiantes inadaptados encuentra por accidente un objeto maldito: un antiguo silbato de la muerte azteca. Al soplarlo, descubren que el terrorífico sonido que produce invoca a sus propias muertes futuras para perseguirlos. Mientras las víctimas aumentan, los amigos intentan descubrir el origen del artefacto y detener la terrible cadena de sucesos que han provocado.",16.3453
12,Buscando a Nemo,2003-05-30,7.819,"Nemo, un pececillo, hijo único muy querido y protegido por su padre, ha sido capturado en un arrecife australiano y ahora vive en una pecera en la oficina de un dentista de Sidney. El tímido padre de Nemo se embarcará en una peligrosa aventura para rescatar a su hijo. Pero Nemo y sus nuevos amigos tienen también un astuto plan para escapar de la pecera y volver al mar.",18.9637
567609,Noche de bodas,2019-08-21,7.07,"Durante la noche de su boda, una mujer recibe la invitación por parte de la rica y excéntrica familia de su marido para participar en una tradición ancestral que se convierte en un juego letal de supervivencia.",18.1484
49051,El hobbit: Un viaje inesperado,2012-12-12,7.375,"Precuela de la trilogía ""El Señor de los Anillos"", obra de J.R.R. Tolkien. En compañía del mago Gandalf y de trece enanos, el hobbit Bilbo Bolsón emprende un viaje a través del país de los elfos y los bosques de los trolls, desde las mazmorras de los orcos hasta la Montaña Solitaria, donde el dragón Smaug esconde el tesoro de los Enanos. Finalmente, en las profundidades de la Tierra, encuentra el Anillo Único, hipnótico objeto que será posteriormente causa de tantas sangrientas batallas en la Tierra Media.",18.3126
1561144,മധുവിധു,2026-04-23,6.333,,15.2608
4348,Orgullo y prejuicio,2005-09-16,8.053,"Las cinco hermanas Bennet han sido criadas por una madre obsesionada por encontrarles marido. Pero una de ellas, Lizzie, inteligente y con carácter, desea una vida con perspectivas más abiertas, un anhelo respaldado por su padre. Cuando el señor Bingley, un soltero rico, y su círculo de sofisticados amigos se instalan en una mansión vecina para pasar el verano, las Bennett se entusiasman con la posibilidad de encontrar pretendientes. En el baile de bienvenida, Lizzie conoce al apuesto y elegante señor Darcy, pero, a primera vista, le parece demasiado orgulloso y arrogante.",17.0824
1408208,Exit 8,2025-08-28,6.733,"Película basada en el videojuego de KOTAKE CREATE ""The Exit 8"", cuya premisa es que una persona anónima se encuentra en una estación de metro atrapada en un bucle en donde debe avanzar sólo cuando una anomalía no aparezca en su campo de visión... o volverá al inicio sin ser capaz de huir de ese lugar.",18.9211
949,Heat,1995-12-15,7.9,"Neil McCauley es un experto ladrón. Su filosofía consiste en vivir sin ataduras que puedan constituir un obstáculo, si las cosas se complican. Su banda la forman criminales profesionales tan cualificados que pueden impresionar incluso al detective Vincent Hanna. Pero Hannah vive tan obsesionado con su trabajo que llega incluso a poner en peligro su relación sentimental. Cuando la banda de McCauley prepara el golpe definitivo y el equipo de Hannah intenta evitarlo, cada uno de ellos comprende que tiene que vérselas con una de las mentes más brillantes a la que se ha enfrentado en su carrera.",19.4146
293660,Deadpool,2016-02-09,7.624,"Basado en el anti-héroe menos convencional de Marvel, Deadpool narra el origen de un ex agente de las fuerzas especiales llamado Wade Wilson, reconvertido a mercenario, y que tras ser sometido a un cruel experimento para curar su cáncer adquiere poderes de curación rápida, adoptando entonces el alter ego de Deadpool. Armado con sus nuevas habilidades y un oscuro y retorcido sentido del humor, Deadpool intentará dar caza al hombre que casi destruye su vida.",18.6986
1294203,Culpa mía: Londres,2025-02-12,7.4,"Noah, de 18 años, se traslada de Estados Unidos a Londres con su madre, que se ha enamorado recientemente de William, un adinerado hombre de negocios británico. Noah conoce al hijo de William, el malote Nick. Pese a los esfuerzos de ambos por evitarlo, se sienten atraídos. Mientras Noah pasa el verano adaptándose a su nueva vida, su doloroso pasado la irá atrapando a la vez que se va enamorando.",18.7294
1290417,Embestida,2026-04-10,6.033,"Cuando un catastrófico huracán azota un pueblo costero, el nivel del mar sube rápidamente y sus habitantes deben sobrevivir a un montón de hambrientos tiburones.",15.228
1241634,सैयारा,2025-07-18,6.399,,17.3895
181808,Star Wars: Los últimos Jedi,2017-12-13,6.752,"La malvada Primera Orden se ha vuelto más poderosa y tiene contra las cuerdas a la Resistencia, liderada por la General Leia Organa. El piloto Poe Dameron encabeza una misión para intentar destruir un acorazado de la Primera Orden. Mientras tanto, la joven Rey tendrá que definir su futuro y su vocación, y el viejo jedi Luke Skywalker revaluar el significado de su vida.",18.4301
1321179,왕과 사는 남자,2026-02-04,7.3,,16.7101
329865,La llegada,2016-11-10,7.626,"Unas misteriosas naves espaciales aterrizan por todo el mundo. Un equipo, liderado por la lingüista Louise Banks, intenta descifrar el motivo de su visita. A medida que la humanidad se tambalea al borde de la guerra, Louise y su equipo luchan contra el tiempo, llegando a poner en peligro su vida y, muy posiblemente, la del resto de la humanidad.",15.7404
530442,La Obsesión de Kyla,2018-06-12,4.9,"Riley conoce a Kyla en el instituto, una chica solitaria de la que rápidamente se vuelve amiga íntima. Pero pronto descubre la obsesión que tiene su nueva compañera.",17.9479
855,Black Hawk derribado,2001-12-28,7.393,"Octubre de 1993. Soldados americanos de élite son enviados a Mogadiscio (Somalia) en una misión de paz de las Naciones Unidas. El fin se supone que es salvar vidas, no segarlas. Pero resulta que el principal objetivo de la misión es capturar al caudillo Aidid y acabar de raíz con la guerra. Al principio, todo parece ir bien, hasta que dos helicópteros Black Hawk, aparentemente invencibles, son derribados. Entonces la misión se convierte en una desesperada carrera para rescatar a la tripulación y a los soldados de tierra que han quedado atrapados o han resultado heridos en el accidente.",16.382
324786,Hasta el último hombre,2016-10-07,8.19,"La historia de Desmond T. Doss, quien, debido a que se lo prohibía su fe, combatió en la Segunda Guerra Mundial sin portar un arma. No disparó ni una bala, pero salvó a 75 personas de la muerte en la batalla de la isla de Okinawa.",17.7574
11036,El diario de Noa,2004-06-25,7.887,"En una residencia de ancianos, un hombre mayor lee a una mujer una historia de amor escrita en su viejo libro de notas. El libro cuenta la vida en los años 40 de Noah Calhoun y Allie Nelson, dos jóvenes adolescentes de Carolina del Norte que, a pesar de vivir en dos ambientes sociales muy diferentes, pasaron un verano idílico juntos y profundamente enamorados, antes de ser separados, primero por sus padres, y más tarde por la Segunda Guerra Mundial.",17.3406
1511417,Baahubali: The Epic,2025-10-29,6.184,"Cuando una pareja tribal encuentra a un niño misterioso cerca de una estruendosa cascada, lo crían como si fuera suyo. A medida que crece, Sivudu se siente atraído por el mundo más allá de los acantilados, donde descubre el antiguo reino de Mahishmati, gobernado por un tirano cruel, asolado por la rebelión y ligado a su propio pasado. Lo que comienza como una búsqueda por amor, pronto desentraña un legado de traición, sacrificio y un príncipe olvidado.",16.5569
822119,Capitán América: Brave New World,2025-02-12,5.981,"Tras reunirse con el recién elegido presidente de los EE. UU., Thaddeus Ross, Sam se encuentra en medio de un incidente internacional. Debe descubrir el motivo que se esconde tras un perverso complot global, antes de que su verdadero artífice enfurezca al mundo entero.",17.1849
168259,Fast & Furious 7,2015-04-01,7.217,"Ha pasado un año desde que el equipo de Dominic Torreto y Brian pudiera regresar finalmente a Estados Unidos, tras ser indultados. Desean adaptarse a una vida en la legalidad, pero el entorno ya no es el mismo. Dom intenta acercarse a Letty, y Brian lucha para acostumbrarse a la vida en una urbanización con Mia y su hijo. Ninguno de ellos imagina que un frío asesino británico, entrenado para realizar operaciones secretas, se cruzará en sus vidas para convertirse en su mayor enemigo.",17.3443
30112,Perdidos en Pekín (Lost in Beijing),2007-09-26,6.6,"Lost in Beijing, nos traslada al submundo de los centros de masajes de Beijing, en donde una joven trabaja como masajista y debe esconder la identidad y existencia de su esposo, un limpia vidrios que un día en su trabajo se topa con la insufrible noticia que su esposa le era infiel con su jefe (Tony Leung Kai Fai) sin saber que, ella en estado de ebriedad habia sido violada por el dueño del Centro de Masajes.",18.0199
762509,Mufasa: El rey león,2024-12-18,7.313,"Rafiki debe transmitir la leyenda de Mufasa a la joven cachorro de león Kiara, hija de Simba y Nala, y con Timón y Pumba prestando su estilo característico. Mufasa, un cachorro huérfano, perdido y solo, conoce a un simpático león llamado Taka, heredero de un linaje real. Este encuentro casual pone en marcha un viaje de un extraordinario grupo de inadaptados que buscan su destino.",14.8437
11324,Shutter Island,2010-02-14,8.198,"Verano de 1954. Los agentes judiciales Teddy Daniels y Chuck Aule son destinados a una remota isla del puerto de Boston para investigar la desaparición de una peligrosa asesina recluida en el hospital psiquiátrico Ashecliffe, un centro penitenciario para criminales perturbados dirigido por el siniestro doctor John Cawley. Pronto descubrirán que el centro guarda muchos secretos, y que la isla esconde algo más peligroso que los pacientes.",17.5474
1357633,Solo Leveling: ReAwakening,2024-11-26,7.16,"Ha pasado más de una década desde que un camino llamado ""portal"" que conecta este mundo con una dimensión alternativa apareció de repente, y personas con poderes sobrehumanos llamados ""cazadores"" han despertado. Los cazadores usan sus poderes sobrehumanos para conquistar mazmorras dentro de los portales para ganarse la vida y Sung Jinwoo, un cazador del rango más bajo, es considerado como el Cazador Más débil de Toda la Humanidad. Un día se encuentra con una mazmorra doble, una mazmorra de alto nivel oculta dentro de una de bajo nivel. Frente a un Jinwoo gravemente herido, surge una misteriosa ventana hacia una misión. Al borde de la muerte, Jinwoo decide encargarse de la misión, que le convierte en la única persona capaz de subir de nivel. Largometraje formado por una recapitulación de la primera temporada de la serie de anime homónima junto con un avance exclusivo de los dos primeros episodios de la segunda temporada.",17.3029
73861,A Serbian Film,2010-01-06,5.443,"Milo, una estrella del porno ya retirada que vive con su mujer y su hijo, está pasando por apuros económicos. Una cita con una antigua compañera de rodaje, la pornostar Layla, le presenta la oportunidad de trabajar con un tipo llamado Vukmir en su nueva película de porno experimental. Milos acaba aceptando sin saber exactamente lo que va a rodar y acaba sumergido en una tormenta de depravación violencia, snuff, pedofilia, y drogas que lo dejan en un abismo de locura.",16.7028
1191876,From the Ashes,2027-06-01,0.0,,16.104
2105,American Pie,1999-07-09,6.607,"Una legión de jóvenes inexpertos están intentando apuntarse un tanto con el sexo opuesto. Jim es como cualquier otro chico de su edad, un joven sano y vigoroso que también resulta ser virgen, el principal motivo de su galopante desesperación. Desde que sus padres le sorprendieron viendo películas pornográficas, las cosas han ido a peor. En casa, su bienintencionado padre extiende un celo mortificador en todo lo referente a la educación sexual de su hijo; en el colegio, las cosas no van mucho mejor: sus experiencias con una belleza perteneciente a un programa de intercambio tienen toda la pinta de fracasar. Así que su último recurso se llama Michelle, una integrante de la banda de música que resulta ser todo un prodigio.",19.2021
489,El indomable Will Hunting,1997-12-05,8.162,"Will es un joven rebelde con una inteligencia asombrosa, especialmente con las matemáticas. El descubrimiento de su talento por parte de los académicos le obligará a elegir entre seguir con su vida de siempre -un trabajo fácil, buenos amigos, muchas cervezas y alguna bronca- o aprovechar sus grandes cualidades intelectuales en alguna universidad. Sólo los consejos de un solitario y bohemio profesor le ayudará a decidirse.",16.0454
823219,"Flow, un mundo que salvar",2024-08-29,8.084,"En un mundo al borde del colapso, un gato solitario pierde su hogar por una inundación y encuentra refugio en un barco con otras especies. Juntos, deberán superar diferencias y desafíos mientras navegan por un misterioso paisaje sumergido.",16.8118
1510745,911: Llamada infernal,2026-03-12,5.716,"Durante una llamada rutinaria por disturbios domésticos, un trágico accidente lleva a dos oficiales de policía a una pesadilla implacable que revela la existencia de un culto aterrador.",16.1992
38757,Enredados,2010-11-24,7.612,"Flynn Rider, el más buscado -y encantador- bandido del reino, se esconde en una misteriosa torre y allí se encuentra con Rapunzel, una bella y avispada adolescente con una cabellera dorada de 21 metros de largo, que vive encerrada allí desde hace años. Ambos sellan un pacto y a partir de ese momento la pareja vivirá emocionantes aventuras en compañía de un caballo superpolicía, un camaleón sobreprotector y una ruda pandilla de matones",17.3683
271110,Capitán América: Civil War,2016-04-27,7.448,"Continúa la historia de “Avengers: Age of Ultron”, con Steve Rogers liderando un nuevo equipo de Vengadores en su esfuerzo por proteger a la humanidad. Tras otro incidente internacional relacionado con los Vengadores que ocasiona daños colaterales, la presión política fuerza a crear un sistema de registro y un cuerpo gubernamental para determinar cuándo se requiere los servicios del equipo. El nuevo status quo divide a los Vengadores mientras intentan salvar al mundo de un nuevo y perverso villano.",17.4863
12155,Alicia en el País de las Maravillas,2010-03-03,6.642,"Alicia, una joven de 19 años, asiste a una fiesta en una mansión victoriana, donde descubre que está a punto de recibir una propuesta de matrimonio frente a un montón de gente estirada de la alta sociedad. Alicia entonces se escapa, corriendo tras un conejo blanco, entra a un agujero tras él... y acaba en el país de las Maravillas, un lugar que visitó hace 10 años, pero el cual no recuerda. El país de las Maravillas era un reino pacífico hasta que la Reina Roja derrocó a su hermana, la Reina Blanca. Las criaturas del país de las maravillas, listos para la revuelta, esperan que Alicia les ayude, y éstas a su vez le ayudarán a recordar su primera visita al mágico reino.",16.5077
963261,아들의 여친 아빠의 여친 2,2022-04-01,4.0,,17.4504
14160,Up,2009-05-28,8.0,"Tras atar miles de globos a su casa, Carl Fredricksen, un vendedor de globos jubilado, se embarca en el mundo de los sueños de la infancia. Pero sin que Carl lo sepa, Russell, un explorador de 8 años, se encuentra en el lugar equivocado en el momento equivocado: el porche delantero de la casa. El dúo más improbable conoce a fantásticos amigos como Dug, un perro con un collar especial que le permite hablar, y Kevin, un pájaro de cuatro metros de altura que no vuela. Atrapados en la selva, Carl se da cuenta de que a veces las mayores aventuras de la vida son las que menos esperabas.",17.3838
30709,Chicas con gancho,1981-03-01,6.1,"Falk es el representante de una pareja de lucha libre femenina: ""The California Dolls"". Los tres lucharán para abandonar los circuitos de mala muerte y dar el salto a los de mayor categoría.",22.9731
1003596,Vengadores: Doomsday,2026-12-16,0.0,Quinta entrega de la saga 'Vengadores' incluida en el Universo Cinematográfico Marvel (UCM). Sinopsis desconocido.,17.9286
19173,Diario de una ninfómana,2008-10-17,5.643,"Val tiene 28 años, estudios universitarios, un gran atractivo y una cómoda posición económica. Es además una mujer muy liberada que busca constantemente nuevas experiencias para saciar su curiosidad sexual. Se acuesta con quien quiere y cuando quiere. Vive al límite, lo que le comporta numerosos problemas con los hombres, con su trabajo y con sus amigos. Todo ello, unido a la muerte de su abuela, provoca un punto de inflexión en su vida. Tras ser despedida, conoce a Jaime, un hombre del que se enamora perdidamente. Junto a él vive un largo idilio plagado de altibajos. La relación se rompe de manera traumática. Val, desesperada, está a punto de acabar con su vida. Está inmensamente sola, tiene muchas deudas que saldar y su autoestima está bajo mínimos. Decide entrar a trabajar en una casa de prostitutas de lujo.",16.1496
475557,Joker,2019-10-01,8.125,"Arthur Fleck es un hombre ignorado por la sociedad, cuya motivación en la vida es hacer reír. Pero una serie de trágicos acontecimientos le llevarán a ver el mundo de otra forma. Película basada en Joker, el popular personaje de DC Comics y archivillano de Batman, pero que en este film toma un cariz más realista y oscuro.",17.5726
581528,"El gangster, el policía y el diablo",2019-05-15,7.858,Un jefe de la mafia (Ma Dong-seok) y un oficial de policía responsable de un sanguinario comando (Kim Mu-yeol) tendrán que dejar a un lado sus diferencias para unirse en la persecución de un asesino de nombre K (Kim Sung-kyun).,21.0272
1029575,Plan en familia,2023-12-14,7.22,"Dan Morgan es muchas cosas: un marido devoto, un padre cariñoso, un reputado vendedor de coches. También es un exasesino. Y, cuando su pasado alcanza su presente, se ve obligado a embarcar a su ingenua familia en un viaje por carretera sin igual.",16.2402
1317288,Marty Supreme,2025-12-19,7.389,"Biopic de Marty Reisman, un buscavidas convertido en campeón de ping pong, desde que empezó a jugar por apuestas en Manhattan hasta ganar 22 títulos importantes y convertirse en el más veterano en ganar una competición nacional de deportes de raqueta, con 67 años.",16.7338
425,Ice Age: La edad de hielo,2002-03-14,7.376,"Hace muchos, muchos años, tantos como 20.000, una pequeña ardirata de nombre Scrat quería esconder una bellota en el hielo. Pero lo que hace es provocar una semicatástrofe que provoca que todos los animales migren hacia el sur, hacia tierras más cálidas. Bueno, lo que se dice todos, todos, no. Porque hay uno que lleva la contraria: se trata del mamut Manfred, un auténtico lobo solitario vagabundo y soberbio que va hacia el norte sólo porque los demás están yendo hacia el sur.",16.9411
414419,Kill Bill: The Whole Bloody Affair,2011-03-27,8.082,"Kill Bill es una película de acción y suspense de dos partes estrenada en 2003 y 2004 respectivamente, que fue escrita y dirigida por Quentin Tarantino. Kill Bill originalmente fue propuesta para tener un lanzamiento único en los cines, pero con una duración de más de cuatro horas, fue separada en dos volúmenes: Kill Bill: Volumen 1, lanzada a finales de 2003, y Kill Bill: Volumen 2, lanzada a inicios de 2004. Las dos películas fueron bien recibidas por la crítica, muchos notando su estilo de dirección y su homenaje a géneros cinematográficos como las películas de artes marciales hongkonesa, las películas de samuráis, spaghetti western, chicas con armas, violación y venganza. En 2011, las dos películas fueron unidas y, junto a una secuencia animada extensa, fueron estrenadas bajo título de Kill Bill: The Whole Bloody Affair en el New Beverly Cinema, en Los Ángeles, California.",16.7573
102382,The Amazing Spider-Man 2: El poder de Electro,2014-04-16,6.54,"Peter Parker lleva una vida muy ocupada, compaginando su tiempo entre su papel como Spider-Man, acabando con los malos, y en el instituto con la persona a la que quiere, Gwen. Peter no ve el momento de graduarse. No ha olvidado la promesa que le hizo al padre de Gwen de protegerla, manteniéndose lejos de ella, pero es una promesa que simplemente no puede cumplir. Las cosas cambiarán para Peter cuando aparece un nuevo villano, Electro, y un viejo amigo, Harry Osborn, regresa, al tiempo que descubre nuevas pistas sobre su pasado.",17.1195
209112,Batman vs Superman: El amanecer de la justicia,2016-03-23,6.0,"Ante el temor de las acciones que pueda llevar a cabo Superman, el vigilante de Gotham City aparece para poner a raya al superhéroe de Metrópolis, mientras que la opinión pública debate cuál es realmente el héroe que necesitan. El hombre de acero y Batman se sumergen en una contienda territorial, pero las cosas se complican cuando una nueva y peligrosa amenaza surge rápidamente, poniendo en jaque la existencia de la humanidad.",16.5653
561,Constantine,2005-02-08,7.157,"John Constantine ha estado en el infierno y ha vuelto. Nació con un don que no deseaba, la capacidad de reconocer claramente a los ángeles y a los demonios que andan por la tierra bajo un aspecto humano, Constantine se vio empujado al suicido para escapar de la atormentadora claridad de su visión. Pero fracasó. Ahora, marcado por su intento de suicidio, patrulla la frontera terrenal entre el cielo y el infierno, esperando en vano ganarse el camino a la salvación enviando a los esbirros de Luciffer de vuelta al averno. Cuando una desesperada pero escéptica detective de policía consigue su ayuda para resolver la misteriosa muerte de su querida hermana gemela, su investigación les lleva a través del mundo de demonios y ángeles que subyace justo bajo el paisaje de la actual ciudad de Los Angeles. Atrapados en una catastrófica serie de acontecimientos sobrenaturales, los dos se encuentran inextricablemente involucrados y tratan de encontrar su propia paz a cualquier precio.",18.2939
5879,El imperio de los sentidos,1976-09-15,6.592,Una pareja de amantes vive una historia de amor llevada hasta límites inimaginables. La pasión se ha adueñado de ellos. El sexo ha pasado a ser lo único importante de sus vidas. Las ansias de la mujer por poseer a su hombre parecen inagotables y crecen cada día más hasta llegar a confundir el placer con el dolor.,15.0304
337404,Cruella,2021-05-26,7.971,"Ambientada en el Londres de los años 70, en plena revolución del punk rock, muestra a una joven estafadora llamada Estella, una chica inteligente y creativa, decidida a convertirse en una exitosa diseñadora de moda, que se asocia con un par de ladrones para sobrevivir en las calles de la capital británica. Pero cuando su talento para la moda llama la atención de la legendaria diseñadora, la Baronesa von Hellman, Estella cambia el rumbo de su vida hasta que una serie de acontecimientos y revelaciones que harán que Estella asuma su lado malvado y se convierta en la estridente, moderna y vengativa Cruella de Vil.",15.9656
228150,Corazones de acero,2014-10-15,7.545,"Abril de 1945. Al mando del veterano sargento Wardaddy, un pelotón de cinco soldados americanos a bordo de un carro de combate -el Fury- ha de luchar contra un ejército nazi al borde de la desesperación, pues los alemanes saben que su derrota estaba ya cantada por aquel entonces.",17.8393
1665724,Shera,2026-05-15,0.0,,16.5328
9769,Lolita,1997-09-27,7.108,"Humbert es un europeo culto, brillante y atractivo que se instala en una ciudad de Nueva Inglaterra como profesor. Una vez allí, se hospeda en casa de Charlotte, una voluptuosa viuda, que ve en Humbert la encarnación de sus fantasías provincianas. Pero Humbert oculta una herida envenenada: el recuerdo de un frustrado amor de adolescencia. Por eso, Lolita, la hija de Charlotte, se le aparece a Humbert como la materialización de sus sueños.",16.4422
286217,Marte (The Martian),2015-09-30,7.699,"Un explorador espacial queda atrapado en Marte, luego de ser abandonado por los miembros de su tripulación, quienes pensaron que había muerto a consecuencia de una tormenta. Casi sin recursos y con solo su ingenio, intentará sobrevivir mientras la NASA, por un lado, y los miembros de su tripulación, por su propia cuenta, intentan rescatarlo.",17.3842
533533,TRON: Ares,2025-10-08,6.493,"La historia de Ares, un programa muy sofisticado que se envía desde el mundo digital al mundo real en una misión peligrosa y que va a representar el primer encuentro de la humanidad con seres creados por la IA.",16.8037
953,Madagascar,2005-05-25,6.923,"Cuenta la historia de cuatro divertidos animales del zoo de Central Park, Nueva York, (Alex el león, Marty la cebra, Gloria la hipopótamo y Melman la jirafa). Llevan toda su vida encerrados en cautividad sin poder experiemtnar el sabor de la libertad y se han propuesto idear un plan para salir de allí juntos. Un día, una serie de casualidades les llevan a lograr lo que tanto ansiaban y huyen de aquel lugar. Terminan en plena naturaleza, concretamente en la idílica isla de Madagascar. Allí descubrirán, a base de apasionantes aventuras, que la vida salvaje es muy diferente a lo que ellos pensaban y que vivir en libertad no es tan fácil como imaginaban.",16.1375
1480387,undertone,2026-03-12,6.218,"Una presentadora de pódcast de terror se muda con su madre terminal. Cintas misteriosas sobre vivencias paranormales de una pareja embarazada reflejan su situación, enloqueciendo.",15.6545
1621,Entre pillos anda el juego,1983-06-07,7.229,"Dos hombres de negocios sostienen distintas tesis sobre las condiciones de la naturaleza humana. Para uno es cuestión de genética, para el otro es cuestión de educación. Para corroborar sus teorías hacen una apuesta para lo cual cambian los destinos de dos personas socialmente antagónicas.",14.8769
694,El resplandor,1980-05-23,8.204,"Jack Torrance se traslada, junto a su mujer y a su hijo, al impresionante hotel Overlook, en Colorado, para encargarse del mantenimiento del mismo durante la temporada invernal, en la que permanece cerrado y aislado por la nieve. Su idea es escribir su novela al tiempo que cuida de las instalaciones durante esos largos y solitarios meses de invierno, pero desde su llegada al hotel, Jack comienza a padecer inquietantes transtornos de personalidad, al mismo tiempo que en el lugar comienzan a suceder diversos fenómenos paranormales.",15.9299
11836,Bob Esponja: La película,2004-11-19,7.087,"Hay problemas en Bikini Bottom: la corona del Rey Neptuno ha desaparecido y las sospechas recaen en el Sr. Krabs. Junto a Patrick, su mejor amigo, Bob Esponja marcha a la peligrosa Ciudad de Shell para rescatar la corona de Neptuno y salvar al Sr. Krabs.",15.7268
670,Old Boy,2003-11-21,8.2,"Sin tener idea de cómo llegó a ser encarcelado, drogado y torturado durante 15 años, un hombre desesperado busca vengarse de sus captores.",15.3061
426889,Le Clitoris,2017-08-24,6.756,,17.7354
272,Batman Begins,2005-06-10,7.7,"¿Cómo cambia un hombre el mundo? Es una pregunta que obsesiona a Bruce Wayne al igual que el fantasma de sus padres, muertos a tiros ante sus ojos en las calles de Gotham una noche que cambió su vida para siempre. Atormentado por la culpa y la ira, el desilusionado heredero industrial desaparece de Gotham y viaja en secreto por el mundo, buscando los medios de luchar contra la injusticia y utilizar el miedo contra los que se aprovechan de los que tienen miedo. Con la ayuda de su leal mayordomo Alfred, el detective Jim Gordon - uno de los pocos buenos policías de las fuerzas del orden público de Gotham - y Lucius Fox, su aliado en la división de Ciencias Aplicadas de Wayne Enterprises, Bruce Wayne libera a su imponente alter ego: Batman, un justiciero enmascarado que utiliza la fuerza, la inteligencia y un despliegue de artefactos de alta tecnología para combatir las fuerzas siniestras que amenazan con destruir la ciudad.",15.7505
858024,Hamnet,2025-11-26,7.7,"Descubre la poderosa historia de amor que inspiró la creación de Hamlet, la intemporal obra maestra de Shakespeare.  La historia de Agnes, la esposa de William Shakespeare, en su lucha por superar la tragedia familiar que irrumpe en su vida. Una historia con el telón de fondo de la creación de una de las más conocidas e importantes obras de Shakespeare, 'Hamlet'.",15.3352
1083637,Kantara Una Leyenda Capítulo - 1,2025-10-01,7.159,"Durante el reinado de los Kadamba, el rey Vijayendra, gobernante de la ficticia tierra feudataria de Bangra, encuentra su destino final mientras se aventura en el místico bosque de Kantara. Testigo de ello, su hijo Rajashekara sella las fronteras de su reino. Más tarde, el príncipe Kulashekara las reabre mediante una brutal masacre. El protagonista, Berme, en busca de prosperidad, cruza la brecha y enciende un conflicto de fe, poder y destino entre el Reino y la Naturaleza.",16.201
245891,John Wick (Otro día para matar),2014-10-16,7.456,"John Wick es un antiguo asesino a sueldo de Nueva York que se había retirado de la profesión después de perder a su esposa. Pero, al descubrir la oscura trama que la mafia había planeado para acabar con él, arrebatándole lo que más quería, volverá a introducirse en el negocio, esta vez por su cuenta, para vengarse.",16.1776
10674,Mulán,1998-06-18,7.903,"Mulán, una joven china hija única de la familia Fa, en lugar de buscar novio, como sus amigas, trata por todos los medios de alistarse en el ejército imperial para evitar que su anciano padre sea llamado a filas para defender al Emperador del acoso de los Hunos. Cuando el emisario imperial lleva a cabo la orden de reclutar a los varones de todas las familias, Mulán se hará pasar por soldado y se someterá a un duro entrenamiento hasta hacerse merecedora de la estima y de la confianza del resto de su escuadrón.",15.4254
4232,Scream,1996-12-20,7.43,"Sidney Prescott, una adolescente de la pequeña comunidad de Woodsboro, se convierte en el objetivo de un misterioso asesino en serie. Una reportera de un canal de noticias, Gale Weathers, que cubrió el asesinato un año atrás de la madre de Sidney, cubre ahora estos asesinatos, además ha escrito un libro en el que defiende al supuesto asesino de Maureen, Cotton Weary, que va a ir a la cámara de gas, alegando que cayó en una trampa, lo que hace reavivar la polémica. Los crímenes dejan de ser aislados y continúan los asesinatos. Ahora Sidney, su novio y sus amigos están en peligro, ya que el asesino quiere revivir lo sucedido un año atrás con Maureen Prescott, pero esta vez con su hija.",15.8099
1072790,Cualquiera menos tú,2023-12-21,6.775,"Bea y Ben se conocen y parecen la pareja perfecta, pero tras una increíble primera cita sucede algo que enfría su fuerte atracción, hasta que meses después ambos se encuentran inesperadamente en una boda en Australia. Obligados a verse, y a pesar de su rechazo mutuo, por conveniencia para ambos deciden fingir que son una pareja.",17.0717
20352,Gru Mi villano favorito,2010-07-08,7.258,"En una alegre urbanización con cuidados jardines rodeados por verjas de madera pintadas de blanco y llenos de rosales, sobresale una casa negra con el césped amarillento. Los vecinos ignoran que debajo de la vivienda hay un enorme escondite secreto. Allí está Gru, rodeado por un pequeño ejército de lacayos, planeando el mayor robo de toda la historia. ¡Va a hacerse con la luna!",17.6848
9806,Los Increíbles,2004-10-27,7.725,"Como Mr. Increíble y Elastigirl, Bob y su esposa Helen estaban entre los mejores luchadores contra el crimen. Por fin pueden volver a la acción cuando una misteriosa llamada cita a Bob en una isla remota.",15.8058
284053,Thor: Ragnarok,2017-10-02,7.582,"Thor está preso al otro lado del universo sin su poderoso martillo y se enfrenta a una carrera contra el tiempo. Su objetivo es volver a Asgard y parar el Ragnarok porque significaría la destrucción de su planeta natal y el fin de la civilización Asgardiana a manos de una todopoderosa y nueva amenaza, la implacable Hela. Pero, primero deberá sobrevivir a una competición letal de gladiadores que lo enfrentará a su aliado y compañero en los Vengadores, ¡el Increíble Hulk!",15.8624
16869,Malditos bastardos,2009-08-02,8.218,"Segunda Guerra Mundial. Durante la ocupación de Francia por los alemanes, Shosanna Dreyfus presencia la ejecución de su familia por orden del coronel nazi Hans Landa. Ella consigue huir a París, donde adopta una nueva identidad como propietaria de un cine. En otro lugar de Europa, el teniente Aldo Raine adiestra a un grupo de soldados judíos ""Los bastardos"" para atacar objetivos concretos. Los hombres de Raine y una actriz alemana, que trabaja para los aliados, deben llevar a cabo una misión que hará caer a los jefes del Tercer Reich. El destino quiere que todos se encuentren bajo la marquesina de un cine donde Shosanna espera para vengarse.",17.4908
572802,Aquaman y el reino perdido,2023-12-20,6.526,"Al no poder derrotar a Aquaman la primera vez, Black Manta, todavía impulsado por la necesidad de vengar la muerte de su padre, no se detendrá ante nada para derrotar a Aquaman de una vez por todas. Esta vez Black Manta es más formidable que nunca y ejerce el poder del mítico Tridente Negro, que desata una fuerza antigua y malévola.  Para derrotarlo, Aquaman recurrirá a su hermano encarcelado Orm, el ex rey de la Atlántida, para forjar una alianza improbable. Juntos, deben dejar de lado sus diferencias para proteger su reino y salvar a la familia de Aquaman, y al mundo, de una destrucción irreversible.",16.6956
1627824,Rocky y la catástrofe gatuna,2026-02-27,8.0,"Rocky se siente abrumado cuando un travieso gatito llega a pasar la noche en su centro de mando. El pequeño felino, que adora a Rocky, termina causando más líos de lo que él esperaba.",15.4023
1064213,Anora,2024-10-14,7.071,"Anora, una joven prostituta de Brooklyn, tiene la oportunidad de vivir una historia de Cenicienta cuando conoce e impulsivamente se casa con el hijo de un oligarca. Cuando la noticia llega a Rusia, su cuento de hadas se ve amenazado, ya que los padres parten hacia Nueva York para intentar conseguir la anulación del matrimonio.",16.6045
111,El precio del poder,1983-12-09,8.2,"Un emigrante cubano frío y sanguinario, Tony Montana, llega de Cuba para instalarse en Miami, donde se propone hacerse con un nombre dentro del crimen organizado de Florida. Junto a su amigo, Manny Rivera, inicia una ascendente carrera delictiva.",15.5405
2501,The Bourne Identity: El caso Bourne,2002-06-14,7.479,"Un hombre amnésico es rescatado por la tripulación de un barco pesquero italiano cuando flota a la deriva en el mar. Carece de identidad y de pasado, pero posee unas serie de talentos extraordinarios en artes lingüísticas, marciales y de autodefensa que sugieren una profesión de riesgo. Confuso y desorientado, emprende una frenética búsqueda para descubrir quién es y por qué su vida ha tomado un giro tan peligroso.",13.9071
868668,ఉస్తాద్ భగత్ సింగ్,2026-03-18,6.5,,15.6359
1175942,Los tipos malos 2,2025-07-24,7.656,"Un genial equipo de animales que no respetan la ley, los ahora muy reformados Tipos Malos, se esfuerzan (mucho, muchísimo) en ser buenos, pero se ven envueltos involuntariamente en un golpe de envergadura mundial planeado por un inesperado grupo de criminales: las Tipas Malas.",15.7862
1514125,사이공 선셋,2025-04-30,6.0,,16.4447
447365,Guardianes de la Galaxia: Volumen 3,2023-05-03,7.931,"La querida banda de los Guardianes se instala en Knowhere. Pero sus vidas no tardan en verse alteradas por los ecos del turbulento pasado de Rocket. Peter Quill, aún conmocionado por la pérdida de Gamora, debe reunir a su equipo en una peligrosa misión para salvar la vida de Rocket, una misión que, si no se completa con éxito, podría muy posiblemente conducir al final de los Guardianes tal y como los conocemos.",16.1206
508442,Soul,2020-12-25,8.1,"¿Alguna vez te has preguntado de dónde provienen tu pasión, tus sueños y tus intereses? ¿Qué es lo que te hace ser... tú? Viaja desde las calles de Nueva York a los reinos cósmicos para descubrir las respuestas a las preguntas más importantes de la vida.",16.0222
1339876,La mujer policia 3,2026-01-30,7.422,Es una carrera contra el tiempo y no habrá piedad. Shivani Shivaji Roy regresa para rescatar a las chicas que desaparecen sin dejar rastro.,15.7709
744,Top Gun: Ídolos del aire,1986-05-16,7.067,"La Marina de los Estados Unidos ha creado una escuela de élite para pilotos con el fin de sacar una promoción de expertos en técnicas de combate. En la academia, más conocida como Top Gun, a los mejores se les entrena para ser intrépidos y fríos al mismo tiempo, capaces de no perder los nervios en situaciones extremas y de no inmutarse al romper la barrera del sonido a los mandos de un F-14. A la escuela llega el joven Maverick, famoso por su temeraria aunque brillante forma de pilotar.",15.0612
311,Érase una vez en América,1984-05-23,8.383,"David Aaronson ""Noodles"", un pobre joven judío, conoce en los suburbios de principios del siglo XX de Manhattan, Nueva York, a Maximilian Bercovicz ""Max"", otro joven de origen hebreo dispuesto a llegar lejos por cualquier método. Entablan una gran amistad y forman, con los 3 colegas de ""Noodles"", Patrick Goldberg ""Patsy"", Philip Stein ""Cockeye"", y Dominic una banda que prospera rápidamente. Desgraciadamente, son perseguidos por Bugsy, el tipo para el que Noodles y sus amigos trabajaban anteriormente, y en uno de sus asaltos, mata a Dominic. Rápidamente Noodles se tira encima suyo y le mata, por lo que pasará 12 años en prisión. Cuando Noodles sale de prisión le recibe Max, que sigue con su banda junto a los otros 2 amigos, Patsy y Cockeye. Rápidamente, entre los 4, llegan a convertirse, en tiempos de la prohibición, en unos de los mayores gánsteres de todo el país.",15.4201
1308553,है जवानी तो इश्क होना है,2026-06-04,0.0,,15.5538
539972,Kraven the Hunter,2024-12-11,6.439,"Kraven, un hombre cuya compleja relación con su despiadado padre, Nikolai Kravinoff, le hace emprender un camino de venganza con brutales consecuencias, motivándole a convertirse no sólo en el mejor cazador del mundo, sino también en uno de los más temidos.",15.7818
633604,Yummy,2019-12-13,6.337,"Una joven pareja viaja al Europa del Este para realizar una cirugía plástica. La mujer desea una reducción de pecho, mientras que su madre, que acompaña a ambos jóvenes, anhela un estiramiento facial. En un momento del viaje, mientras el novio está dando un paseo por una zona abandonada del hospital, descubre accidentalmente a una mujer atada y amordazada a una mesa de operaciones, ella es el resultado de un tratamiento experimental de rejuvenecimiento. Él la libera, pero no se da cuenta de que acaba de causar el brote de un virus que transformará a los médicos, pacientes y su suegra en zombis sedientos de sangre.",18.4626
791373,La liga de la justicia de Zack Snyder,2021-03-18,8.09,"Con la determinación de asegurar que el sacrificio definitivo de Superman no fue en vano, Bruce Wayne une fuerzas con Diana Prince para reclutar a un equipo de metahumanos que protejan el mundo de una amenaza inminente de proporciones catastróficas. La tarea es más difícil de lo que Bruce imaginaba, ya que cada uno de los reclutas deberá enfrentarse a sus propios demonios para trascender aquello que los detenía, para unirse y formar de manera definitiva una liga de héroes sin precedentes. Ahora unidos, Batman, Wonder Woman, Aquaman, Cyborg y Flash deberán salvar al planeta de la amenaza de Steppenwolf, DeSaad y Darkseid, antes de que sea demasiado tarde.",15.38
781732,Animal,2023-12-01,6.119,,15.0922
68726,Pacific Rim,2013-07-11,6.928,"Cuando legiones de monstruosas criaturas, denominadas Kaiju, comienzan a salir del mar, se inicia una guerra que acabará con millones de vidas y que consumirá los recursos de la humanidad durante interminables años. Para combatir a los Kaiju gigantes diseñan un tipo especial de arma: enormes robots, llamados Jaegers, que son controlados simultáneamente por dos pilotos cuyas mentes están bloqueadas en un puente neural. Pero incluso los Jaegers proporcionan poca defensa ante los incansables Kaiju. A punto de la derrota, las fuerzas que defienden a la humanidad no tienen otra elección que recurrir a dos insólitos héroes: un ex piloto acabado (Charlie Hunnam) y un aprendiz que todavía no se ha puesto a prueba (Rinko Kikuchi). Ambos se unen para traer a un legendario pero al parecer obsoleto Jaeger del pasado. Juntos, son la última esperanza de la humanidad frente al Apocalipsis que se avecina.",15.3544
346,Los siete samuráis,1954-04-26,8.5,"Una banda de forajidos atemorizan a los habitantes de un pequeño pueblo, saqueándolos periódicamente sin piedad. Para repeler estos ataques, los aldeanos deciden contratar a mercenarios. Finalmente, consiguen los servicios de 7 guerreros, 7 samurais dispuestos a defenderlos a cambio, tan solo, de cobijo y comida.",15.6686
76341,Mad Max: Furia en la carretera,2015-05-13,7.634,"Perseguido por su turbulento pasado, Mad Max cree que la mejor forma de sobrevivir es ir solo por el mundo. Sin embargo, se ve arrastrado a formar parte de un grupo que huye a través del desierto en un War Rig conducido por una Emperatriz de élite: Furiosa. Escapan de una Ciudadela tiranizada por Immortan Joe, a quien han arrebatado algo irreemplazable. Enfurecido, el Señor de la Guerra moviliza a todas sus bandas y persigue implacablemente a los rebeldes en una 'guerra de la carretera' de altas revoluciones.",16.6628
1158166,A Big Gay Hairy Hit! Where the Bears Are: The Documentary,2023-09-23,9.0,,13.7495
7131,Van Helsing,2004-05-03,6.415,"Siglo XIX. En medio de los montes de los Cárpatos está la misteriosa y mítica Transilvania, donde el mal siempre está presente, el peligro aparece cuando el sol se pone... y donde toman forma los monstruos que habitan las pesadillas de los hombres.",15.0952
615453,Ne Zha,2019-07-26,7.908,"Nezha, nacido de una perla celestial con poderes únicos, pronto se encontrará exiliado, odiado y temido por la gente que cree en una profecía que indica que él traerá la destrucción del mundo. Llegará el momento en el que deberá decidir entre el bien y el mal con el propósito de romper los grilletes del destino y convertirse en un héroe. Película inspirada muy libremente en ""Fengshen Yanyi"" (""La Investidura de los Dioses""), una de las grandes novelas chinas escritas en la Dinastía Ming cuya autoría se atribuye a Xu Zhonglin o Lu Xixing.",15.2009
411,"Las crónicas de Narnia: El león, la bruja y el armario",2005-12-07,7.137,"La historia narra las aventuras de cuatro hermanos: Lucy, Edmund, Susan y Peter, que durante la Segunda Guerra Mundial descubren el mundo de Narnia, al que acceden a través de un armario mágico mientras juegan al escondite en la casa de campo de un viejo profesor. En Narnia descubrirán un mundo increíble habitado por animales que hablan, duendes, faunos, centauros y gigantes al que la Bruja Blanca- Jadis- ha condenado al invierno eterno. Con la ayuda del león Aslan, el noble soberano, los niños lucharán para vencer el poder que la Bruja Blanca ejerce sobre Narnia en una espectacular batalla y conseguir así liberarle de la maldición del frío.",15.187
1100988,28 años después,2025-06-18,6.6,"Años transcurridos tras los sucesos de ""28 semanas después"", el virus de la ira ha regresado y un grupo de supervivientes debe sobrevivir en un mundo asolado por hordas de infectados. Realizada con un iPhone 15 Pro Max y con la ayuda de numerosos accesorios especializados.",15.8084
263472,"Toc, toc",2015-06-26,5.387,"Dos chicas jóvenes se presentan sin previo aviso en la casa de un hombre casado, dispuestas a seducirle y complicar su vida perfecta. Remake de ""Death Game (Las sádicas), dirigida por Peter S. Traynor en 1977.",17.306
1119878,Ice Road: Venganza,2025-06-27,6.242,"El camionero del hielo Mike McCann, cumpliendo el último deseo de su hermano, viaja a Nepal para esparcir sus cenizas en el monte Everest. En un autobús turístico que atraviesa el territorio de la tristemente célebre Ruta al Cielo, Mike y su guía se topan con un grupo de mercenarios y deberán luchar para salvar sus vidas.",14.9364
1448560,Wildcat: Misión Rescate,2025-11-19,6.2,"Londres, hoy. Kate Beckinsale es Ada Williams, una exoperativa de fuerzas especiales que dejó la violencia por su hija. Cuando una deuda criminal provoca el secuestro de la niña, Ada solo tiene una noche para salvarla. Con la ciudad sumida en el caos, reúne a su antiguo equipo y se adentra en el inframundo londinense en una carrera contrarreloj donde cada decisión puede ser mortal.",15.2806
18240,La proposición,2009-06-02,7.159,"Margaret es una poderosa y estricta editora de gran éxito de Nueva York que, por un problema con su visado, de repente se enfrenta a ser deportada a Canadá, su país de origen. Para evitarlo y poder mantener su visa en Estados Unidos, la astuta ejecutiva declara que está comprometida con su joven asistente Andrew, al que lleva torturando durante años. Andrew acepta participar en la farsa, pero con algunas condiciones. La ""pareja"" se dirige entonces a Alaska a conocer la peculiar familia de él, y la ejecutiva de ciudad, acostumbrada a tener todo bajo control, se encuentra inmersa en situaciones surrealistas que escapan a cualquier lógica conocida. Con planes de boda en camino y un agente de inmigración tras sus pasos, Margaret y Andrew se comprometen a seguir con el plan previsto pese a las consecuencias.",15.7545
664767,Mortal Kombat Legends: La venganza de Scorpion,2020-04-12,8.097,"Basado en el popular videojuego creado por Ed Boon y John Tovias, Mortal Kombat Legends: Scorpion’s Revenge pone el foco en un torneo único que se celebra una vez por generación y en el que se enfrentan los campeones de distintos reinos. El ganador determinará el destino de la Tierra y de sus habitantes.",14.6582
44896,Rango,2011-03-02,6.899,"El actor Rango es un solitario camaleón que vive en la inmensidad del desierto Mojave. Quiere ser un representante de la ley en un sediento pueblo llamado Dirt, pero enseguida se da cuenta de que hay una gran diferencia entre actuar y vivir la vida real, así que no tiene más remedio que enfrentarse a algunos aspectos de su identidad y aprender el significado y el valor de la amistad. Su misión consistirá en descubrir la conspiración que está detrás de la desaparición del agua en el pueblo. Film de animación del director de ""Piratas del Caribe"", con las voces originales de Johnny Depp (Rango), Abigail Breslin, Isla Fisher y Bill Nighy.",14.9248
106,Depredador,1987-06-12,7.555,"Un comando de mercenarios es contratados por la CIA para rescatar a unos pilotos apresados por las guerrillas en la selva Centroamericana. La misión resulta satisfactoria, pero durante su viaje de regreso se dan cuenta de que algo está dándoles caza uno a uno, ese algo resulta ser un cazador alienígena que se queda con las calaveras de sus víctimas como trofeos",15.6551
135397,Jurassic World,2015-06-06,6.7,"Veintidós años después de lo ocurrido en Jurassic Park, la isla Nublar ha sido transformada en un parque temático, Jurassic Wold, con versiones «domesticadas» de algunos de los dinosaurios más conocidos. Cuando todo parece ir a la perfección y ser el negocio del siglo, un nuevo dinosaurio de especie todavía desconocida y que es mucho más inteligente de lo que se pensaba, comienza a causar estragos entre los visitantes del Parque.",14.5629
1652947,Tuklas,2026-03-20,7.0,,16.8537
128,La princesa Mononoke,1997-07-12,8.322,"Tras sufrir el ataque de un monstruoso jabalí maldito, el joven Ashitaka emprende el camino en busca de la cura que detenga la infección. Mientras, los humanos están acabando con los bosques y los dioses convertidos en temibles bestias hacen todo lo posible por protegerlo encabezados por Mononoke, una princesa guerrera. Ashikata deberá escoger bando y decidir si ayudar a los hombres o las deidades intentando detener la maldición de su herida que se extiende por su cuerpo sin cuartel.",16.0602
1359,American Psycho,2000-04-13,7.404,"En un mundo moralmente plano en el que la ropa tiene más sentido que la piel, Patrick Bateman es un espécimen soberbiamente elaborado que cumple todos los requisitos de Master del Universo, desde el diseño de su vestuario hasta el de sus productos químicos. Es prácticamente perfecto, como casi todos en su mundo e intenta desesperadamente encajar en él. Cuando más intenta ser como cualquier otro hombre adinerado de Wall Street, más anónimo se vuelve y menos control tiene sobre sus terribles instintos y su insaciable sed de sangre, que lo arrastra a una vorágine en la que los objetos valen más que el cuerpo y el alma de una persona.",15.2175
4951,10 razones para odiarte,1999-03-30,7.593,"Las hermanas Stratford son muy distintas. La guapa y popular Bianca nunca ha salido con un chico, y Kat, su hermana mayor, es una bruja con muy mal genio, y algo arisca, que se ha propuesto rechazar a cualquier chico que demuestre el más mínimo interés por ella. Desgraciadamente, el estricto reglamento que rige el hogar de los Stratford prohibe a Blanca tener novio hasta que su insoportable hermana tenga uno; situación que parece más que improbable teniendo en cuenta que Kat lleva una vida social desastrosa. Blanca está desesperada por ir al baile de fin de curso. Pero su pretendiente, Cameron, guarda una sorpresa...",14.8481
645710,Los Voyeurs,2021-08-25,6.522,"Pippa y Thomas, una pareja que se acaba de mudar al apartamento de sus sueños, descubre que las ventanas permiten ver el interior del piso de enfrente y no pueden resistirse a observar a sus vecinos e incluso intentar interferir en sus vidas de forma anónima. Pronto descubrirán que todo tiene consecuencias.",14.7061
519465,Reina de corazones,2019-03-27,6.915,"Annie es una exitosa abogada que vive en una casa de estilo modernista con sus dos hijas y su marido Peter, un reputado físico. La aparición de Gustav, un hijo que pertenece a una relación previa de Peter, pone patas arriba la armonía que reina en la vida de Annie. Lo que en un principio parece ser un movimiento liberador para ella, pronto se convierte en una historia de poder y traición que tendrá consecuencias devastadoras en su vida.",16.2179
419430,Déjame salir,2017-02-24,7.622,"Un joven afroamericano visita a la familia de su novia blanca, un matrimonio adinerado. Para Chris y su novia Rose ha llegado el momento de conocer a los futuros suegros, por lo que ella le invita a pasar un fin de semana en el campo con sus padres, Missy y Dean. Al principio, Chris piensa que el comportamiento 'demasiado' complaciente de los padres se debe a su nerviosismo por la relación interracial de su hija, pero a medida que pasan las horas, una serie de descubrimientos cada vez más inquietantes le llevan a descubrir una verdad inimaginable.",14.4619
1734,El regreso de la momia,2001-05-04,6.406,"Han pasado diez años, Rick O'Connell se ha casado con Evelyn, y ambos son padres del pequeño Alex, de ocho años. Cuando, tras una serie de acontecimientos, la momia del antiguo sacerdote egipcio Im-Ho-Tep es resucitada por una extraña secta en el British Museum, y la maldición milenaria del Rey Escorpión -que seis mil años atrás traicionó al dios Anubis- lo devuelve a la vida, el choque entre ambas fuerzas malignas desencadenará el caos en el mundo... si Rick y Evelyn no consiguen evitarlo.",14.549
1031774,Thriller 40,2023-12-02,8.629,"Este documental rinde homenaje a ""Thriller"" de Michael Jackson, el disco más vendido de todos los tiempos. A través de grabaciones nunca antes vistas y entrevistas exclusivas, se cuenta la historia detrás de este icónico álbum y cómo catapultó a Michael Jackson al estatus de megaestrella. El documental ofrece una visión única del proceso creativo de Jackson, la producción del álbum y el impacto cultural que tuvo ""Thriller"" en la música y en la industria del entretenimiento a nivel mundial. Una celebración de la genialidad de uno de los artistas más influyentes de la historia de la música.",14.8316
1278,Soñadores,2003-10-10,7.2,"París, 1968. Isabelle y su hermano Theo, solos en la ciudad mientras sus padres están de viaje, invitan a su apartamento a Matthew, un joven estudiante americano al que han conocido en un cine. Una vez en casa establecen unas reglas para conocerse mutuamente, explorando emociones y erotismo a través de una serie de juegos extremadamente arriesgados.",16.2501
411088,Contratiempo,2017-01-06,8.078,"Barcelona, España. Adrián Doria, un joven y exitoso empresario acusado de homicidio, se reúne una noche con Virginia Goodman, una abogada experta en interrogatorios, con el propósito de urdir una estrategia de defensa.",14.872
985939,Fall,2022-08-11,7.134,"Para las mejores amigas Becky y Hunter, la vida trata de superar tus miedos y empujar tus límites. Sin embargo, después de subir hasta la cima de una torre de comunicaciones abandonada, se encuentran atrapadas y sin forma de bajar. A 600 metros del suelo y totalmente alejadas de la civilización, las chicas pondrán a prueba sus habilidades de escaladoras expertas y lucharán desesperadamente por sobrevivir aunque lo tengan todo en contra. ¿Lo conseguirán?",14.4219
1671548,给阿嬷的情书,2026-04-30,9.13,,12.6573
18,El quinto elemento,1997-05-02,7.579,"Cada 5.000 años se abre una puerta entre las dimensiones. En una dimensión existe el Universo y la vida. En la otra dimensión existe un elemento que no está hecho ni de tierra, ni de fuego, ni de aire, ni de agua, sino que es una anti-energía, la anti-vida: es el quinto elemento.",13.6466
18,El quinto elemento,1997-05-02,7.579,"Cada 5.000 años se abre una puerta entre las dimensiones. En una dimensión existe el Universo y la vida. En la otra dimensión existe un elemento que no está hecho ni de tierra, ni de fuego, ni de aire, ni de agua, sino que es una anti-energía, la anti-vida: es el quinto elemento.",13.6466
338803,The Treacherous,2015-05-21,6.1,"1504 . El tirano Yeonsan-gun ordena a Im Soong-jae recorrer todo el país buscando bellas jóvenes a las que entrenar para satisfacer su lujuria. Entre ellas se encuentra Dan-hee, que quiere convertirse en concubina para matar al rey y vengar la muerte de su padre. Una suntuosa epopeya histórica, inspirada en uno de los personajes más infames de la historia de Corea.",16.3622
49013,Cars 2,2011-06-11,6.18,"Rayo McQueen y su amigo, la grúa Mate, viajan al extranjero para participar en el primer Campeonato Mundial en el que se decidirá cuál es el coche más rápido del planeta. La primera etapa es Tokio (Japón), donde Mate tendrá que convertirse en un espía secreto al verse envuelto inesperadamente en un caso de espionaje internacional, que lo llevará a París y a Londres. También vivirán una aventura de proporciones épicas al viajar a Porto Corsa (Italia), para disputar el Campeonato. Sin embargo, los dos tendrán que renunciar a los placeres de la Riviera italiana -yates, playas y pasta al pesto- ya que Mate está muy ocupado con su labor de espía, mientras que McQueen compite contra los mejores coches del mundo.",14.857
510657,Wellwood,2025-03-24,5.2,,13.5846
1495694,Beauty from Pain,2025-12-18,7.147,"Tras una devastadora ruptura, una aspirante a música escapa a Australia. Acepta un romance sin compromiso con un millonario vinicultor, pero al enamorarse debe elegir entre alejarse o arriesgar su corazón por un hombre que teme amar.",14.6873
10020,La bella y la bestia,1991-10-22,7.727,"Una hermosa joven llamada Bella acepta alojarse en un castillo con una bestia a cambio de la libertad de su padre. La bestia es, en realidad, un príncipe encantado. Para romper el hechizo, deberá ganarse el amor de una preciosa dama antes de que caiga el último pétalo de una rosa encantada.",15.1357
4248,Scary Movie 2,2001-07-04,5.819,"En esta ocasión los hermanos Wayans empiezan la historia con una satírica parodia de El Exorcista, mostrando a James Woods en el papel de un cura poco convencional, el padre McFelly, ocupado en salvar a una Natasha Lyonne de un espíritu de otro mundo. Entonces, retomando la historia donde la dejaron, los hermanos Wayans se vuelven a reunir de forma cómica con la heroína Cindy Campbell, convertida ahora en una buena estudiante universitaria. Un profesor loco la recluta a ella y a su grupo de compañeros deseosos de vivir aventuras y nuevas experiencias, para una salida de fin de semana bajo el pretexto de realizar un experimento científico. Mientras se desarollan las actividades del fin de semana, las continuas sorpresas mantienen la diversión siempre en marcha.",17.2855
1257009,Primitive War,2025-08-21,6.536,"Vietnam, 1968. El equipo de reconocimiento Vulture Squad se adentra en un valle aislado para investigar un pelotón de Boinas Verdes desaparecido. Su misión toma un giro oscuro cuando descubren una amenaza invisible.",14.6552
68718,Django desencadenado,2012-12-25,8.191,"Dos años antes de estallar la Guerra Civil (1861-1865), Schultz, un cazarrecompensas alemán que le sigue la pista a unos asesinos, le promete al esclavo Django dejarlo en libertad si le ayuda a atraparlos. Terminado con éxito el trabajo, Django prefiere seguir al lado del alemán y ayudarle a capturar a los delincuentes más buscados del Sur. Se convierte así en un experto cazador de recompensas, pero su único objetivo es rescatar a su esposa Broomhilda, a la que perdió por culpa del tráfico de esclavos. La búsqueda llevará a Django y a Schultz hasta Calvin Candie, el malvado propietario de la plantación ""Candyland"". La presencia de ambos en los alrededores de la propiedad, despierta las sospechas de Stephen, el esclavo de confianza de Candie.",15.4995
284054,Black Panther,2018-02-13,7.363,"Después de los acontecimientos de ""Capitán América: Civil War"", T'Challa vuelve a casa, la nación aislada y muy avanzada tecnológicamente de Wakanda, para ser proclamado Rey. Pero la reaparición de un viejo enemigo pone a prueba el temple de T'Challa como Rey y Black Panther ya que se ve arrastrado a un conflicto que pone en peligro todo el destino de Wakanda y del mundo.",14.2584
286687,Love Lesson,2013-12-05,6.8,Drama que sigue a una escritora de música (Kim Seon-yeong) y un hombre joven de diecinueve años llamado Seung-ho (Byung Joon-seok). Los dos se encuentran por casualidad en los ascensores y una relación tórrida se desarrolla mientras que Hee-soo le enseña acerca de la música y el amor.,13.887
365045,Heidi,2015-12-10,7.242,"Heidi es una huérfana de ocho años, criada por su abuelo en las montañas suizas. Junto a su amigo, Pedro el cabrero, cuida de las cabras del abuelo y disfruta de la libertad en la montaña. Pero un día su tía Dete decide llevársela a la ciudad de Frankfurt para ser educada en una familia adinerada. Allí hará amistad con la hija inválida de la familia, Klara.",12.6518
10195,Thor,2011-04-21,6.77,"Thor es un arrogante y codicioso guerrero cuya imprudencia desata una antigua guerra. Por ese motivo, su padre Odín lo castiga desterrándolo a la Tierra para que viva entre los hombres y descubra así el verdadero sentido de la humildad. Cuando el villano más peligroso de su mundo envía a la Tierra a las fuerzas más oscuras de Asgard, Thor se dará cuenta de lo que realmente hace falta para ser un verdadero héroe.",15.1764
6977,No es país para viejos,2007-11-09,7.951,"El veterano de la Guerra de Vietnam ahora cazador Llewellyn Moss descubre por casualidad una sangrienta escena en algún lugar de la frontera entre Texas y México, mientras estaba cazando algunos animales en el árido paisaje. Se trata de un negocio que se cerró mal entre contrabandistas de drogas y algunos hombres locales de la zona, provocando la muerte de varios de ellos. Además de los cuerpos y paquetes de heroína, Llewellyn descubre en una maleta algo más de dos millones de dólares. Cuando Llewellyn toma la maleta con el dinero, provoca una reacción en cadena de catastrófica violencia y una carrera sangrienta de los que quieren darle caza.",15.2903
49521,El hombre de acero,2013-06-12,6.649,"Un niño descubre que posee poderes extraordinarios y que no pertenece a este planeta. En su juventud, viaja para descubrir sus orígenes y las razones por las cuales ha sido enviado a la Tierra. Pero el héroe que lleva dentro tiene que emerger para que pueda salvar al mundo de la aniquilación y convertirse en el símbolo de esperanza para la humanidad.",14.7136
809,Shrek 2,2004-05-19,7.316,"Cuando Shrek y la princesa Fiona regresan de su luna de miel, los padres de ella los invitan a visitar el reino de Muy Muy Lejano para celebrar la boda. Para Shrek, al que nunca abandona su fiel amigo Asno, esto constituye un gran problema. Los padres de Fiona, por su parte, no esperaban que su yerno tuviera un aspecto semejante y, mucho menos, que su hija hubiera cambiado tanto. Todo esto trastoca los planes del rey respecto al futuro del reino. Pero entonces entran en escena la maquiavélica Hada Madrina, su arrogante hijo el Príncipe Encantador y un minino muy especial: el Gato con Botas, experto cazador de ogros.",14.347
976573,Elemental,2023-06-14,7.578,"En una ciudad donde los residentes del fuego, el agua, la tierra y el aire viven juntos, una joven apasionada y un chico que se deja llevar por la corriente descubrirán algo elemental: cuánto tienen en común.",13.5693
786892,Furiosa: De la saga Mad Max,2024-05-22,7.454,"En un mundo postapocalíptico donde todo ha perdido su valor, los pocos supervivientes se guían por la ley del más fuerte. Sin aprecio por la vida, lo único que despierta un brutal interés es la gasolina, sinónimo de poder y objetivo de bandas armadas hasta los dientes y sin escrúpulos. En este contexto conoceremos la  historia de la arrebatadoramente despiadada, salvaje y joven Furiosa, quien cae en manos de una horda de motoristas y debe sobrevivir a muchas pruebas mientras reúne los medios para encontrar el camino de vuelta a casa. Precuela de 'Mad Max: Furia en la carretera' (2015).",15.5227
1368,Acorralado,1982-10-22,7.5,"John Rambo es un veterano de la guerra de Vietnam que sufre de estrés postraumático. Un día, llega a un pequeño pueblo de Oregón, donde el sheriff Will Teasle le detiene por vagabundear. Rambo logra escapar de la comisaría y se refugia en el bosque, donde usa sus habilidades de supervivencia y combate para enfrentarse a los policías que le persiguen. El coronel Samuel Trautman, el antiguo jefe de Rambo, llega al pueblo para intentar negociar con él y evitar una masacre. Rambo tendrá que luchar contra sus propios demonios y contra las fuerzas del orden que le quieren capturar o matar.",14.6355
1380126,Pin/Ya,2024-12-06,5.7,,16.2318
1560230,Ella solo come carne,2026-04-17,3.0,"Sofía y Minerva afrontan sus numerosos problemas de varias maneras... todos a la vez. Demasiados problemas, demasiado tiempo libre, un puñado de malos consejos y una impresionante capacidad para provocar caos hacen de este viaje interior un rato hilarante para cualquiera que pueda verlo. Al fin y al cabo, ver arder el mundo tiene su gracia.",13.3506
28,Apocalypse Now,1979-05-19,8.268,"Durante la guerra de Vietnam, al joven Capitán Willard, un oficial de los servicios de inteligencia del ejército estadounidense, se le ha encomendado entrar en Camboya con la peligrosa misión de eliminar a Kurtz, un coronel renegado que se ha vuelto loco. El capitán deberá ir navegar por el río hasta el corazón de la selva, donde parece ser que Kurtz reina como un buda despótico sobre los miembros de la tribu Montagnard, que le adoran como a un dios.",13.7504
640146,Ant-Man y la Avispa: Quantumanía,2023-02-15,6.226,"La pareja de superhéroes Scott Lang y Hope van Dyne regresa para continuar sus aventuras como Ant-Man y la Avispa. Los dos, junto a los padres de Hope, Hank Pym y Janet van Dyne y la hija de Scott, Cassie Lang, se dedican a explorar el Mundo Cuántico, interactuando con nuevas y extrañas criaturas y embarcándose en una aventura que les llevará más allá de los límites de lo que creían posible.",12.7241
293167,Kong: La isla calavera,2017-03-08,6.554,"En los años 70, un variopinto grupo de exploradores y soldados es reclutado para viajar a una misteriosa isla del Pacífico. Entre ellos están el capitán James Conrad, el teniente coronel Packard y una foto-periodista. Pero al adentrarse en esta bella pero traicionera isla, los exploradores encontrarán algo absolutamente sorprendente. Sin saberlo, estarán invadiendo los dominios del mítico Kong, el gigante gorila rey de esta isla. Será Marlow, un peculiar habitante del lugar, quien les enseñe los secretos de Isla Calavera, además del resto de seres monstruosos que la habitan.",15.2928
448772,Un grande amore,1995-01-01,5.0,,15.8589
508947,Red,2022-03-10,7.335,"Mei Lee, una niña de 13 años un poco rara pero segura de sí misma, se debate entre ser la hija obediente que su madre quiere que sea y el caos propio de la adolescencia. Ming, su protectora y ligeramente exigente madre, no se separa nunca de ella lo que es una situación poco deseable para una adolescente. Y por si los cambios en su vida y en su cuerpo no fueran suficientes, cada vez que se emociona demasiado (lo que le ocurre prácticamente todo el tiempo), se convierte en un panda rojo gigante.",14.7256
335983,Venom,2018-09-28,6.827,"Eddie Brock es un consolidado periodista y astuto reportero que está investigando una empresa llamada Fundación Vida. Esta fundación, dirigida por el eminente científico Carlton Drake, está ejecutando secretamente experimentos ilegales en seres humanos y realizando pruebas que involucran formas de vida extraterrestres y amorfas conocidas como simbiontes. Durante una visita furtiva a la central, el periodista quedará infectado por un simbionte. Comenzará entonces a experimentar cambios en su cuerpo que no entiende, y escuchará una voz interior, la del simbionte Venom, que le dirá lo que tiene que hacer. Cuando Brock adquiera los poderes del simbionte que le usa como huésped, Venom tomará posesión de su cuerpo, convirtiéndole en un despiadado y peligroso súpervillano.",12.6727
546554,Puñales por la espalda,2019-11-27,7.841,"Cuando el renombrado novelista de misterio Harlan Thrombey es encontrado muerto en su mansión justo después de su 85 cumpleaños, el inquisitivo y cortés detective Benoit Blanc es misteriosamente reclutado para investigar. Se moverá entre una red de pistas falsas y mentiras interesadas para tratar de descubrir la verdad tras la prematura muerte del escritor.",13.3717
950,Ice Age 2: El deshielo,2006-03-29,6.719,"¡Tus héroes favoritos han vuelto con otra magnífica aventura en esta gélida secuela del magnífico éxito mundial Ice Age! Y esta vez la cosa se calienta como la temperatura ambiente para Manny, Sid, Diego y Scrat, que abandonan su valle para escapar a una auténtica inundación de problemas y emprenden un divertidísimo viaje por un paisaje en pleno deshielo durante el cual conocen a Ellie.",13.3776
588228,La guerra del mañana,2021-09-03,7.484,"Unos viajeros llegan desde el año 2051 para dar un mensaje: 30 años en el futuro, la humanidad estará perdiendo la guerra contra unos alienígenas. La única esperanza para sobrevivir es que los soldados y civiles vayan al futuro y se sumen a la batalla. Decidido a salvar el mundo por su hija, Dan Forester se une a una científica brillante y a su distante padre para reescribir el destino del planeta.",15.2863
8355,Ice Age 3: El origen de los dinosaurios,2009-06-26,6.767,"Tercera parte de las aventuras de Diego, Scrat y compañía. En esta ocasión, les tocará lidiar con varios dinosaurios. Scrat sigue intentando apoderarse de la muy escurridiza bellota; Manny y Ellie esperan el nacimiento de su mini-mamut; Sid, el perezoso, se mete en un buen lío al formar de repente una familia propia tras encontrarse unos huevos de dinosaurio.",14.9643
493529,Dungeons & Dragons: Honor entre ladrones,2023-03-23,7.3,"Un ladrón encantador y una banda de aventureros increíbles emprenden un atraco épico para recuperar una reliquia perdida, pero las cosas salen rematadamente mal cuando se topan con las personas equivocadas. Adaptación cinematográfica del primer juego de rol de la historia, publicado por primera vez en 1974.",14.3381
63319,Belle épine,2010-11-10,5.4,"Prudence Friedman tiene 17 años. Sola y a la deriva en el apartamento de la familia, conoce a Marilyne, una chica inadaptada de la escuela que le hace descubrir las carreras ilegales y peligrosas de Rungis. Fascinada por Reynald, Franck y los otros chicos de la pandilla de Rungis, Prudence trata ganar su plaza en la banda, intentando hacer pasar su soledad por libertad.",13.7815
49047,Gravity,2013-10-03,7.169,"Durante un paseo espacial rutinario, dos astronautas sufren un grave accidente y quedan flotando en el espacio. Una es la doctora Ryan Stone, una brillante ingeniera en su primera misión espacial en la Shuttle. Su acompañante es el veterano astronauta Matt Kowalsky. Durante el paseo algo sale mal y ocurre el desastre: el shuttle queda destrozado, dejando a Ryan y Matt completamente solos, momento a partir del cual intentarán por todos los medios volver a la Tierra.",9.9469
1505183,Dusun Mayit,2025-12-31,3.0,,13.0874
940551,Migración. Un viaje patas arriba,2023-12-06,7.355,"La familia Mallard se ha quedado 'estancada'. Mientras papá Mack se siente realizado cuidando de su familia en su estanque de Nueva Inglaterra, mamá Pam se muere de ganas de vivir la vida y hacer descubrir a sus hijos –el adolescente Dax y la patita Gwen– el mundo en toda su amplitud. Después de que una familia de patos migratorios llegue a su estanque con maravillosas historias de lugares lejanos, Pam consigue convencer a Mack de que deben viajar a la tropical Jamaica pasando por Nueva York. Los Mallard emprenden el viaje hacia el sur para pasar el invierno, pero nada sale como estaba previsto. La experiencia les ayudará a descubrir horizontes desconocidos, a hacer nuevos amigos, a vivir experiencias que jamás imaginaron, y de paso, a conocerse mejor.",15.0242
330457,Frozen 2,2019-11-20,7.232,"¿Por qué nació Elsa con poderes mágicos? La respuesta le está llamando y amenaza su reino. Junto con Anna, Kristoff, Olaf y Sven emprenderá un viaje peligroso e inolvidable. En 'Frozen: El Reino del Hielo', Elsa temía que sus poderes fueran demasiado para el mundo. En 'Frozen 2', deseará que sean suficientes.",14.2781
43949,Flipped,2010-08-06,8.008,"Corre el año 1957. Juli y Bryce, dos niños de siete años aparentemente muy distintos, son vecinos y compañeros de clase. Juli se enamora de Bryce, pero él no siente lo mismo y durante seis años tratará de evitarla. Cuando, en 1963, siendo ya adolescentes, van a la escuela secundaria, las cosas cambian: Bryce empieza a mirar a Juli con otros ojos.",13.8668
118,Charlie y la fábrica de chocolate,2005-07-13,7.038,"Charlie Bucket (Freddie Highmore), un niño muy bueno de una familia muy pobre, gana un concurso, junto a otros cuatro niños de diferentes partes del mundo, para disfrutar de una visita durante todo un día a la gigantesca fábrica de chocolate dirigida por el excéntrico Willy Wonka (Johnny Depp) y su equipo de Oompa-Loompas. La fábrica se parece a un mundo fantástico y mágico lleno de diferentes sabores, todos muy dulces.",14.2962
1198984,We Bury the Dead,2026-01-01,6.03,"Ava, una mujer desesperada cuyo marido ha desaparecido tras un catastrófico experimento militar, se une a una ""unidad de recuperación de cadáveres"", pero su búsqueda da un giro escalofriante cuando los cadáveres que está enterrando empiezan a dar señales de vida.",12.3602
1227877,I Love Boosters,2026-05-21,4.7,"I Love Boosters (2026) es una alocada comedia negra y sátira anticapitalista escrita y dirigida por Boots Riley. La historia sigue a la ""Velvet Gang"", una pandilla liderada por Corvette (Keke Palmer) que roba ropa de alta moda a una magnate despiadada para revenderla y redistribuirla en su comunidad.",14.053
126889,Alien: Covenant,2017-05-09,6.176,"Rumbo a un remoto planeta al otro lado de la galaxia, la tripulación de la nave colonial Covenant descubre lo que creen que es un paraíso inexplorado, pero resulta tratarse de un mundo oscuro y hostil cuyo único habitante es un ""sintético"" llamado David (Michael Fassbender), superviviente de la malograda expedición Prometheus.  Secuela de ""Prometheus"" (2012), a su vez precuela de ""Alien, el octavo pasajero"" (1979).",13.4469
1087040,Hasta el fondo: La historia de Pornhub,2023-03-15,5.762,"Este documental ofrece un análisis en profundidad de los éxitos y escándalos de Pornhub a través de entrevistas con artistas, activistas y antiguos empleados.",13.1061
696506,Mickey 17,2025-02-28,6.839,"Mickey 17, un miembro de la tripulación 'expendable' (prescindible) enviado a un planeta helado para colonizarlo, se niega a dejar que su clon de reemplazo, Mickey 18, tome su lugar... Adaptación del libro original de Edward Ashton.",14.2306
1248226,Juegos de niños,2025-11-04,6.094,"Brian acaba de ser despedido de su trabajo, y se convierte en un padre que se queda en casa. Acepta una invitación para jugar de otro padre, que resulta ser un bala perdida.",14.3093
466272,Érase una vez en… Hollywood,2019-07-24,7.422,"Los Angeles, 1969. La estrella de televisión Rick Dalton, un actor en horas bajas especializado en westerns, y el doble de acción Cliff Booth, su mejor amigo, tratan de sobrevivir a una industria cinematográfica en constante cambio. Dalton es vecino de la joven y prometedora actriz y modelo Sharon Tate, que acaba de casarse con el prestigioso director polaco Roman Polanski…",14.1742
259693,Expediente Warren: El caso Enfield,2016-06-08,7.3,"Secuela de la exitosa 'Expediente Warren' (2013), que lleva de nuevo a la pantalla otro caso real de los expedientes de los renombrados demonólogos Ed y Lorraine Warren. En este caso ambos viajarán al norte de Londres para ayudar a una madre soltera que tiene a su cargo cuatro hijos y que vive sola con ellos en una casa plagada de espíritus malignos.",14.9148
1625582,The Kerala Story 2,2026-02-27,0.0,,13.9632
493922,Hereditary,2018-06-07,7.294,"Cosas extrañas comienzan a suceder en casa de los Graham tras la muerte de la abuela y matriarca, que deja en herencia su casa a su hija Annie. Annie Graham, una galerista casada y con dos hijos, no tuvo una infancia demasiado feliz junto a su madre, y cree que la muerte de ésta puede hacer que pase página. Pero todo se complica cuando su hija menor comienza a ver figuras fantasmales, que también empiezan a aparecer ante su hermano.",14.4698
420817,Aladdín,2019-05-22,7.085,"Aladdin es un adorable pero desafortunado ladronzuelo enamorado de la hija del Sultán, la princesa Jasmine. Para intentar conquistarla, acepta el desafío de Jafar, que consiste en entrar a una cueva en mitad del desierto para dar con una lámpara mágica que le concederá todos sus deseos. Allí es donde Aladdín conocerá al Genio, dando inicio a una aventura como nunca antes había imaginado.",14.0379
299537,Capitana Marvel,2019-03-06,6.782,"La historia sigue a Carol Danvers mientras se convierte en uno de los héroes más poderosos del universo, cuando la Tierra se encuentra atrapada en medio de una guerra galáctica entre dos razas alienígenas. Situada en los años 90, 'Capitana Marvel' es una historia nueva de un período de tiempo nunca antes visto en la historia del Universo Cinematográfico de Marvel.",12.6902
313369,La ciudad de las estrellas (La La Land),2016-12-01,7.9,"Mia, una joven aspirante a actriz que compagina los castings con su trabajo de camarera, y Sebastian, un pianista de jazz que se gana la vida tocando en sórdidos tugurios, se enamoran. Pero la gran ambición por llegar a la cima en sus carreras artísticas amenaza con separarlos.",13.5415
127585,X-Men: Días del futuro pasado,2014-05-15,7.531,"Ambientada en la década de los 70, los miembros de la famosa Patrulla X tendrán que evitar un futuro apocalíptico en el que los mutantes luchan por sobrevivir en campos de concentración controlados por los temibles Centinelas. Para ello, los héroes del universo Marvel deberán unificar sus fuerzas dejando a un lado la creciente enemistad de los bandos liderados por Charles Xavier y Magneto. Trask Industries, la empresa encargada de crear a estos gigantescos cazamutantes, será el origen de todos sus problemas. Tan sólo viajando en el tiempo podrán impedir la masacre que se avecina. ¿Serán capaces nuestros héroes de derrocar a la multinacional y evitar así el exterminio de su especie?",16.0918
945961,Alien: Romulus,2024-08-13,7.164,"Mientras rebuscan en las profundidades de una estación espacial abandonada, un grupo de jóvenes colonizadores del espacio se encuentra cara a cara con la forma de vida más aterradora del universo. Nueva película de la saga Alien.",14.3692
877817,Wolfs,2024-09-20,6.532,"Dos “solucionadores” rivales cruzan sus caminos cuando los llaman a ambos para ayudar a ocultar el desliz de una importante funcionaria de Nueva York. Durante una noche muy intensa, deberán dejar de lado sus pequeñas rencillas -y sus egos- para terminar el trabajo.",13.5046
1254594,โอมุคาเดะ,2026-01-22,5.5,,12.221
10591,La vecina de al lado,2004-04-09,6.744,"Matthew, un ambicioso joven de un instituto con aspiraciones a ser político en el futuro, se enamora de la chica de sus sueños: la bella y joven vecina de la puerta de al lado. Ambos comienzan un idílico romance, pero un sorprendente descubrimiento pondrá a prueba su relación: ella es un famosa actriz porno.",15.1
484503,黑珍珠,1982-01-01,0.0,,15.7253
47971,xXx: Reactivated,2017-01-13,6.133,"La película gira en torno al regreso de Xander Cage, a quien todos creían muerto. Cage, alias xXx (Triple X), es un rebelde amante de los deportes extremos que adora romper las leyes y que por ello acaba siendo atrapado por las autoridades de EE.UU. Entonces se ve obligado a colaborar como agente encubierto participando en numerosos episodios de riesgo. Tras un fatídico incidente, Xander es dado por muerto. Pero ahora, vuelve a la acción de incógnita acompañado de su agente instructor Augustus Gibbons.",14.6476
18334,Guinea Pig: Devil's experiment,1985-09-04,4.784,Un grupo de hombres secuestra y tortura a una chica como parte de un experimento para comprobar el dolor extremo que puede sufrir el cuerpo humano.,15.0033
14324,Aprendiz de caballero,2007-12-17,4.957,"Italia, durante la época de la peste negra. Un grupo de jóvenes de la ciudad de Florencia se refugia lejos de la plaga. Para pasar el tiempo, se cuentan una serie de historias acerca del amor y la aventura. Lorenzo de Lamberti (Christensen), un joven rufián siempre metido en trifulcas de espadas y devaneos amorosos, se hace pasar por jardinero en un convento para esconderse de Gerbino de la Ratta (Roth), un noble codicioso y despiadado que ha puesto precio a su cabeza. Un beso furtivo con una joven desconocida (Barton) le hará conocer el amor y, desde entonces, su objetivo será encontrar a esa mujer misteriosa de la que no conoce el rostro: sólo los labios... Adaptación libre del clásico de Boccaccio ""El decamerón""",12.9915
920728,우리 지금 할래,2016-04-20,0.0,,13.0324
11770,Shaolin Soccer,2001-07-05,7.167,Un joven seguidor de Shaolin reúne a sus hermanos para formar un equipo de fútbol usando sus habilidades en artes marciales a su favor.,13.1313
242582,Nightcrawler,2014-10-23,7.708,"Tras ser testigo de un accidente, Lou Bloom (Jake Gyllenhaal), un apasionado joven que no consigue encontrar empleo, descubre como forma de ganar dinero el mundo del periodismo criminalista en la peligrosa ciudad de Los Ángeles. Su trabajo es llegar al escenario de crímenes o accidentes y fotografiar lo sucedido para venderlos al mejor postor.",15.5554
1430077,Hokum,2026-04-29,7.006,Un escritor especializado en historias de terror decide viajar a una posada de Irlanda con la intención de esparcir en la zona las cenizas de sus difuntos padres. Lo que no sabe es que la posada es un lugar maldito habitado por una bruja. O eso cuentan los lugareños que viven cerca del lugar...,114.1375
1022787,Elio,2025-06-18,6.9,"Cuenta la historia de Elio, un niño de 11 años, que lucha por encajar hasta que de repente es transportado por extraterrestres y es elegido para ser el embajador galáctico de la Tierra.",12.8582
7485,Shooter: El tirador,2007-03-22,7.123,"Bob Lee Swagger (Mark Whalberg) es un ex-tirador de élite del ejército de los Estados Unidos que abandona las fuerzas armadas después del fracaso de una misión extraoficial. Cuando le piden que se reincorpore, regresa al servicio a regañadientes, pero vuelven a engañarlo. A pesar de llevar dos balas en el cuerpo y de ser el objetivo de una caza a nivel nacional, Swagger planea su venganza...",13.8249
696393,Turno de noche,2026-01-22,6.818,"Cuando un hongo mutante altamente contagioso escapa de una instalación sellada, dos jóvenes empleados, acompañados por un veterano agente de bioterrorismo, deben sobrevivir al turno de noche más alocado de la historia para salvar a la humanidad de la extinción, mientras el microorganismo se propaga y destruye todo a su paso.",22.2965
1318413,Tiempo de victoria,2026-05-25,8.0,"Quedan 72 horas para el Día D y todo está listo salvo un elemento clave: el tiempo. El capitán James Stagg, jefe del servicio meteorológico británico, recibe el encargo de elaborar el pronóstico más trascendental de la historia. Unas condiciones climáticas adversas podrían arruinar la mayor invasión marítima de la historia, mientras que cualquier retraso podría suponer que los servicios de inteligencia alemanes descubran sus intenciones. El general Dwight D. Eisenhower deberá tomar la decisión que determine el destino de la Segunda Guerra Mundial.",13.091
10144,La sirenita,1989-11-17,7.351,"Ariel es una sirena adolescente, hija de Tritón, el rey del mar. Desobedeciendo a su padre, visita la superficie y se enamora del príncipe Eric. Con la esperanza de encontrar a su amado, la sirenita cae inocentemente bajo los encantos de Úrsula, la bruja del mar, que la transforma en un ser humano. Pero la bruja tiene planes terribles para Ariel y su padre.",12.9561
333339,Ready Player One,2018-03-28,7.587,"Cuando el creador de una realidad virtual llamada OASIS muere, lanza un reto póstumo a todos sus usuarios para que busquen un huevo de pascua, que dará al que lo encuentre su fortuna y el control de su mundo.",13.8548
205596,The Imitation Game (Descifrando Enigma),2014-11-14,8.0,"Durante el invierno de 1952, las autoridades británicas entraron en el hogar del matemático, analista y héroe de guerra Alan Turing, con la intención de investigar la denuncia de un robo. Al final acabaron arrestando a Turing acusándole de indecencia grave, un cargo que le supondría una devastadora condena por una ofensa criminal: ser homosexual. Los oficiales no tenían ni idea de que en realidad estaban incriminando al pionero de la informática actual. Liderando a un heterogéneo grupo de académicos, lingüistas, campeones de ajedrez y oficiales de inteligencia, se le conoce por haber descifrado el código de la inquebrantable máquina Enigma de los alemanes durante la Segunda Guerra Mundial.",15.4404
1315303,Primate,2026-01-01,6.505,"Lucy, una estudiante universitaria, pasa las vacaciones con sus amigos en la casa de su familia en Hawái, donde vive con su mascota, un chimpancé llamado Ben. Sin embargo, cuando Ben contrae rabia tras ser mordido por un animal rabioso, el grupo debe luchar por su vida para evitar al ahora violento chimpancé.",13.6716
30471,Spiderbabe,2003-10-14,4.5,Una joven socialmente torpe es mordida por una araña radiactiva y se convierte en una superheroína que lucha contra el crimen e intenta derrotar a un infame supervillano mientras persigue a cualquier hombre (o mujer) con el que quiera acostarse.,8.5615
50619,La saga Crepúsculo: Amanecer - Parte 1,2011-11-16,6.189,"El amor que Edward y Bella sienten el uno por el otro se sella con la celebración de una gran ceremonia organizada por Alice. Durante la luna de miel, los recién casados tienen relaciones sexuales y Bella queda embarazada. El rápido crecimiento del feto, mitad humano mitad vampiro, afecta gravemente a su salud, llevándola al borde de la muerte...",15.5015
62,2001: Una odisea del espacio,1968-04-02,8.049,"Mientras investigan la aparición de misteriosos monolitos en el universo, dos astronautas luchan contra la inteligencia artificial de su nave.",13.1059
383498,Deadpool 2,2018-05-15,7.491,"Wade Wilson, mejor conocido como Deadpool, su nombre de batalla e identidad antiheroica, está de regreso y en esta ocasión su misión será salvar a un chico llamado Russell de las manos de un poderoso rival llamado Cable. En aras de dar cumplimiento a su tarea el antihéroe formará un grupo al cual pondrá el nombre de X-Force. Secuela de la exitosa película Deadpool (2016), parodia de los superhéroes mutantes.",14.1912
38,¡Olvídate de mí!,2004-03-19,8.092,"Una mujer usa los servicios de una empresa para borrar de su memoria todo recuerdo de su ex pareja. Ofendido, el hombre intenta hacer lo mismo que ella, pero el proceso no sucede según lo esperado y el protagonista debe atravesar la gigantesca marea de recuerdos de su propio cerebro para recomponer las cosas.",14.2323
447273,Blancanieves,2025-03-19,4.317,"Tras la desaparición del benévolo Rey, la Reina Malvada dominó la otrora bella tierra con una vena cruel. La princesa Blancanieves huye del castillo cuando la Reina, celosa de su belleza interior, intenta matarla. En lo profundo del oscuro bosque, se topa con siete enanos mágicos y un joven bandido llamado Jonathan. Juntos, luchan por sobrevivir a la implacable persecución de la Reina y aspiran a recuperar el reino en el proceso.",14.0541
507086,Jurassic World: Dominion,2022-06-01,6.599,"Cuatro años después de la destrucción de Isla Nublar, los dinosaurios conviven – y cazan – con los seres humanos en todo el mundo. Este frágil equilibrio cambiará el futuro y decidirá, de una vez por todas, si los seres humanos seguirán en la cúspide de los depredadores en un planeta que comparten con los animales más temibles de la creación.",13.0698
