film_id,title,release_year,poster_downloaded,tmdb_id,poster_path,filename,source_dataset
1,ACADEMY DINOSAUR,2006,True,10567.0,/ilwycGvqymMw16Z9AOPWh5ihteZ.jpg,0001_ACADEMY_DINOSAUR.jpg,dvd_rental
2,ACE GOLDFINGER,2006,True,658.0,/tA0AqFwuFvQCzLdBzEnIlK4RayX.jpg,0002_ACE_GOLDFINGER.jpg,dvd_rental
3,ADAPTATION HOLES,2006,True,8326.0,/Ou4nPomqTN9VythZ8MzhXzk5OW.jpg,0003_ADAPTATION_HOLES.jpg,dvd_rental
4,AFFAIR PREJUDICE,2006,True,4348.0,/oixzLjpyaLagLa8UREts1NiHr6F.jpg,0004_AFFAIR_PREJUDICE.jpg,dvd_rental
5,AFRICAN EGG,2006,True,573164.0,/72azVZArwRGSdTlQnLOSdLsyZJ7.jpg,0005_AFRICAN_EGG.jpg,dvd_rental
6,AGENT TRUMAN,2006,True,37165.0,/4BGVZSwv5n0hMIAWwiSjMFDQ63K.jpg,0006_AGENT_TRUMAN.jpg,dvd_rental
7,AIRPLANE SIERRA,2006,True,126900.0,/akxybiTgk4qH5Ccp8l5PxxAQdaq.jpg,0007_AIRPLANE_SIERRA.jpg,dvd_rental
8,AIRPORT POLLOCK,2006,True,12509.0,/azsBSw2zw2uNHiCjTnbe9TJVEDB.jpg,0008_AIRPORT_POLLOCK.jpg,dvd_rental
9,ALABAMA DEVIL,2006,True,350.0,/gvBvYFS9LVeukBYcdBX2HJZN4DL.jpg,0009_ALABAMA_DEVIL.jpg,dvd_rental
10,ALADDIN CALENDAR,2006,True,8696.0,/piRu03jGYMfbjaRHPkcDTy04MXy.jpg,0010_ALADDIN_CALENDAR.jpg,dvd_rental
11,ALAMO VIDEOTAPE,2006,True,1412.0,/8Qd8Q231kvgytjdLO1BV5ZG9bd9.jpg,0011_ALAMO_VIDEOTAPE.jpg,dvd_rental
12,ALASKA PHANTOM,2006,True,9826.0,/fW7CBJlZ6Vu79wqn6wCJvhSIx4J.jpg,0012_ALASKA_PHANTOM.jpg,dvd_rental
213,DATE SPEED,2006,False,,,,dvd_rental
13,ALI FOREVER,2006,True,755679.0,/xaRzhQZ3zK5lN6vEetG8PD17KPF.jpg,0013_ALI_FOREVER.jpg,dvd_rental
14,ALICE FANTASIA,2006,True,756.0,/qCaPIUrbKsUKKFPykmKxc6bPbo0.jpg,0014_ALICE_FANTASIA.jpg,dvd_rental
15,ALIEN CENTER,2006,True,68004.0,/oxeiEVNJDLwSGByC70gQULpXiKk.jpg,0015_ALIEN_CENTER.jpg,dvd_rental
16,ALLEY EVOLUTION,2006,True,9397.0,/9Rl38kO7rbfJB9Dtg7cZ6v536LR.jpg,0016_ALLEY_EVOLUTION.jpg,dvd_rental
17,ALONE TRIP,2006,True,1549519.0,/oVyD6sX6Vr5Ej8X1DLrs12zG40Y.jpg,0017_ALONE_TRIP.jpg,dvd_rental
18,ALTER VICTORY,2006,True,45926.0,/nWognOmUoqljccLmVoAvLe1XUo4.jpg,0018_ALTER_VICTORY.jpg,dvd_rental
19,AMADEUS HOLY,2006,True,1528660.0,/z1lwn6GWAjJ7CSn80ZcURb0Cj4G.jpg,0019_AMADEUS_HOLY.jpg,dvd_rental
20,AMELIE HELLFIGHTERS,2006,True,32726.0,/vxfMqStji9leTC8grt9JmxOt1rz.jpg,0020_AMELIE_HELLFIGHTERS.jpg,dvd_rental
21,AMERICAN CIRCUS,2006,True,788747.0,/hrfhYXYBAPtlrAOJXdLXoDem3Jf.jpg,0021_AMERICAN_CIRCUS.jpg,dvd_rental
22,AMISTAD MIDSUMMER,2006,False,,,,dvd_rental
23,ANACONDA CONFESSIONS,2006,True,32077.0,/djdAyfPi2E2CQTYGpKELsl5Fww0.jpg,0023_ANACONDA_CONFESSIONS.jpg,dvd_rental
24,ANALYZE HOOSIERS,2006,True,5693.0,/eExG5qNAMdrbUD8tByWB25cr8wl.jpg,0024_ANALYZE_HOOSIERS.jpg,dvd_rental
25,ANGELS LIFE,2006,True,324536.0,/4dVNOVgxgac6SjRytBv0lUwVVJu.jpg,0025_ANGELS_LIFE.jpg,dvd_rental
26,ANNIE IDENTITY,2006,True,2501.0,/yYH7sqMQ1NJNd6scW44D1WjBmAw.jpg,0026_ANNIE_IDENTITY.jpg,dvd_rental
27,ANONYMOUS HUMAN,2006,True,359364.0,/wLTAsQeJh8jfBAjMDyJc7MNIziI.jpg,0027_ANONYMOUS_HUMAN.jpg,dvd_rental
28,ANTHEM LUKE,2006,True,903.0,/pFMISXcKgTS27ZYgM5tIGIpzPJo.jpg,0028_ANTHEM_LUKE.jpg,dvd_rental
29,ANTITRUST TOMATOES,2006,True,1633.0,/zVWUSjYmmg4PQudX6NGPj0gbnV5.jpg,0029_ANTITRUST_TOMATOES.jpg,dvd_rental
30,ANYTHING SAVANNAH,2006,True,207871.0,/6MAuG6SU0yTIvCweElDNBXcofwQ.jpg,0030_ANYTHING_SAVANNAH.jpg,dvd_rental
31,APACHE DIVINE,2006,True,374195.0,/g3HJOAjkAIoCcKRE3glxlWpHS2J.jpg,0031_APACHE_DIVINE.jpg,dvd_rental
32,APOCALYPSE FLAMINGOS,2006,True,692.0,/10N8SvTQwUqyWgocPam1P18Jgr.jpg,0032_APOCALYPSE_FLAMINGOS.jpg,dvd_rental
33,APOLLO TEEN,2006,True,877703.0,/pPyTcJSlDZAAyxfEqEMVpLBJW7g.jpg,0033_APOLLO_TEEN.jpg,dvd_rental
34,ARABIA DOGMA,2006,True,1832.0,/lwmlpqGlgz51gAwBlbbSH5cPeA.jpg,0034_ARABIA_DOGMA.jpg,dvd_rental
35,ARACHNOPHOBIA ROLLERCOASTER,2006,True,10670.0,/pf81AN7puPhVwQcNSnP6w6vNpGf.jpg,0035_ARACHNOPHOBIA_ROLLERCOASTER.jpg,dvd_rental
36,ARGONAUTS TOWN,2006,True,23168.0,/4VLzLzGr78AOnAUPv6iCcMNoFDB.jpg,0036_ARGONAUTS_TOWN.jpg,dvd_rental
37,ARIZONA BANG,2006,True,50727.0,/QsXaA6s0TTM8TP28Jx4QXgaY1I.jpg,0037_ARIZONA_BANG.jpg,dvd_rental
38,ARK RIDGEMONT,2006,True,13342.0,/AfQAYVcjiGd6XKzMyGHGwCfbhPM.jpg,0038_ARK_RIDGEMONT.jpg,dvd_rental
39,ARMAGEDDON LOST,2006,True,153.0,/ybXq8xTs6VMx3hM4RDYMXaDZwcz.jpg,0039_ARMAGEDDON_LOST.jpg,dvd_rental
40,ARMY FLINTSTONES,2006,True,888.0,/z3NM5Lk7iIUI03ImIbH7Ihn8J7w.jpg,0040_ARMY_FLINTSTONES.jpg,dvd_rental
41,ARSENIC INDEPENDENCE,2006,True,602.0,/puyuUUDcFDPggdWVvIWd7AWwOYm.jpg,0041_ARSENIC_INDEPENDENCE.jpg,dvd_rental
42,ARTIST COLDBLOODED,2006,True,32502.0,/zfU3QJVqnY3wW1La9ptrOYGFdbP.jpg,0042_ARTIST_COLDBLOODED.jpg,dvd_rental
43,ATLANTIS CAUSE,2006,True,9061.0,/y6ABtrQIf3cxCAGbquP9JJfWtT9.jpg,0043_ATLANTIS_CAUSE.jpg,dvd_rental
44,ATTACKS HATE,2006,True,4951.0,/ugSquUOt4U0a6xsgWUiOZcr5plz.jpg,0044_ATTACKS_HATE.jpg,dvd_rental
45,ATTRACTION NEWTON,2006,True,42807.0,/v3VuDClmFZNjfI6YLTkeinae9HK.jpg,0045_ATTRACTION_NEWTON.jpg,dvd_rental
46,AUTUMN CROW,2006,True,9495.0,/ywQsxaKU3BTT0UMq134qsU9n4IT.jpg,0046_AUTUMN_CROW.jpg,dvd_rental
47,BABY HALL,2006,True,229347.0,/wNMmw0LVtYH8eKr0ma8qkW68Dve.jpg,0047_BABY_HALL.jpg,dvd_rental
48,BACKLASH UNDEFEATED,2006,True,63844.0,/reEyA5PXezT8SlW5pK9uX0caa0R.jpg,0048_BACKLASH_UNDEFEATED.jpg,dvd_rental
49,BADMAN DAWN,2006,True,1232546.0,/exgfubqSbF4veI4uXFOdbV66gEf.jpg,0049_BADMAN_DAWN.jpg,dvd_rental
50,BAKED CLEOPATRA,2006,True,8095.0,/7JMiLtYv8rRjoAmbFqdu9EvyC6f.jpg,0050_BAKED_CLEOPATRA.jpg,dvd_rental
51,BALLOON HOMEWARD,2006,True,674942.0,/rtiZGBa1iAhKvz3rdTkLnhKEmRc.jpg,0051_BALLOON_HOMEWARD.jpg,dvd_rental
52,BALLROOM MOCKINGBIRD,2006,True,289712.0,/h7tzWmIOqMlXqakPV21DPCGSFKr.jpg,0052_BALLROOM_MOCKINGBIRD.jpg,dvd_rental
53,BANG KWAI,2006,True,826.0,/z5uKyonXIGiVub5RtJKaPgGevlI.jpg,0053_BANG_KWAI.jpg,dvd_rental
54,BANGER PINOCCHIO,2006,True,10895.0,/sAluF7lNc4Mv3qxx1mmOgsfbr0C.jpg,0054_BANGER_PINOCCHIO.jpg,dvd_rental
55,BARBARELLA STREETCAR,2006,True,1257198.0,/rJch0CW1XdrkJpwo35UhwkmDrjx.jpg,0055_BARBARELLA_STREETCAR.jpg,dvd_rental
56,BAREFOOT MANCHURIAN,2006,True,982.0,/kfH2NHYOUovD2Gz6cdbhunsahAW.jpg,0056_BAREFOOT_MANCHURIAN.jpg,dvd_rental
57,BASIC EASY,2006,True,624.0,/aj7TJr1A2QzlAjx5fBxM4NLSObE.jpg,0057_BASIC_EASY.jpg,dvd_rental
58,BEACH HEARTBREAKERS,2006,True,1356342.0,/n4rUVZmaHCsKHG3y7vw4986xoIx.jpg,0058_BEACH_HEARTBREAKERS.jpg,dvd_rental
59,BEAR GRACELAND,2006,True,735902.0,/AaqcaRpB7tUzzIl3mR9oBmQyWZD.jpg,0059_BEAR_GRACELAND.jpg,dvd_rental
60,BEAST HUNCHBACK,2006,True,10545.0,/pvnmJckCNgzEbuE5sHXX3tDRQox.jpg,0060_BEAST_HUNCHBACK.jpg,dvd_rental
61,BEAUTY GREASE,2006,True,621.0,/flSy0dexE82TiS6Si2FtulSHk8o.jpg,0061_BEAUTY_GREASE.jpg,dvd_rental
62,BED HIGHBALL,2006,True,44389.0,/s3yHsPNisOi0SulJG0cU4mId9sn.jpg,0062_BED_HIGHBALL.jpg,dvd_rental
63,BEDAZZLED MARRIED,2006,False,,,,dvd_rental
64,BEETHOVEN EXORCIST,2006,True,9552.0,/hwJvgHQ4tf9eRQec1ouAgg33dPV.jpg,0064_BEETHOVEN_EXORCIST.jpg,dvd_rental
65,BEHAVIOR RUNAWAY,2006,True,4806.0,/zIjExGnoEl7dzsDcGBVWiWSMWrN.jpg,0065_BEHAVIOR_RUNAWAY.jpg,dvd_rental
66,BENEATH RUSH,2006,True,96721.0,/AqnOb3S6C9yttv9b2ZmrdZALmxR.jpg,0066_BENEATH_RUSH.jpg,dvd_rental
67,BERETS AGENT,2006,True,249070.0,/jyJN2aij0laukipJXdJhMH8hEP6.jpg,0067_BERETS_AGENT.jpg,dvd_rental
68,BETRAYED REAR,2006,True,567.0,/fH1MipE8PXGg0rlI5cUdzxKnyA2.jpg,0068_BETRAYED_REAR.jpg,dvd_rental
69,BEVERLY OUTLAW,2006,True,454227.0,/wbuKZsSvoqaOhCeghh5MGcPhzDc.jpg,0069_BEVERLY_OUTLAW.jpg,dvd_rental
70,BIKINI BORROWERS,2006,True,9449.0,/dLGvEitCygGHdTul5F9afkdZDT.jpg,0070_BIKINI_BORROWERS.jpg,dvd_rental
71,BILKO ANONYMOUS,2006,True,61891.0,/zou75ED0SkTWFo6qNxsnER118u0.jpg,0071_BILKO_ANONYMOUS.jpg,dvd_rental
72,BILL OTHERS,2006,True,461012.0,/mDI3T5q5tAbSKxoDPr3Xj8thmDP.jpg,0072_BILL_OTHERS.jpg,dvd_rental
73,BINGO TALENTED,2006,True,1213.0,/idVOOIQGbf22TF58amdYvHBL9Ua.jpg,0073_BINGO_TALENTED.jpg,dvd_rental
74,BIRCH ANTITRUST,2006,True,9989.0,/zqGqZsOfY40ZnyzPPQq1jEVSTNf.jpg,0074_BIRCH_ANTITRUST.jpg,dvd_rental
75,BIRD INDEPENDENCE,2006,True,602.0,/puyuUUDcFDPggdWVvIWd7AWwOYm.jpg,0075_BIRD_INDEPENDENCE.jpg,dvd_rental
76,BIRDCAGE CASPER,2006,True,8839.0,/2ah8fNJFZVU3vcXhU5xfAYi2eym.jpg,0076_BIRDCAGE_CASPER.jpg,dvd_rental
77,BIRDS PERDITION,2006,True,4147.0,/vnYLI3BFyaHX6XHSbE6mlcK4vbR.jpg,0077_BIRDS_PERDITION.jpg,dvd_rental
78,BLACKOUT PRIVATE,2006,True,857.0,/dcKfD8xWf8XnS3tHVp7v331wdNT.jpg,0078_BLACKOUT_PRIVATE.jpg,dvd_rental
79,BLADE POLISH,2006,True,268761.0,/13IHTujjlNUY2TOhxDe6qMJgUZJ.jpg,0079_BLADE_POLISH.jpg,dvd_rental
80,BLANKET BEVERLY,2006,True,90.0,/q8RtQuLStydGdJmHR4p8jNVssbv.jpg,0080_BLANKET_BEVERLY.jpg,dvd_rental
81,BLINDNESS GUN,2006,True,744.0,/W8QUPhiBOCdj2urJDzc2D9xdQb.jpg,0081_BLINDNESS_GUN.jpg,dvd_rental
82,BLOOD ARGONAUTS,2006,True,11533.0,/pralyD3hQjBatVBF8xVxNmyz5hv.jpg,0082_BLOOD_ARGONAUTS.jpg,dvd_rental
83,BLUES INSTINCT,2006,True,402.0,/7iUhPh6B5C4T1osYDzoUchjb3i4.jpg,0083_BLUES_INSTINCT.jpg,dvd_rental
84,BOILED DARES,2006,True,19322.0,/rOWzSEoodFqHYEC99uxo4MMAxvk.jpg,0084_BOILED_DARES.jpg,dvd_rental
85,BONNIE HOLOCAUST,2006,True,8689.0,/r7JBDaxsU0Uw1liRjDpv3e4xpXF.jpg,0085_BONNIE_HOLOCAUST.jpg,dvd_rental
86,BOOGIE AMELIE,2006,True,194.0,/mYvUib00miJWxWkiXhy3QnrCj96.jpg,0086_BOOGIE_AMELIE.jpg,dvd_rental
87,BOONDOCK BALLROOM,2006,True,10409.0,/f6vs4DQGuNpLuA5Z7k69uuKpbVG.jpg,0087_BOONDOCK_BALLROOM.jpg,dvd_rental
88,BORN SPINAL,2006,True,11031.0,/b3lllDltoBws5uKZzBYVSjpjjJx.jpg,0088_BORN_SPINAL.jpg,dvd_rental
89,BORROWERS BEDAZZLED,2006,True,1636.0,/5GJnnmOOCzbdxf2UN9bATM9ZFIg.jpg,0089_BORROWERS_BEDAZZLED.jpg,dvd_rental
90,BOULEVARD MOB,2006,True,592128.0,/1BL0X6TKtKuYjd6CsZLzZvAYRlb.jpg,0090_BOULEVARD_MOB.jpg,dvd_rental
91,BOUND CHEAPER,2006,True,11007.0,/pXww1FYiPe9gfVZuXj5ybJI3Zxw.jpg,0091_BOUND_CHEAPER.jpg,dvd_rental
92,BOWFINGER GABLES,2006,True,17663.0,/bofIDdh1mQ2sdOmbrxYLOweAeVt.jpg,0092_BOWFINGER_GABLES.jpg,dvd_rental
93,BRANNIGAN SUNRISE,2006,True,76.0,/uw9vx5M0qwkU1QnBNG4CXCgwYB3.jpg,0093_BRANNIGAN_SUNRISE.jpg,dvd_rental
94,BRAVEHEART HUMAN,2006,True,359364.0,/wLTAsQeJh8jfBAjMDyJc7MNIziI.jpg,0094_BRAVEHEART_HUMAN.jpg,dvd_rental
95,BREAKFAST GOLDFINGER,2006,True,658.0,/tA0AqFwuFvQCzLdBzEnIlK4RayX.jpg,0095_BREAKFAST_GOLDFINGER.jpg,dvd_rental
96,BREAKING HOME,2006,True,496305.0,/6MubN2pN55wWG3w18R3UhPgfRMS.jpg,0096_BREAKING_HOME.jpg,dvd_rental
97,BRIDE INTRIGUE,2006,True,219838.0,/7ndvCPEJVa4ojJGZn8AJR4S2ZnA.jpg,0097_BRIDE_INTRIGUE.jpg,dvd_rental
98,BRIGHT ENCOUNTERS,2006,True,394045.0,/sNWLXhNudfEP8p5x62KFa4M1mmS.jpg,0098_BRIGHT_ENCOUNTERS.jpg,dvd_rental
99,BRINGING HYSTERICAL,2006,True,73626.0,/t5hiDJGvjLwTYBkh0434nv9BN47.jpg,0099_BRINGING_HYSTERICAL.jpg,dvd_rental
100,BROOKLYN DESERT,2006,True,1276038.0,/vd194U3uHmxs5rZBV2QU7HNDdEf.jpg,0100_BROOKLYN_DESERT.jpg,dvd_rental
101,BROTHERHOOD BLANKET,2006,True,555059.0,/bq4Kvnx7w5AxbZaIX4yctS2KwF0.jpg,0101_BROTHERHOOD_BLANKET.jpg,dvd_rental
102,BUBBLE GROSSE,2006,True,64567.0,/aTe0UsF2dFW1TzpPI2R10ViW8m2.jpg,0102_BUBBLE_GROSSE.jpg,dvd_rental
103,BUCKET BROTHERHOOD,2006,True,402334.0,/5oMMBxqqThvmOoUDx1rYOPFHons.jpg,0103_BUCKET_BROTHERHOOD.jpg,dvd_rental
104,BUGSY SONG,2006,False,,,,dvd_rental
105,BULL SHAWSHANK,2006,True,278.0,/uRRTV7p6l2ivtODWJVVAMRrwTn2.jpg,0105_BULL_SHAWSHANK.jpg,dvd_rental
106,BULWORTH COMMANDMENTS,2006,True,6844.0,/kUfNxdftpiADE92Ch2Z0IRZjwwm.jpg,0106_BULWORTH_COMMANDMENTS.jpg,dvd_rental
107,BUNCH MINDS,2006,True,153104.0,/A6A15cDR8mpdOxW4y7UzFanzbM0.jpg,0107_BUNCH_MINDS.jpg,dvd_rental
108,BUTCH PANTHER,2006,True,284054.0,/lAPzezdc5E6DFnttJwCWXZ9A9C6.jpg,0108_BUTCH_PANTHER.jpg,dvd_rental
109,BUTTERFLY CHOCOLAT,2006,True,392.0,/yxaZCSXfUlkBY8WVYoeWeE8nvej.jpg,0109_BUTTERFLY_CHOCOLAT.jpg,dvd_rental
110,CABIN FLASH,2006,True,298618.0,/gNbZNuZ2fBferjJspfmvnskODGc.jpg,0110_CABIN_FLASH.jpg,dvd_rental
111,CADDYSHACK JEDI,2006,True,181808.0,/7SNzh1fY3YJ8Y8MX93pZF5cJHaH.jpg,0111_CADDYSHACK_JEDI.jpg,dvd_rental
112,CALENDAR GUNFIGHT,2006,True,1465038.0,/s6342u8QmiGYzOXLOArb6ogVNDF.jpg,0112_CALENDAR_GUNFIGHT.jpg,dvd_rental
113,CALIFORNIA BIRDS,2006,True,19592.0,/90xCh0Z2KdO6uWkwrvOTPlxYnv9.jpg,0113_CALIFORNIA_BIRDS.jpg,dvd_rental
114,CAMELOT VACATION,2006,True,296099.0,/IgyiSl7RGALVxB64E3kKL5qbn3.jpg,0114_CAMELOT_VACATION.jpg,dvd_rental
115,CAMPUS REMEMBER,2006,True,302528.0,/x496Ip0weJYfsEX23eNyzG4MjXV.jpg,0115_CAMPUS_REMEMBER.jpg,dvd_rental
116,CANDIDATE PERDITION,2006,True,4147.0,/vnYLI3BFyaHX6XHSbE6mlcK4vbR.jpg,0116_CANDIDATE_PERDITION.jpg,dvd_rental
117,CANDLES GRAPES,2006,True,1518264.0,/ov2qbZqKlmjPldIf5flcbxQfi1E.jpg,0117_CANDLES_GRAPES.jpg,dvd_rental
118,CANYON STOCK,2006,True,100.0,/prewFR5HkUNpU1tNGUBPMal20rI.jpg,0118_CANYON_STOCK.jpg,dvd_rental
119,CAPER MOTIONS,2006,True,883725.0,/qbrwSRHaNdmo2c6FvWmAumk25lX.jpg,0119_CAPER_MOTIONS.jpg,dvd_rental
120,CARIBBEAN LIBERTY,2006,True,27141.0,/zvnQdx41scMCNz0Mp2Mx8fvYCGk.jpg,0120_CARIBBEAN_LIBERTY.jpg,dvd_rental
121,CAROL TEXAS,2006,True,1330496.0,/wLJJ40AMEZmypeFut6AffqwMK8E.jpg,0121_CAROL_TEXAS.jpg,dvd_rental
122,CARRIE BUNCH,2006,True,576.0,/8RLSKxIbW10kFKJirxVYDwwmDAl.jpg,0122_CARRIE_BUNCH.jpg,dvd_rental
123,CASABLANCA SUPER,2006,True,1226863.0,/79EVB4qhyfrdlMgT8GIRAikdzsQ.jpg,0123_CASABLANCA_SUPER.jpg,dvd_rental
124,CASPER DRAGONFLY,2006,True,10052.0,/4GBLqv64Y5AnijB2taekuYEJ5X.jpg,0124_CASPER_DRAGONFLY.jpg,dvd_rental
125,CASSIDY WYOMING,2006,True,184123.0,/nV5PpZ5FJtfTlFDXWAHOnxNlNHI.jpg,0125_CASSIDY_WYOMING.jpg,dvd_rental
126,CASUALTIES ENCINO,2006,True,10406.0,/jj4sbdn2PiwVuUwnL6lMxXZx5yo.jpg,0126_CASUALTIES_ENCINO.jpg,dvd_rental
127,CAT CONEHEADS,2006,True,9612.0,/5zsVoSPQGFyxGiSD4Tmsqul54A.jpg,0127_CAT_CONEHEADS.jpg,dvd_rental
128,CATCH AMISTAD,2006,True,11831.0,/hyhSIOm0A99BLKf215CyxzAk3ZD.jpg,0128_CATCH_AMISTAD.jpg,dvd_rental
129,CAUSE DATE,2006,True,41733.0,/dAGRc6NevtcsSFIkBjVn1GYRBdy.jpg,0129_CAUSE_DATE.jpg,dvd_rental
130,CELEBRITY HORN,2006,True,340412.0,/59jjq24vxQQ4zHTNCTUmspneYYD.jpg,0130_CELEBRITY_HORN.jpg,dvd_rental
131,CENTER DINOSAUR,2006,True,1448661.0,/oH5gow8039C9R0nvV6OUOOA11HX.jpg,0131_CENTER_DINOSAUR.jpg,dvd_rental
132,CHAINSAW UPTOWN,2006,True,14926.0,/nTsy9QHBUZmbSc82nLPMtD8G3I4.jpg,0132_CHAINSAW_UPTOWN.jpg,dvd_rental
133,CHAMBER ITALIAN,2006,True,1418161.0,/hCemQBwzOAQdFzxB2JkRVjwGyTR.jpg,0133_CHAMBER_ITALIAN.jpg,dvd_rental
134,CHAMPION FLATLINERS,2006,True,1551.0,/mKhbJt9hUBpT8MOyynMoip4zkiC.jpg,0134_CHAMPION_FLATLINERS.jpg,dvd_rental
135,CHANCE RESURRECTION,2006,True,278924.0,/dW5hpLuobfl6k9Tvajxv0b1e9u.jpg,0135_CHANCE_RESURRECTION.jpg,dvd_rental
136,CHAPLIN LICENSE,2006,True,2959.0,/AfDnIQ7BfgVfCIaAtHNaDggvR56.jpg,0136_CHAPLIN_LICENSE.jpg,dvd_rental
137,CHARADE DUFFEL,2006,False,,,,dvd_rental
138,CHARIOTS CONSPIRACY,2006,True,8834.0,/1ZhtPw3YlrG1MN8300G8s1edwZv.jpg,0138_CHARIOTS_CONSPIRACY.jpg,dvd_rental
139,CHASING FIGHT,2006,True,197055.0,/mjrCx6u1O4ZYZoXjkBTk2xzmb88.jpg,0139_CHASING_FIGHT.jpg,dvd_rental
140,CHEAPER CLYDE,2006,True,475.0,/jtDgrTlHkGlO3ZRWQfzErafv8ei.jpg,0140_CHEAPER_CLYDE.jpg,dvd_rental
141,CHICAGO NORTH,2006,False,,,,dvd_rental
142,CHICKEN HELLFIGHTERS,2006,True,32726.0,/vxfMqStji9leTC8grt9JmxOt1rz.jpg,0142_CHICKEN_HELLFIGHTERS.jpg,dvd_rental
143,CHILL LUCK,2006,True,585511.0,/bwlHp4KsAyuEIAtbYs4mxCkrgyx.jpg,0143_CHILL_LUCK.jpg,dvd_rental
144,CHINATOWN GLADIATOR,2006,True,98.0,/90QFOG5zSN4cbrIVs4DL4ePAuA5.jpg,0144_CHINATOWN_GLADIATOR.jpg,dvd_rental
145,CHISUM BEHAVIOR,2006,True,255572.0,/niiJ8MDntOPocphgESMv1SbswgP.jpg,0145_CHISUM_BEHAVIOR.jpg,dvd_rental
146,CHITTY LOCK,2006,True,9972.0,/xAXLra2j06GGO00m8d0d7GVcEr.jpg,0146_CHITTY_LOCK.jpg,dvd_rental
147,CHOCOLAT HARRY,2006,True,671.0,/3MKK7vAJLtSkBTABMTjxf6TOCo3.jpg,0147_CHOCOLAT_HARRY.jpg,dvd_rental
148,CHOCOLATE DUCK,2006,True,76716.0,/bblkH2l6PG12x7lz7jMCMguDKSj.jpg,0148_CHOCOLATE_DUCK.jpg,dvd_rental
149,CHRISTMAS MOONSHINE,2006,True,51470.0,/tFXK3Atu5BIVB5kb1VSPkotXGoN.jpg,0149_CHRISTMAS_MOONSHINE.jpg,dvd_rental
150,CIDER DESIRE,2006,True,86331.0,/yBTElYnRkwySYzMunE6urPT9LvT.jpg,0150_CIDER_DESIRE.jpg,dvd_rental
151,CINCINATTI WHISPERER,2006,True,547.0,/1YKoikePFH63vdV9blLcyoZzfAd.jpg,0151_CINCINATTI_WHISPERER.jpg,dvd_rental
152,CIRCUS YOUTH,2006,True,887125.0,/eZDVObebuBLvk6Kz8d5hnYkFzXE.jpg,0152_CIRCUS_YOUTH.jpg,dvd_rental
153,CITIZEN SHREK,2006,True,808.0,/jTQONM7jt1yv2lL972TtmWO0UIZ.jpg,0153_CITIZEN_SHREK.jpg,dvd_rental
154,CLASH FREDDY,2006,True,6466.0,/yrLcECj5TI7AADVO33d7EG1Kk7t.jpg,0154_CLASH_FREDDY.jpg,dvd_rental
155,CLEOPATRA DEVIL,2006,True,350.0,/gvBvYFS9LVeukBYcdBX2HJZN4DL.jpg,0155_CLEOPATRA_DEVIL.jpg,dvd_rental
156,CLERKS ANGELS,2006,True,795.0,/AmYUv7zxUubkXoITM3uoFiY1BMB.jpg,0156_CLERKS_ANGELS.jpg,dvd_rental
157,CLOCKWORK PARADISE,2006,False,,,,dvd_rental
158,CLONES PINOCCHIO,2006,True,10895.0,/sAluF7lNc4Mv3qxx1mmOgsfbr0C.jpg,0158_CLONES_PINOCCHIO.jpg,dvd_rental
159,CLOSER BANG,2006,True,50727.0,/QsXaA6s0TTM8TP28Jx4QXgaY1I.jpg,0159_CLOSER_BANG.jpg,dvd_rental
160,CLUB GRAFFITI,2006,True,838.0,/9rvox1lGhLtUj0djMtr44CuxYE1.jpg,0160_CLUB_GRAFFITI.jpg,dvd_rental
161,CLUE GRAIL,2006,True,762.0,/sbxnHlkHSeffxwzPhnfwd42ojqQ.jpg,0161_CLUE_GRAIL.jpg,dvd_rental
162,CLUELESS BUCKET,2006,True,7350.0,/bBgc1F5o6PMOxTPrOoZ3oIkP2KT.jpg,0162_CLUELESS_BUCKET.jpg,dvd_rental
163,CLYDE THEORY,2006,True,8834.0,/1ZhtPw3YlrG1MN8300G8s1edwZv.jpg,0163_CLYDE_THEORY.jpg,dvd_rental
164,COAST RAINBOW,2006,True,299789.0,/xXPPm7nt4Lf12IBoGjVzFLQ28lI.jpg,0164_COAST_RAINBOW.jpg,dvd_rental
165,COLDBLOODED DARLING,2006,True,1029281.0,/7UYnbgQLe2RUMCVKMboMhbXSffk.jpg,0165_COLDBLOODED_DARLING.jpg,dvd_rental
166,COLOR PHILADELPHIA,2006,True,9800.0,/jATwMlaz93jKzT8K5SlW3sRUpDb.jpg,0166_COLOR_PHILADELPHIA.jpg,dvd_rental
167,COMA HEAD,2006,True,249798.0,/xnZeyStSwoafuCYOM5MVxFH4OiN.jpg,0167_COMA_HEAD.jpg,dvd_rental
168,COMANCHEROS ENEMY,2006,True,181886.0,/n0szSxuF7xWsQv8Y7e3PyDVYvad.jpg,0168_COMANCHEROS_ENEMY.jpg,dvd_rental
169,COMFORTS RUSH,2006,True,96721.0,/AqnOb3S6C9yttv9b2ZmrdZALmxR.jpg,0169_COMFORTS_RUSH.jpg,dvd_rental
170,COMMAND DARLING,2006,True,1029281.0,/7UYnbgQLe2RUMCVKMboMhbXSffk.jpg,0170_COMMAND_DARLING.jpg,dvd_rental
171,COMMANDMENTS EXPRESS,2006,True,727190.0,/25XlcHC3LkBHCVmdabYUqpCVKul.jpg,0171_COMMANDMENTS_EXPRESS.jpg,dvd_rental
172,CONEHEADS SMOOCHY,2006,True,9275.0,/d0AKKjou9K7rUlCEHWtiXljMfvM.jpg,0172_CONEHEADS_SMOOCHY.jpg,dvd_rental
173,CONFESSIONS MAGUIRE,2006,True,9390.0,/wyEECX6JopQfJPbfVi4sRVLKGpy.jpg,0173_CONFESSIONS_MAGUIRE.jpg,dvd_rental
174,CONFIDENTIAL INTERVIEW,2006,True,228967.0,/kHM4MI4pLIhpxLXnbP874yGJbUq.jpg,0174_CONFIDENTIAL_INTERVIEW.jpg,dvd_rental
175,CONFUSED CANDLES,2006,True,15144.0,/vT5KySjMhb9yTApyQFSyuMvQB9Y.jpg,0175_CONFUSED_CANDLES.jpg,dvd_rental
176,CONGENIALITY QUEST,2006,True,9103.0,/a4hFYes3Jnf4G1CXtBh8lRB3eAf.jpg,0176_CONGENIALITY_QUEST.jpg,dvd_rental
177,CONNECTICUT TRAMP,2006,True,10340.0,/vHbizQYlkL8MwtOdsdWaPuR5N5w.jpg,0177_CONNECTICUT_TRAMP.jpg,dvd_rental
178,CONNECTION MICROCOSMOS,2006,True,9305.0,/7Ksdt70xD3TnGmRdm7f9A3vFzDb.jpg,0178_CONNECTION_MICROCOSMOS.jpg,dvd_rental
179,CONQUERER NUTS,2006,True,24070.0,/1q3puTH4FcoSBafsnPGGChBg2sO.jpg,0179_CONQUERER_NUTS.jpg,dvd_rental
180,CONSPIRACY SPIRIT,2006,True,1039274.0,/e8jvqpVbVeVlSOV216sOIZmykGA.jpg,0180_CONSPIRACY_SPIRIT.jpg,dvd_rental
181,CONTACT ANONYMOUS,2006,True,61891.0,/zou75ED0SkTWFo6qNxsnER118u0.jpg,0181_CONTACT_ANONYMOUS.jpg,dvd_rental
182,CONTROL ANTHEM,2006,True,337574.0,/fUJivvFabH12smUcrOboAebPM2j.jpg,0182_CONTROL_ANTHEM.jpg,dvd_rental
183,CONVERSATION DOWNHILL,2006,True,560391.0,/qLAlAh64JgIdTDbrMbpQ4icPMaW.jpg,0183_CONVERSATION_DOWNHILL.jpg,dvd_rental
184,CORE SUIT,2006,True,685274.0,/rZ0JtG3VUWYGuE7j5JlmCQlcssl.jpg,0184_CORE_SUIT.jpg,dvd_rental
185,COWBOY DOOM,2006,True,8814.0,/5fITzPnmagU97nF455DOBSa5Bgg.jpg,0185_COWBOY_DOOM.jpg,dvd_rental
186,CRAFT OUTFIELD,2006,True,24795.0,/xaePFxrxeBI1rHS1TnZf5N4s5c.jpg,0186_CRAFT_OUTFIELD.jpg,dvd_rental
187,CRANES RESERVOIR,2006,True,500.0,/hxmJqXFFnXLlvPIdCW2k3UGLCgZ.jpg,0187_CRANES_RESERVOIR.jpg,dvd_rental
188,CRAZY HOME,2006,True,1082308.0,/qFqqOnRC5wzlhpfBVzt41FdaPDH.jpg,0188_CRAZY_HOME.jpg,dvd_rental
189,CREATURES SHAKESPEARE,2006,True,1934.0,/uLfSzGBT218PQXLWH8L0Q4IclxG.jpg,0189_CREATURES_SHAKESPEARE.jpg,dvd_rental
190,CREEPERS KANE,2006,True,15.0,/w7V0bv38Z0q0DgHmMfcGM4WRNTv.jpg,0190_CREEPERS_KANE.jpg,dvd_rental
191,CROOKED FROGMEN,2006,True,44890.0,/54SOXigLmDJowc5g7WlqEoaAXXK.jpg,0191_CROOKED_FROGMEN.jpg,dvd_rental
192,CROSSING DIVORCE,2006,True,9499.0,/rXU3IzCFhPpUpwf0e3e3xwckbtG.jpg,0192_CROSSING_DIVORCE.jpg,dvd_rental
193,CROSSROADS CASUALTIES,2006,True,197626.0,/mxKEt6NUWoeJsiNzzX5TKa8W3oX.jpg,0193_CROSSROADS_CASUALTIES.jpg,dvd_rental
194,CROW GREASE,2006,True,621.0,/flSy0dexE82TiS6Si2FtulSHk8o.jpg,0194_CROW_GREASE.jpg,dvd_rental
195,CROWDS TELEMARK,2006,True,16850.0,/mHixINovbmru0RwuMziJz77LeKU.jpg,0195_CROWDS_TELEMARK.jpg,dvd_rental
196,CRUELTY UNFORGIVEN,2006,True,33.0,/bhcVwMko4DbSELZapIQv4mmdPKY.jpg,0196_CRUELTY_UNFORGIVEN.jpg,dvd_rental
197,CRUSADE HONEY,2006,True,10028.0,/oCF09bcvClQpYTzilAXTaLSuYjW.jpg,0197_CRUSADE_HONEY.jpg,dvd_rental
198,CRYSTAL BREAKING,2006,True,12543.0,/wudCZzd6GmyZH6jXAQGKHCO1i0t.jpg,0198_CRYSTAL_BREAKING.jpg,dvd_rental
199,CUPBOARD SINNERS,2006,True,1233413.0,/zdClwqpYQXBSCGGDMdtvsuggwec.jpg,0199_CUPBOARD_SINNERS.jpg,dvd_rental
200,CURTAIN VIDEOTAPE,2006,True,1412.0,/8Qd8Q231kvgytjdLO1BV5ZG9bd9.jpg,0200_CURTAIN_VIDEOTAPE.jpg,dvd_rental
201,CYCLONE FAMILY,2006,True,1029575.0,/7mEX07jWRYrjarW84sBeFghGMfa.jpg,0201_CYCLONE_FAMILY.jpg,dvd_rental
202,DADDY PITTSBURGH,2006,True,62186.0,/kAlFDQ0bHObnVAyNQobb9i9rFZU.jpg,0202_DADDY_PITTSBURGH.jpg,dvd_rental
203,DAISY MENAGERIE,2006,True,1080069.0,/yo1BQjNDbiIoShngPgoaVdDXcwM.jpg,0203_DAISY_MENAGERIE.jpg,dvd_rental
204,DALMATIONS SWEDEN,2006,True,916401.0,/fCJHCEjaLZYb4UZbokRn2hp3y0Z.jpg,0204_DALMATIONS_SWEDEN.jpg,dvd_rental
205,DANCES NONE,2006,True,1086995.0,/yQhP4nV6SULz2OfmcZLLVtyKxdg.jpg,0205_DANCES_NONE.jpg,dvd_rental
206,DANCING FEVER,2006,True,667725.0,/r5iyTolLU3PNQhElXb9e2rf1qPV.jpg,0206_DANCING_FEVER.jpg,dvd_rental
207,DANGEROUS UPTOWN,2006,True,14926.0,/nTsy9QHBUZmbSc82nLPMtD8G3I4.jpg,0207_DANGEROUS_UPTOWN.jpg,dvd_rental
208,DARES PLUTO,2006,True,67163.0,/42eckwGVzpRon6WE2F6g7uEUVDm.jpg,0208_DARES_PLUTO.jpg,dvd_rental
209,DARKNESS WAR,2006,True,1501276.0,/b7BNvZIoqAOFCa7qjsAIqeEX5Mi.jpg,0209_DARKNESS_WAR.jpg,dvd_rental
210,DARKO DORADO,2006,True,6644.0,/gCA1Zb1Kw1Zo6wSodCIlZPVfwpo.jpg,0210_DARKO_DORADO.jpg,dvd_rental
211,DARLING BREAKING,2006,True,12543.0,/wudCZzd6GmyZH6jXAQGKHCO1i0t.jpg,0211_DARLING_BREAKING.jpg,dvd_rental
212,DARN FORRESTER,2006,True,711.0,/e3pixypDGkiiIav9Nv4TKHLiqKE.jpg,0212_DARN_FORRESTER.jpg,dvd_rental
214,DAUGHTER MADIGAN,2006,True,4931.0,/oB0HyLZt31gTSrTKdldtaevOw3I.jpg,0214_DAUGHTER_MADIGAN.jpg,dvd_rental
215,DAWN POND,2006,True,11816.0,/tS5Y4IAieLY3dTRJOHGaNNYwiXv.jpg,0215_DAWN_POND.jpg,dvd_rental
216,DAY UNFAITHFUL,2006,True,2251.0,/9UeN5JUCvJU3SuA4a9CrCVzgTr2.jpg,0216_DAY_UNFAITHFUL.jpg,dvd_rental
217,DAZED PUNK,2006,True,130733.0,/1HAR6oZpB62OXJ2VI8P5bzKekke.jpg,0217_DAZED_PUNK.jpg,dvd_rental
218,DECEIVER BETRAYED,2006,True,31618.0,/et7Is4beDsNypbvraNTgn2ItT6e.jpg,0218_DECEIVER_BETRAYED.jpg,dvd_rental
219,DEEP CRUSADE,2006,True,89.0,/5h45gK147AAJpLLC7Cicr597urz.jpg,0219_DEEP_CRUSADE.jpg,dvd_rental
220,DEER VIRGINIAN,2006,True,121230.0,/lQzmmWW2N9I2xYtxNmSTzZzQrkT.jpg,0220_DEER_VIRGINIAN.jpg,dvd_rental
221,DELIVERANCE MULHOLLAND,2006,True,1018.0,/kLpwkbimTwTbsYixCO3eAdNCQJ8.jpg,0221_DELIVERANCE_MULHOLLAND.jpg,dvd_rental
222,DESERT POSEIDON,2006,True,503.0,/4OlwVoSxeeP9TuZ5OdKWnIPLvsO.jpg,0222_DESERT_POSEIDON.jpg,dvd_rental
223,DESIRE ALIEN,2006,True,348.0,/pZ9cAe5FxexJjpCaeiETbXzz3Fs.jpg,0223_DESIRE_ALIEN.jpg,dvd_rental
224,DESPERATE TRAINSPOTTING,2006,True,627.0,/qN6MomkBcDx0QilCagcwhPBgXU3.jpg,0224_DESPERATE_TRAINSPOTTING.jpg,dvd_rental
225,DESTINATION JERK,2006,True,6471.0,/mIjOWtUofyt9Jawge7FbvITjU3D.jpg,0225_DESTINATION_JERK.jpg,dvd_rental
226,DESTINY SATURDAY,2006,True,1120911.0,/86EtkVtsVgHUCxX6xDzXNNxJIeh.jpg,0226_DESTINY_SATURDAY.jpg,dvd_rental
227,DETAILS PACKER,2006,True,449357.0,/gBRcJMAAwBdb2S4dJrhP0sKO8hz.jpg,0227_DETAILS_PACKER.jpg,dvd_rental
228,DETECTIVE VISION,2006,True,57100.0,/6nynn9NPvxpKH8KYvfAuXrYnDP8.jpg,0228_DETECTIVE_VISION.jpg,dvd_rental
229,DEVIL DESIRE,2006,True,319807.0,/gPg0Gfz4prHcA4xCXbBt7Qu1A4M.jpg,0229_DEVIL_DESIRE.jpg,dvd_rental
230,DIARY PANIC,2006,True,124783.0,/kOXD2QHCSAuvywy0w0wL9MltY6z.jpg,0230_DIARY_PANIC.jpg,dvd_rental
231,DINOSAUR SECRETARY,2006,True,11013.0,/zCL29rCrHlTbiNjzY1f9tiAHJtF.jpg,0231_DINOSAUR_SECRETARY.jpg,dvd_rental
232,DIRTY ACE,2006,True,1415700.0,/jdoad8rRfAJ4oYIFkBFF0rZjrVN.jpg,0232_DIRTY_ACE.jpg,dvd_rental
233,DISCIPLE MOTHER,2006,True,1102883.0,/qMgUI6pxkPtIuoXX4DcJ6X7bdt2.jpg,0233_DISCIPLE_MOTHER.jpg,dvd_rental
234,DISTURBING SCARFACE,2006,True,111.0,/iDABT5GD9OQmFiXM3wR0DJIxtkY.jpg,0234_DISTURBING_SCARFACE.jpg,dvd_rental
235,DIVIDE MONSTER,2006,True,9297.0,/AiwWH826I8a1dYTRMDFZEXsw9E3.jpg,0235_DIVIDE_MONSTER.jpg,dvd_rental
236,DIVINE RESURRECTION,2006,True,278924.0,/dW5hpLuobfl6k9Tvajxv0b1e9u.jpg,0236_DIVINE_RESURRECTION.jpg,dvd_rental
237,DIVORCE SHINING,2006,True,694.0,/mm003Mj2e9kJRsrxiVdPn2BSBPh.jpg,0237_DIVORCE_SHINING.jpg,dvd_rental
238,DOCTOR GRAIL,2006,True,762.0,/sbxnHlkHSeffxwzPhnfwd42ojqQ.jpg,0238_DOCTOR_GRAIL.jpg,dvd_rental
239,DOGMA FAMILY,2006,True,1029575.0,/7mEX07jWRYrjarW84sBeFghGMfa.jpg,0239_DOGMA_FAMILY.jpg,dvd_rental
240,DOLLS RAGE,2006,True,101307.0,/jpw9TSzdsBBU6DGSh4sy5RtXEn.jpg,0240_DOLLS_RAGE.jpg,dvd_rental
241,DONNIE ALLEY,2006,True,597208.0,/3eceDLSJQ4GbSdnBj08QkmKoqni.jpg,0241_DONNIE_ALLEY.jpg,dvd_rental
242,DOOM DANCING,2006,True,88.0,/Bqk2YfJRetrcKXnkavJZcqKpUC.jpg,0242_DOOM_DANCING.jpg,dvd_rental
243,DOORS PRESIDENT,2006,True,1366071.0,/wi8KIbrcBEs4e2pH9PeF5Lz4NxL.jpg,0243_DOORS_PRESIDENT.jpg,dvd_rental
244,DORADO NOTTING,2006,True,509.0,/n0QNJ6zc0DJn3adJsm4rZojq25v.jpg,0244_DORADO_NOTTING.jpg,dvd_rental
245,DOUBLE WRATH,2006,True,637649.0,/emM894kjspdQsHyTAF7sjRNlbTr.jpg,0245_DOUBLE_WRATH.jpg,dvd_rental
246,DOUBTFIRE LABYRINTH,2006,True,13597.0,/AhRH7qhyRWGOfr88UKLfSUEm7A0.jpg,0246_DOUBTFIRE_LABYRINTH.jpg,dvd_rental
247,DOWNHILL ENOUGH,2006,True,1541208.0,/ubroVnsBarTrLaI4F0MhKe53GhG.jpg,0247_DOWNHILL_ENOUGH.jpg,dvd_rental
248,DOZEN LION,2006,True,8587.0,/b0MxU37dNmMwKtoPVYPKOZSIrIn.jpg,0248_DOZEN_LION.jpg,dvd_rental
249,DRACULA CRYSTAL,2006,True,11639.0,/vNv1gozXLXkfWRQ4ppUJxYiQ8zb.jpg,0249_DRACULA_CRYSTAL.jpg,dvd_rental
250,DRAGON SQUAD,2006,True,742046.0,/1IovHggBSWtStTNEdqnPNTqi76R.jpg,0250_DRAGON_SQUAD.jpg,dvd_rental
251,DRAGONFLY STRANGERS,2006,True,1010755.0,/iKIg4RH3zUITuQ8RXKZhWH7rm4B.jpg,0251_DRAGONFLY_STRANGERS.jpg,dvd_rental
252,DREAM PICKUP,2006,True,1106289.0,/lbpyI9nwzSVDjS7OnE0uC41UciP.jpg,0252_DREAM_PICKUP.jpg,dvd_rental
253,DRIFTER COMMANDMENTS,2006,True,6844.0,/kUfNxdftpiADE92Ch2Z0IRZjwwm.jpg,0253_DRIFTER_COMMANDMENTS.jpg,dvd_rental
254,DRIVER ANNIE,2006,True,196867.0,/aKAM9V0izx4VhsdyAdBvAB26UCZ.jpg,0254_DRIVER_ANNIE.jpg,dvd_rental
255,DRIVING POLISH,2006,True,268761.0,/13IHTujjlNUY2TOhxDe6qMJgUZJ.jpg,0255_DRIVING_POLISH.jpg,dvd_rental
256,DROP WATERFRONT,2006,True,654.0,/rf342b70NdNhZIIQWFKa8sSDyf6.jpg,0256_DROP_WATERFRONT.jpg,dvd_rental
257,DRUMLINE CYCLONE,2006,True,81573.0,/bhKVOYETvLrJhJrdhQw8dtyPTtN.jpg,0257_DRUMLINE_CYCLONE.jpg,dvd_rental
258,DRUMS DYNAMITE,2006,True,8193.0,/6Iv6Uwa2SBLN0dSGM00rdrwN4MJ.jpg,0258_DRUMS_DYNAMITE.jpg,dvd_rental
259,DUCK RACER,2006,True,590965.0,/aQmUjzHOyN0jaSaA9GOSksiVRGo.jpg,0259_DUCK_RACER.jpg,dvd_rental
260,DUDE BLINDNESS,2006,True,8338.0,/pIcC108VX2JUxIS3VMxFi6Sfplw.jpg,0260_DUDE_BLINDNESS.jpg,dvd_rental
261,DUFFEL APOCALYPSE,2006,True,28.0,/zJXRrkJTlcb5x87v4VWN1zZX0Xk.jpg,0261_DUFFEL_APOCALYPSE.jpg,dvd_rental
262,DUMBO LUST,2006,True,27098.0,/5eRhBP5L6EglHrxwUFLXg8EaEoC.jpg,0262_DUMBO_LUST.jpg,dvd_rental
263,DURHAM PANKY,2006,True,25001.0,/3SRPwBFCecBVeMqfSxy46jsBL44.jpg,0263_DURHAM_PANKY.jpg,dvd_rental
264,DWARFS ALTER,2006,True,454801.0,/iwpQe0qckQ1NMejuEntUxWKqNAS.jpg,0264_DWARFS_ALTER.jpg,dvd_rental
265,DYING MAKER,2006,True,30628.0,/rfXZ6es7y0gILcARI2rJ4foUIwB.jpg,0265_DYING_MAKER.jpg,dvd_rental
266,DYNAMITE TARZAN,2006,True,37135.0,/1Gk8iihu4Q4BGh2n1IwNLB3zM8E.jpg,0266_DYNAMITE_TARZAN.jpg,dvd_rental
267,EAGLES PANKY,2006,True,25001.0,/3SRPwBFCecBVeMqfSxy46jsBL44.jpg,0267_EAGLES_PANKY.jpg,dvd_rental
268,EARLY HOME,2006,True,429715.0,/plV3AFqy7krTK4wgH1ccc9PYcrl.jpg,0268_EARLY_HOME.jpg,dvd_rental
269,EARRING INSTINCT,2006,True,402.0,/7iUhPh6B5C4T1osYDzoUchjb3i4.jpg,0269_EARRING_INSTINCT.jpg,dvd_rental
270,EARTH VISION,2006,False,,,,dvd_rental
271,EASY GLADIATOR,2006,True,98.0,/90QFOG5zSN4cbrIVs4DL4ePAuA5.jpg,0271_EASY_GLADIATOR.jpg,dvd_rental
272,EDGE KISSING,2006,True,454983.0,/eVRw197B6UOR27oPeHQSQQShTsL.jpg,0272_EDGE_KISSING.jpg,dvd_rental
273,EFFECT GLADIATOR,2006,True,98.0,/90QFOG5zSN4cbrIVs4DL4ePAuA5.jpg,0273_EFFECT_GLADIATOR.jpg,dvd_rental
274,EGG IGBY,2006,True,9685.0,/dkoTjUccxDJIoMDOJiFvEmYc69t.jpg,0274_EGG_IGBY.jpg,dvd_rental
275,EGYPT TENENBAUMS,2006,True,9428.0,/zLJ76qtAQXbYTceBYwTAPu0e12P.jpg,0275_EGYPT_TENENBAUMS.jpg,dvd_rental
276,ELEMENT FREDDY,2006,True,6466.0,/yrLcECj5TI7AADVO33d7EG1Kk7t.jpg,0276_ELEMENT_FREDDY.jpg,dvd_rental
277,ELEPHANT TROJAN,2006,True,14330.0,/xGd5170AktbuJRpwZWslAxIZVfm.jpg,0277_ELEPHANT_TROJAN.jpg,dvd_rental
278,ELF MURDER,2006,True,1310568.0,/vW5pt7wPbY2mtsGd26IqV39zRJa.jpg,0278_ELF_MURDER.jpg,dvd_rental
279,ELIZABETH SHANE,2006,True,3110.0,/goDI3aR3Yncm0dWs1OLyhZpmfoX.jpg,0279_ELIZABETH_SHANE.jpg,dvd_rental
280,EMPIRE MALKOVICH,2006,True,492.0,/1seCNXVXigPVZV6q9v4WhuIWBdP.jpg,0280_EMPIRE_MALKOVICH.jpg,dvd_rental
281,ENCINO ELF,2006,True,10719.0,/iJrvkckDP7MKfimogB6lNUfQRx.jpg,0281_ENCINO_ELF.jpg,dvd_rental
282,ENCOUNTERS CURTAIN,2006,True,5780.0,/mcmwso7eKnQCXlMtcpShHBwU1FO.jpg,0282_ENCOUNTERS_CURTAIN.jpg,dvd_rental
283,ENDING CROWDS,2006,True,846125.0,/4RUKPiP6Cor8364oj16kzCOTTxX.jpg,0283_ENDING_CROWDS.jpg,dvd_rental
284,ENEMY ODDS,2006,True,600892.0,/qEmj0ljM9SXQoDpADgV1JCnSYrv.jpg,0284_ENEMY_ODDS.jpg,dvd_rental
285,ENGLISH BULWORTH,2006,True,9452.0,/pCBwzIKb6QGzuQKvzUPGdUQhSWJ.jpg,0285_ENGLISH_BULWORTH.jpg,dvd_rental
286,ENOUGH RAGING,2006,True,1578.0,/kU7TurhweNSREpv1tIVJO66AhMp.jpg,0286_ENOUGH_RAGING.jpg,dvd_rental
287,ENTRAPMENT SATISFACTION,2006,True,1287550.0,/2C2LGGZc8M7RB5mZyZ4VLbsQz2C.jpg,0287_ENTRAPMENT_SATISFACTION.jpg,dvd_rental
288,ESCAPE METROPOLIS,2006,True,19.0,/fCWd45ybxghuvaeSMcBsLFKY6PG.jpg,0288_ESCAPE_METROPOLIS.jpg,dvd_rental
289,EVE RESURRECTION,2006,True,278924.0,/dW5hpLuobfl6k9Tvajxv0b1e9u.jpg,0289_EVE_RESURRECTION.jpg,dvd_rental
290,EVERYONE CRAFT,2006,True,9100.0,/zrevj9eXFr1ocxRVq4UEDXh48tK.jpg,0290_EVERYONE_CRAFT.jpg,dvd_rental
291,EVOLUTION ALTER,2006,True,454801.0,/iwpQe0qckQ1NMejuEntUxWKqNAS.jpg,0291_EVOLUTION_ALTER.jpg,dvd_rental
292,EXCITEMENT EVE,2006,True,705.0,/or4l6YmNSQlkN5QRaAFsqxd0wWX.jpg,0292_EXCITEMENT_EVE.jpg,dvd_rental
293,EXORCIST STING,2006,True,1087388.0,/udHL7wQ1EQtiL5FqGMq9IWIyy9z.jpg,0293_EXORCIST_STING.jpg,dvd_rental
294,EXPECATIONS NATURAL,2006,True,11393.0,/2VYvCnKVaHm70y5zIqzSrqkWLBe.jpg,0294_EXPECATIONS_NATURAL.jpg,dvd_rental
295,EXPENDABLE STALLION,2006,True,9023.0,/gNRQdU3KEsYTIl4y9Xte3onUSsx.jpg,0295_EXPENDABLE_STALLION.jpg,dvd_rental
296,EXPRESS LONELY,2006,True,959429.0,/pN9Vw5A3Eu868XqidnKcTdUW1Kq.jpg,0296_EXPRESS_LONELY.jpg,dvd_rental
297,EXTRAORDINARY CONQUERER,2006,True,1207162.0,/615WsMjiK76xBzW6zQNaPjgvnpP.jpg,0297_EXTRAORDINARY_CONQUERER.jpg,dvd_rental
298,EYES DRIVING,2006,False,,,,dvd_rental
299,FACTORY DRAGON,2006,True,1226100.0,/jik5uBfsejPU6RfrL5i5GLQVSa6.jpg,0299_FACTORY_DRAGON.jpg,dvd_rental
300,FALCON VOLUME,2006,True,1029119.0,/aJ41Lkz6zQ9kg6tyebXVNe9gnN5.jpg,0300_FALCON_VOLUME.jpg,dvd_rental
301,FAMILY SWEET,2006,True,1022945.0,/p5jO7Y8Yh7q2gGxlld8YJxbl9TE.jpg,0301_FAMILY_SWEET.jpg,dvd_rental
302,FANTASIA PARK,2006,True,329.0,/h831eszSFmEyr94WKcgscqPIRbh.jpg,0302_FANTASIA_PARK.jpg,dvd_rental
303,FANTASY TROOPERS,2006,True,563.0,/rK7LafXBhHKjALYOT3jRUTlFdpk.jpg,0303_FANTASY_TROOPERS.jpg,dvd_rental
304,FARGO GANDHI,2006,True,783.0,/bLhaCPIaRhaBfkw0YYP4oyV6qZb.jpg,0304_FARGO_GANDHI.jpg,dvd_rental
305,FATAL HAUNTED,2006,True,15856.0,/1kyOzlZBqbxWP1uA3y9kpEPuh13.jpg,0305_FATAL_HAUNTED.jpg,dvd_rental
306,FEATHERS METAL,2006,True,600.0,/6CX7BcyD8Xd5AQ7myNs0UE4mu6c.jpg,0306_FEATHERS_METAL.jpg,dvd_rental
307,FELLOWSHIP AUTUMN,2006,True,237614.0,/sZPCUqjULdmkjoJ2vqhf9ykktlL.jpg,0307_FELLOWSHIP_AUTUMN.jpg,dvd_rental
308,FERRIS MOTHER,2006,True,1102883.0,/qMgUI6pxkPtIuoXX4DcJ6X7bdt2.jpg,0308_FERRIS_MOTHER.jpg,dvd_rental
309,FEUD FROGMEN,2006,True,44890.0,/54SOXigLmDJowc5g7WlqEoaAXXK.jpg,0309_FEUD_FROGMEN.jpg,dvd_rental
310,FEVER EMPIRE,2006,True,1891.0,/eU7KcNAOeZj9PBIcGUMSsuJz8qj.jpg,0310_FEVER_EMPIRE.jpg,dvd_rental
311,FICTION CHRISTMAS,2006,True,746467.0,/kio6inuU0xXbtacJE5NgPYDedlf.jpg,0311_FICTION_CHRISTMAS.jpg,dvd_rental
312,FIDDLER LOST,2006,True,153.0,/ybXq8xTs6VMx3hM4RDYMXaDZwcz.jpg,0312_FIDDLER_LOST.jpg,dvd_rental
313,FIDELITY DEVIL,2006,True,350.0,/gvBvYFS9LVeukBYcdBX2HJZN4DL.jpg,0313_FIDELITY_DEVIL.jpg,dvd_rental
314,FIGHT JAWBREAKER,2006,True,18892.0,/yUdkn57AcZJCBiO74D9xQYq99Bm.jpg,0314_FIGHT_JAWBREAKER.jpg,dvd_rental
315,FINDING ANACONDA,2006,True,1234731.0,/zX1KJPiGTrzpFcjfOWlmqdRgpQd.jpg,0315_FINDING_ANACONDA.jpg,dvd_rental
316,FIRE WOLVES,2006,False,,,,dvd_rental
317,FIREBALL PHILADELPHIA,2006,True,9800.0,/jATwMlaz93jKzT8K5SlW3sRUpDb.jpg,0317_FIREBALL_PHILADELPHIA.jpg,dvd_rental
318,FIREHOUSE VIETNAM,2006,True,801.0,/gsh0fhNQZ6O1ZYsDIt3THtBxoeP.jpg,0318_FIREHOUSE_VIETNAM.jpg,dvd_rental
319,FISH OPUS,2006,True,1202479.0,/5KPh4GB1Vng9g9QOhvXCTtMAEc.jpg,0319_FISH_OPUS.jpg,dvd_rental
320,FLAMINGOS CONNECTICUT,2006,True,18781.0,/2dbMuIhjCyy3ElL2xQZPyQY5FXO.jpg,0320_FLAMINGOS_CONNECTICUT.jpg,dvd_rental
321,FLASH WARS,2006,True,1202602.0,/6ITc84wyL6pIcx8L9p6DP4Y6DTD.jpg,0321_FLASH_WARS.jpg,dvd_rental
322,FLATLINERS KILLER,2006,True,1058710.0,/wHmzCQwBzT6m8wtZdXHOIITn82B.jpg,0322_FLATLINERS_KILLER.jpg,dvd_rental
323,FLIGHT LIES,2006,True,325008.0,/1cw1KCdRCqL10bZzF1RBvEb82RD.jpg,0323_FLIGHT_LIES.jpg,dvd_rental
324,FLINTSTONES HAPPINESS,2006,True,10683.0,/rYfUcEV88Z3gENrfYTE6i8yBkDr.jpg,0324_FLINTSTONES_HAPPINESS.jpg,dvd_rental
325,FLOATS GARDEN,2006,True,11236.0,/ku9JHB6c59UKUXjxV8lPoU89f6N.jpg,0325_FLOATS_GARDEN.jpg,dvd_rental
326,FLYING HOOK,2006,True,171536.0,/2SDYMISHJ76tFlBtpSd8GmQ3QJv.jpg,0326_FLYING_HOOK.jpg,dvd_rental
327,FOOL MOCKINGBIRD,2006,True,289712.0,/h7tzWmIOqMlXqakPV21DPCGSFKr.jpg,0327_FOOL_MOCKINGBIRD.jpg,dvd_rental
328,FOREVER CANDIDATE,2006,True,982.0,/kfH2NHYOUovD2Gz6cdbhunsahAW.jpg,0328_FOREVER_CANDIDATE.jpg,dvd_rental
329,FORREST SONS,2006,True,225614.0,/3Fp8GiGAC2uohvanWq5nibTpDJz.jpg,0329_FORREST_SONS.jpg,dvd_rental
330,FORRESTER COMANCHEROS,2006,True,30462.0,/dnB9mmDipbfExU0cCJljqoQnnrc.jpg,0330_FORRESTER_COMANCHEROS.jpg,dvd_rental
331,FORWARD TEMPLE,2006,True,1272837.0,/2DTPapravB7kVBWjm6RsqEWyNqn.jpg,0331_FORWARD_TEMPLE.jpg,dvd_rental
332,FRANKENSTEIN STRANGER,2006,True,1865.0,/2oOARbiV871kCC27FyKBmYwOM3G.jpg,0332_FRANKENSTEIN_STRANGER.jpg,dvd_rental
333,FREAKY POCUS,2006,True,10439.0,/hnRo1RB791GbpERgV7cnM2sek2V.jpg,0333_FREAKY_POCUS.jpg,dvd_rental
334,FREDDY STORM,2006,True,2133.0,/75aRoXgG74D5wbSqEQAYFpFFJ0V.jpg,0334_FREDDY_STORM.jpg,dvd_rental
335,FREEDOM CLEOPATRA,2006,True,8095.0,/7JMiLtYv8rRjoAmbFqdu9EvyC6f.jpg,0335_FREEDOM_CLEOPATRA.jpg,dvd_rental
336,FRENCH HOLIDAY,2006,True,1581.0,/jGFqZ4bCAYaNZKHQKBZcTyrH1EV.jpg,0336_FRENCH_HOLIDAY.jpg,dvd_rental
337,FRIDA SLIPPER,2006,True,139799.0,/yNcpIo208BmATunnGRjJaxeJXyV.jpg,0337_FRIDA_SLIPPER.jpg,dvd_rental
338,FRISCO FORREST,2006,True,13.0,/azV6hV99lYkdhydsQbJCI6FqMl4.jpg,0338_FRISCO_FORREST.jpg,dvd_rental
339,FROGMEN BREAKING,2006,True,12543.0,/wudCZzd6GmyZH6jXAQGKHCO1i0t.jpg,0339_FROGMEN_BREAKING.jpg,dvd_rental
340,FRONTIER CABIN,2006,True,22970.0,/40Sjxp3rXLC3UV2Wbgxxu4HwMJK.jpg,0340_FRONTIER_CABIN.jpg,dvd_rental
341,FROST HEAD,2006,True,249798.0,/xnZeyStSwoafuCYOM5MVxFH4OiN.jpg,0341_FROST_HEAD.jpg,dvd_rental
342,FUGITIVE MAGUIRE,2006,True,9390.0,/wyEECX6JopQfJPbfVi4sRVLKGpy.jpg,0342_FUGITIVE_MAGUIRE.jpg,dvd_rental
343,FULL FLATLINERS,2006,True,1551.0,/mKhbJt9hUBpT8MOyynMoip4zkiC.jpg,0343_FULL_FLATLINERS.jpg,dvd_rental
344,FURY MURDER,2006,True,1472537.0,/sBaHzbRunYN8aHH2CE9fzZWFGjY.jpg,0344_FURY_MURDER.jpg,dvd_rental
345,GABLES METROPOLIS,2006,True,19.0,/fCWd45ybxghuvaeSMcBsLFKY6PG.jpg,0345_GABLES_METROPOLIS.jpg,dvd_rental
346,GALAXY SWEETHEARTS,2006,True,999890.0,/890UDXYal6i8A9NbMV5TAxZpOzH.jpg,0346_GALAXY_SWEETHEARTS.jpg,dvd_rental
347,GAMES BOWFINGER,2006,True,11353.0,/2EQDgCFe2EwH3BLPEK69TDtAxRf.jpg,0347_GAMES_BOWFINGER.jpg,dvd_rental
348,GANDHI KWAI,2006,True,826.0,/z5uKyonXIGiVub5RtJKaPgGevlI.jpg,0348_GANDHI_KWAI.jpg,dvd_rental
349,GANGS PRIDE,2006,True,4348.0,/oixzLjpyaLagLa8UREts1NiHr6F.jpg,0349_GANGS_PRIDE.jpg,dvd_rental
350,GARDEN ISLAND,2006,True,495868.0,/c4dQnlTiioZaAp6l2d6UzN837HL.jpg,0350_GARDEN_ISLAND.jpg,dvd_rental
351,GASLIGHT CRUSADE,2006,True,89.0,/5h45gK147AAJpLLC7Cicr597urz.jpg,0351_GASLIGHT_CRUSADE.jpg,dvd_rental
352,GATHERING CALENDAR,2006,True,8696.0,/piRu03jGYMfbjaRHPkcDTy04MXy.jpg,0352_GATHERING_CALENDAR.jpg,dvd_rental
353,GENTLEMEN STAGE,2006,True,68004.0,/oxeiEVNJDLwSGByC70gQULpXiKk.jpg,0353_GENTLEMEN_STAGE.jpg,dvd_rental
354,GHOST GROUNDHOG,2006,True,137.0,/j8ZRAOctUiw7YzrQGuyCRIAJPIW.jpg,0354_GHOST_GROUNDHOG.jpg,dvd_rental
355,GHOSTBUSTERS ELF,2006,True,10719.0,/iJrvkckDP7MKfimogB6lNUfQRx.jpg,0355_GHOSTBUSTERS_ELF.jpg,dvd_rental
356,GIANT TROOPERS,2006,True,501389.0,/281xkyOqjCUZLBxU7BFbe3ddZnT.jpg,0356_GIANT_TROOPERS.jpg,dvd_rental
357,GILBERT PELICAN,2006,True,9944.0,/jZmGx7EST8HglBHeumXYqhNtrTo.jpg,0357_GILBERT_PELICAN.jpg,dvd_rental
358,GILMORE BOILED,2006,True,11782.0,/thnIEwqbvBClQteznk99AilJgWG.jpg,0358_GILMORE_BOILED.jpg,dvd_rental
359,GLADIATOR WESTWARD,2006,True,101557.0,/1HpY5ajJk5FEXnTgvT2FVfO49GD.jpg,0359_GLADIATOR_WESTWARD.jpg,dvd_rental
360,GLASS DYING,2006,True,9079.0,/fjR7Cl752iPw959smkNq6nRsJGx.jpg,0360_GLASS_DYING.jpg,dvd_rental
361,GLEAMING JAWBREAKER,2006,True,18892.0,/yUdkn57AcZJCBiO74D9xQYq99Bm.jpg,0361_GLEAMING_JAWBREAKER.jpg,dvd_rental
362,GLORY TRACY,2006,True,8592.0,/qWVg35ieeTKjWeX2bJLRe8YYd2A.jpg,0362_GLORY_TRACY.jpg,dvd_rental
363,GO PURPLE,2006,False,,,,dvd_rental
364,GODFATHER DIARY,2006,True,405818.0,/4AMv53knrYIdBStpldgRY8eQ7Bx.jpg,0364_GODFATHER_DIARY.jpg,dvd_rental
365,GOLD RIVER,2006,True,252870.0,/1SkbLQgrPahTqa95LwmNVqjpxyw.jpg,0365_GOLD_RIVER.jpg,dvd_rental
366,GOLDFINGER SENSIBILITY,2006,True,4584.0,/eAhOt2FExPlLRtkln6mAZEOFU3T.jpg,0366_GOLDFINGER_SENSIBILITY.jpg,dvd_rental
367,GOLDMINE TYCOON,2006,True,56930.0,/cX4pKQdEdEr5CnYRXuwakClX8WM.jpg,0367_GOLDMINE_TYCOON.jpg,dvd_rental
368,GONE TROUBLE,2006,True,570480.0,/kbeVZtX9HcsrkSyF0KrB4odkkiM.jpg,0368_GONE_TROUBLE.jpg,dvd_rental
369,GOODFELLAS SALUTE,2006,True,131362.0,/4dDvEGu8SK0b5gmZqfbDZd5sI1Q.jpg,0369_GOODFELLAS_SALUTE.jpg,dvd_rental
370,GORGEOUS BINGO,2006,True,62029.0,/1JD88Pkmdp1Gi0hwPJaVlvm8D4N.jpg,0370_GORGEOUS_BINGO.jpg,dvd_rental
371,GOSFORD DONNIE,2006,True,141.0,/1YjDHBC4v2O7IQDKYAiM8fOxzf3.jpg,0371_GOSFORD_DONNIE.jpg,dvd_rental
372,GRACELAND DYNAMITE,2006,True,8193.0,/6Iv6Uwa2SBLN0dSGM00rdrwN4MJ.jpg,0372_GRACELAND_DYNAMITE.jpg,dvd_rental
373,GRADUATE LORD,2006,True,122.0,/mWuFbQrXyLk2kMBKF9TUPtDwuPx.jpg,0373_GRADUATE_LORD.jpg,dvd_rental
374,GRAFFITI LOVE,2006,False,,,,dvd_rental
375,GRAIL FRANKENSTEIN,2006,True,1062722.0,/hTj8x0ElKldJyAjTYvaqxkQNxxN.jpg,0375_GRAIL_FRANKENSTEIN.jpg,dvd_rental
376,GRAPES FURY,2006,True,228150.0,/kbtH5G8L8REzy72LkLmKYoBVaGv.jpg,0376_GRAPES_FURY.jpg,dvd_rental
377,GREASE YOUTH,2006,True,513347.0,/zQOK2QapbklJcq7gjjUQEAB8Kyc.jpg,0377_GREASE_YOUTH.jpg,dvd_rental
378,GREATEST NORTH,2006,True,31586.0,/1tb1cm2pvyMuNGC2hGBUK683NlQ.jpg,0378_GREATEST_NORTH.jpg,dvd_rental
379,GREEDY ROOTS,2006,True,30665.0,/rTrfgWCY4dJiTls4IWBEUUzJXt.jpg,0379_GREEDY_ROOTS.jpg,dvd_rental
380,GREEK EVERYONE,2006,True,47462.0,/3P1yRGSvsNe3xyPzDTyj4KwWzhe.jpg,0380_GREEK_EVERYONE.jpg,dvd_rental
381,GRINCH MASSAGE,2006,True,35044.0,/g1CMCdJPWOYSuD4sv0oRmWXqP66.jpg,0381_GRINCH_MASSAGE.jpg,dvd_rental
382,GRIT CLOCKWORK,2006,True,185.0,/p40pYh2EBPoyVyqw6qy2PAZkFVA.jpg,0382_GRIT_CLOCKWORK.jpg,dvd_rental
383,GROOVE FICTION,2006,True,680.0,/hNcQAuquJxTxl2fJFs1R42DrWcf.jpg,0383_GROOVE_FICTION.jpg,dvd_rental
384,GROSSE WONDERFUL,2006,True,27735.0,/30uwX2GkaHdB6sPcG0b2RUWb2KF.jpg,0384_GROSSE_WONDERFUL.jpg,dvd_rental
385,GROUNDHOG UNCUT,2006,True,473033.0,/1tOzBr9wvo37KgFiFYLc16AGvAX.jpg,0385_GROUNDHOG_UNCUT.jpg,dvd_rental
386,GUMP DATE,2006,True,41733.0,/dAGRc6NevtcsSFIkBjVn1GYRBdy.jpg,0386_GUMP_DATE.jpg,dvd_rental
387,GUN BONNIE,2006,False,,,,dvd_rental
388,GUNFIGHT MOON,2006,True,17431.0,/y90zRKir3o4UwlRRocNP7G8eTbC.jpg,0388_GUNFIGHT_MOON.jpg,dvd_rental
389,GUNFIGHTER MUSSOLINI,2006,True,10368.0,/i3rAPxhhDjqsL1rZJM57pyR7xFW.jpg,0389_GUNFIGHTER_MUSSOLINI.jpg,dvd_rental
390,GUYS FALCON,2006,True,1107216.0,/dJZRImFs3jdMV1I2OzgjGz1rZv9.jpg,0390_GUYS_FALCON.jpg,dvd_rental
391,HALF OUTFIELD,2006,True,24795.0,/xaePFxrxeBI1rHS1TnZf5N4s5c.jpg,0391_HALF_OUTFIELD.jpg,dvd_rental
392,HALL CASSIDY,2006,True,384446.0,/4Q9fzRXgXmJQVWhRbIVqsTvoV2L.jpg,0392_HALL_CASSIDY.jpg,dvd_rental
393,HALLOWEEN NUTS,2006,True,24070.0,/1q3puTH4FcoSBafsnPGGChBg2sO.jpg,0393_HALLOWEEN_NUTS.jpg,dvd_rental
394,HAMLET WISDOM,2006,True,41090.0,/jJiKZG7vauFCeax5Aj5fahrcKUO.jpg,0394_HAMLET_WISDOM.jpg,dvd_rental
395,HANDICAP BOONDOCK,2006,True,8374.0,/jtJTwBMxMFnUDMMHqyt69Tx0aw6.jpg,0395_HANDICAP_BOONDOCK.jpg,dvd_rental
396,HANGING DEEP,2006,True,619979.0,/2Z2GA7Ph8z5YsDNUJ6h1HJsP4a4.jpg,0396_HANGING_DEEP.jpg,dvd_rental
397,HANKY OCTOBER,2006,True,13466.0,/qs0GdHYvrNNoe6dEhmiNK5OotWu.jpg,0397_HANKY_OCTOBER.jpg,dvd_rental
398,HANOVER GALAXY,2006,True,1226863.0,/79EVB4qhyfrdlMgT8GIRAikdzsQ.jpg,0398_HANOVER_GALAXY.jpg,dvd_rental
399,HAPPINESS UNITED,2006,True,271331.0,/oQhVvz3N86DdHnYGsZ9Y2420II5.jpg,0399_HAPPINESS_UNITED.jpg,dvd_rental
400,HARDLY ROBBERS,2006,True,1488684.0,/tZkY4zEdMykflnEuPWzJ7lE7d19.jpg,0400_HARDLY_ROBBERS.jpg,dvd_rental
401,HAROLD FRENCH,2006,True,397.0,/9vLcyNQmf5RoD7CIcGPjnwxKjqI.jpg,0401_HAROLD_FRENCH.jpg,dvd_rental
402,HARPER DYING,2006,True,9079.0,/fjR7Cl752iPw959smkNq6nRsJGx.jpg,0402_HARPER_DYING.jpg,dvd_rental
403,HARRY IDAHO,2006,True,468.0,/7D08WRTWi5ZGJvBmMW64W4H6dE2.jpg,0403_HARRY_IDAHO.jpg,dvd_rental
404,HATE HANDICAP,2006,True,614099.0,/hONjoYAzhXng02tgslww0TqhrTR.jpg,0404_HATE_HANDICAP.jpg,dvd_rental
405,HAUNTED ANTITRUST,2006,True,9989.0,/zqGqZsOfY40ZnyzPPQq1jEVSTNf.jpg,0405_HAUNTED_ANTITRUST.jpg,dvd_rental
406,HAUNTING PIANIST,2006,True,423.0,/mxfLOWnHnSlbdraKfzRn5mqoqk7.jpg,0406_HAUNTING_PIANIST.jpg,dvd_rental
407,HAWK CHILL,2006,True,14223.0,/aKfytedP6l0KYVhoRWIF9DTJyCn.jpg,0407_HAWK_CHILL.jpg,dvd_rental
408,HEAD STRANGER,2006,True,530885.0,/peEIQgGIuVQClKRMAd8Ftf5lLWF.jpg,0408_HEAD_STRANGER.jpg,dvd_rental
409,HEARTBREAKERS BRIGHT,2006,True,1330021.0,/afCyi1YlcSq2BH14UJmFbqzzJ65.jpg,0409_HEARTBREAKERS_BRIGHT.jpg,dvd_rental
410,HEAVEN FREEDOM,2006,True,1646.0,/i6ScX4rIDGytb25keln7PFP4jg8.jpg,0410_HEAVEN_FREEDOM.jpg,dvd_rental
411,HEAVENLY GUN,2006,True,744.0,/W8QUPhiBOCdj2urJDzc2D9xdQb.jpg,0411_HEAVENLY_GUN.jpg,dvd_rental
412,HEAVYWEIGHTS BEAST,2006,True,1292415.0,/3S32pzyZMoOJ3ADrnT2GbV4tiX4.jpg,0412_HEAVYWEIGHTS_BEAST.jpg,dvd_rental
413,HEDWIG ALTER,2006,True,454801.0,/iwpQe0qckQ1NMejuEntUxWKqNAS.jpg,0413_HEDWIG_ALTER.jpg,dvd_rental
414,HELLFIGHTERS SIERRA,2006,True,126900.0,/akxybiTgk4qH5Ccp8l5PxxAQdaq.jpg,0414_HELLFIGHTERS_SIERRA.jpg,dvd_rental
415,HIGH ENCINO,2006,True,10406.0,/jj4sbdn2PiwVuUwnL6lMxXZx5yo.jpg,0415_HIGH_ENCINO.jpg,dvd_rental
416,HIGHBALL POTTER,2006,True,672.0,/bhCfAzeMMg7GyLDT11yVM2i1NPh.jpg,0416_HIGHBALL_POTTER.jpg,dvd_rental
417,HILLS NEIGHBORS,2006,True,195589.0,/f3zFfLgh0snxZxcOHxDYAyczXGA.jpg,0417_HILLS_NEIGHBORS.jpg,dvd_rental
418,HOBBIT ALIEN,2006,True,348.0,/pZ9cAe5FxexJjpCaeiETbXzz3Fs.jpg,0418_HOBBIT_ALIEN.jpg,dvd_rental
419,HOCUS FRIDA,2006,True,1360.0,/a4hgR6aKoohB6MHni171jbi9BkU.jpg,0419_HOCUS_FRIDA.jpg,dvd_rental
420,HOLES BRANNIGAN,2006,True,27396.0,/mkqa7r8jJCmQTCb6M6d55HVlMzj.jpg,0420_HOLES_BRANNIGAN.jpg,dvd_rental
421,HOLIDAY GAMES,2006,True,70160.0,/qSEn7KsGchT7qB08HlviyeTPrEr.jpg,0421_HOLIDAY_GAMES.jpg,dvd_rental
422,HOLLOW JEOPARDY,2006,True,10398.0,/9iStyArwfoNC3WjGjiEi8dGkzUY.jpg,0422_HOLLOW_JEOPARDY.jpg,dvd_rental
423,HOLLYWOOD ANONYMOUS,2006,True,61891.0,/zou75ED0SkTWFo6qNxsnER118u0.jpg,0423_HOLLYWOOD_ANONYMOUS.jpg,dvd_rental
424,HOLOCAUST HIGHBALL,2006,True,44389.0,/s3yHsPNisOi0SulJG0cU4mId9sn.jpg,0424_HOLOCAUST_HIGHBALL.jpg,dvd_rental
425,HOLY TADPOLE,2006,True,39141.0,/r7wCSE5Hj82GHywm2evC1ERmK0E.jpg,0425_HOLY_TADPOLE.jpg,dvd_rental
426,HOME PITY,2006,True,489990.0,/9frTwTehJZlPypNmM27m22J2srR.jpg,0426_HOME_PITY.jpg,dvd_rental
427,HOMEWARD CIDER,2006,True,1715.0,/uAldIJbqUSBcPWKCFxysuElFmtq.jpg,0427_HOMEWARD_CIDER.jpg,dvd_rental
428,HOMICIDE PEACH,2006,True,438551.0,/vEMwEGN2T4JU8oql7b6Uq1h3yRq.jpg,0428_HOMICIDE_PEACH.jpg,dvd_rental
429,HONEY TIES,2006,True,190955.0,/5vYbz1WZei7hGkAlF5T0xqZ76jc.jpg,0429_HONEY_TIES.jpg,dvd_rental
430,HOOK CHARIOTS,2006,True,9443.0,/pXgqJhGWRJJCzVfnsSRCDTvxyjL.jpg,0430_HOOK_CHARIOTS.jpg,dvd_rental
431,HOOSIERS BIRDCAGE,2006,True,11000.0,/8uxgjDwbMjO8cDHsJ4TvmWaFRVh.jpg,0431_HOOSIERS_BIRDCAGE.jpg,dvd_rental
432,HOPE TOOTSIE,2006,True,9576.0,/vCX2U9j88qKL7j56OKx6mhhIlLP.jpg,0432_HOPE_TOOTSIE.jpg,dvd_rental
433,HORN WORKING,2006,True,1197306.0,/eLBWBW4hariYCgTS5BL1tpMAYiG.jpg,0433_HORN_WORKING.jpg,dvd_rental
434,HORROR REIGN,2006,True,2355.0,/jXI7NP3iSoVBiU1ADLrqnwE8gVy.jpg,0434_HORROR_REIGN.jpg,dvd_rental
435,HOTEL HAPPINESS,2006,True,10683.0,/rYfUcEV88Z3gENrfYTE6i8yBkDr.jpg,0435_HOTEL_HAPPINESS.jpg,dvd_rental
436,HOURS RAGE,2006,True,101307.0,/jpw9TSzdsBBU6DGSh4sy5RtXEn.jpg,0436_HOURS_RAGE.jpg,dvd_rental
437,HOUSE DYNAMITE,2006,True,1290159.0,/ku4vTAnfTgO5oPPaHqyLtP39LrE.jpg,0437_HOUSE_DYNAMITE.jpg,dvd_rental
438,HUMAN GRAFFITI,2006,True,838.0,/9rvox1lGhLtUj0djMtr44CuxYE1.jpg,0438_HUMAN_GRAFFITI.jpg,dvd_rental
439,HUNCHBACK IMPOSSIBLE,2006,True,954.0,/xCpmxw3UUjv4PGzbIPOHeoKAV0l.jpg,0439_HUNCHBACK_IMPOSSIBLE.jpg,dvd_rental
440,HUNGER ROOF,2006,True,11654.0,/xIMgMrVVJABB1QBnDld6LPYhLP0.jpg,0440_HUNGER_ROOF.jpg,dvd_rental
441,HUNTER ALTER,2006,True,454801.0,/iwpQe0qckQ1NMejuEntUxWKqNAS.jpg,0441_HUNTER_ALTER.jpg,dvd_rental
442,HUNTING MUSKETEERS,2006,True,52451.0,/AuCJOLhSl3dsQ2DoRNuN1L9tVUF.jpg,0442_HUNTING_MUSKETEERS.jpg,dvd_rental
443,HURRICANE AFFAIR,2006,True,480681.0,/e3ezhvLB40WbjKCEzn2Sk71cUhR.jpg,0443_HURRICANE_AFFAIR.jpg,dvd_rental
444,HUSTLER PARTY,2006,True,747.0,/7TDWZVx599M0LVMAnvT3L2K0cCU.jpg,0444_HUSTLER_PARTY.jpg,dvd_rental
445,HYDE DOCTOR,2006,False,,,,dvd_rental
446,HYSTERICAL GRAIL,2006,True,762.0,/sbxnHlkHSeffxwzPhnfwd42ojqQ.jpg,0446_HYSTERICAL_GRAIL.jpg,dvd_rental
447,ICE CROSSING,2006,True,594787.0,/s38Hgx6Xda2zUR7GvSgWETTsbAz.jpg,0447_ICE_CROSSING.jpg,dvd_rental
448,IDAHO LOVE,2006,True,292431.0,/lwSD8oTwL2Dau0gE9pxXY3Zdhh2.jpg,0448_IDAHO_LOVE.jpg,dvd_rental
449,IDENTITY LOVER,2006,True,18190.0,/epl5pprGt04gAJI8lzbKy83XkbE.jpg,0449_IDENTITY_LOVER.jpg,dvd_rental
450,IDOLS SNATCHERS,2006,True,580632.0,/8PcCffhPbHqPjCQOYJCB5bnHRTV.jpg,0450_IDOLS_SNATCHERS.jpg,dvd_rental
451,IGBY MAKER,2006,True,30628.0,/rfXZ6es7y0gILcARI2rJ4foUIwB.jpg,0451_IGBY_MAKER.jpg,dvd_rental
452,ILLUSION AMELIE,2006,True,194.0,/mYvUib00miJWxWkiXhy3QnrCj96.jpg,0452_ILLUSION_AMELIE.jpg,dvd_rental
453,IMAGE PRINCESS,2006,True,9880.0,/s4DYhsEnziYlJy91bbxv1ZhTJFG.jpg,0453_IMAGE_PRINCESS.jpg,dvd_rental
454,IMPACT ALADDIN,2006,True,420817.0,/trnyoKkkvvjZvRvCMrNDtSf25nH.jpg,0454_IMPACT_ALADDIN.jpg,dvd_rental
455,IMPOSSIBLE PREJUDICE,2006,True,4348.0,/oixzLjpyaLagLa8UREts1NiHr6F.jpg,0455_IMPOSSIBLE_PREJUDICE.jpg,dvd_rental
456,INCH JET,2006,True,18300.0,/gt782KCdR64X1zCNX8Z8MdiEpUr.jpg,0456_INCH_JET.jpg,dvd_rental
457,INDEPENDENCE HOTEL,2006,True,76492.0,/zvWlwBGQWuJ0wog65q1uS37BApC.jpg,0457_INDEPENDENCE_HOTEL.jpg,dvd_rental
458,INDIAN LOVE,2006,True,9912.0,/cGJC1plxRPus7Ppg0O3m8Ywvak5.jpg,0458_INDIAN_LOVE.jpg,dvd_rental
459,INFORMER DOUBLE,2006,True,9405.0,/uPld99AspbPcTI979EsOj3faE9r.jpg,0459_INFORMER_DOUBLE.jpg,dvd_rental
460,INNOCENT USUAL,2006,True,629.0,/zI2ESVtVBJTo68aWuwCku78q4dZ.jpg,0460_INNOCENT_USUAL.jpg,dvd_rental
461,INSECTS STONE,2006,True,724209.0,/jCiGfY7D6pHIU1dlVccfixUwtGV.jpg,0461_INSECTS_STONE.jpg,dvd_rental
462,INSIDER ARIZONA,2006,True,378.0,/iLOKSXqDeVzA2al9f55WU7VAHE0.jpg,0462_INSIDER_ARIZONA.jpg,dvd_rental
463,INSTINCT AIRPORT,2006,True,7227.0,/rrChB8wOXCNbOX9HHFP1oha4fbf.jpg,0463_INSTINCT_AIRPORT.jpg,dvd_rental
464,INTENTIONS EMPIRE,2006,True,1891.0,/eU7KcNAOeZj9PBIcGUMSsuJz8qj.jpg,0464_INTENTIONS_EMPIRE.jpg,dvd_rental
465,INTERVIEW LIAISONS,2006,True,121602.0,/9NEFSA8dXZ1lTCI7w21Z7ghzwmm.jpg,0465_INTERVIEW_LIAISONS.jpg,dvd_rental
466,INTOLERABLE INTENTIONS,2006,True,796.0,/c4hIfeTlAjTcy2LRRcNXPMCyf0L.jpg,0466_INTOLERABLE_INTENTIONS.jpg,dvd_rental
467,INTRIGUE WORST,2006,False,,,,dvd_rental
468,INVASION CYCLONE,2006,True,81573.0,/bhKVOYETvLrJhJrdhQw8dtyPTtN.jpg,0468_INVASION_CYCLONE.jpg,dvd_rental
469,IRON MOON,2006,True,515854.0,/n6FKJVi4Q8RGRD9yVyHhJ1vC9tO.jpg,0469_IRON_MOON.jpg,dvd_rental
470,ISHTAR ROCKETEER,2006,True,10249.0,/cUJa72hNjxbG3rX8tMqyvWmF3eG.jpg,0470_ISHTAR_ROCKETEER.jpg,dvd_rental
471,ISLAND EXORCIST,2006,True,9552.0,/hwJvgHQ4tf9eRQec1ouAgg33dPV.jpg,0471_ISLAND_EXORCIST.jpg,dvd_rental
472,ITALIAN AFRICAN,2006,True,57586.0,/oqnJnHow4YxztJQz5Ws1TD7hlNa.jpg,0472_ITALIAN_AFRICAN.jpg,dvd_rental
473,JACKET FRISCO,2006,True,16972.0,/oiH4pcSWFdUSAFVl924OeNfncY.jpg,0473_JACKET_FRISCO.jpg,dvd_rental
474,JADE BUNCH,2006,True,576.0,/8RLSKxIbW10kFKJirxVYDwwmDAl.jpg,0474_JADE_BUNCH.jpg,dvd_rental
475,JAPANESE RUN,2006,True,225278.0,/wmuYBsvkIufLOh2CFf0wjBIt3XQ.jpg,0475_JAPANESE_RUN.jpg,dvd_rental
476,JASON TRAP,2006,True,628847.0,/p9zbrDpAKyj3jeemkyAoBmlo3KG.jpg,0476_JASON_TRAP.jpg,dvd_rental
477,JAWBREAKER BROOKLYN,2006,True,167073.0,/1I8PTNKB4ycreZ5Pgg2a0poSYU3.jpg,0477_JAWBREAKER_BROOKLYN.jpg,dvd_rental
478,JAWS HARRY,2006,True,671.0,/3MKK7vAJLtSkBTABMTjxf6TOCo3.jpg,0478_JAWS_HARRY.jpg,dvd_rental
479,JEDI BENEATH,2006,True,2655.0,/tJFsuHuGIgYfC8rK5BG6hs9kE4D.jpg,0479_JEDI_BENEATH.jpg,dvd_rental
480,JEEPERS WEDDING,2006,True,463252.0,/tnrjUwRVzKriT3dKHRVQutfzYH3.jpg,0480_JEEPERS_WEDDING.jpg,dvd_rental
481,JEKYLL FROGMEN,2006,True,44890.0,/54SOXigLmDJowc5g7WlqEoaAXXK.jpg,0481_JEKYLL_FROGMEN.jpg,dvd_rental
482,JEOPARDY ENCINO,2006,True,10406.0,/jj4sbdn2PiwVuUwnL6lMxXZx5yo.jpg,0482_JEOPARDY_ENCINO.jpg,dvd_rental
483,JERICHO MULAN,2006,True,10674.0,/towmTJ0k29quKI9IDnOZKAAtQx.jpg,0483_JERICHO_MULAN.jpg,dvd_rental
484,JERK PAYCHECK,2006,True,9620.0,/jXmEyQhfFmerGoMmILEX5v5b0Hk.jpg,0484_JERK_PAYCHECK.jpg,dvd_rental
485,JERSEY SASSY,2006,True,14197.0,/hGQIBNaPJtoyKl5RdEqSjMjQziQ.jpg,0485_JERSEY_SASSY.jpg,dvd_rental
486,JET NEIGHBORS,2006,True,195589.0,/f3zFfLgh0snxZxcOHxDYAyczXGA.jpg,0486_JET_NEIGHBORS.jpg,dvd_rental
487,JINGLE SAGEBRUSH,2006,True,23590.0,/tnxHe2a64cEcjYGr2uK8kEg6XmC.jpg,0487_JINGLE_SAGEBRUSH.jpg,dvd_rental
488,JOON NORTHWEST,2006,True,213.0,/8r81l0fxwB5uxlAHzVXZ6IhO0o9.jpg,0488_JOON_NORTHWEST.jpg,dvd_rental
489,JUGGLER HARDLY,2006,True,130724.0,/A58FZYvG7gYN9XDwVczOfmOQnli.jpg,0489_JUGGLER_HARDLY.jpg,dvd_rental
490,JUMANJI BLADE,2006,True,78.0,/pBA2J6iQMiP5Zd4ewMKdOWfq1HV.jpg,0490_JUMANJI_BLADE.jpg,dvd_rental
491,JUMPING WRATH,2006,True,637649.0,/emM894kjspdQsHyTAF7sjRNlbTr.jpg,0491_JUMPING_WRATH.jpg,dvd_rental
492,JUNGLE CLOSER,2006,True,2288.0,/4Sqs6uA6nitoMDTQs9lZE22ln2v.jpg,0492_JUNGLE_CLOSER.jpg,dvd_rental
493,KANE EXORCIST,2006,True,9552.0,/hwJvgHQ4tf9eRQec1ouAgg33dPV.jpg,0493_KANE_EXORCIST.jpg,dvd_rental
494,KARATE MOON,2006,True,17431.0,/y90zRKir3o4UwlRRocNP7G8eTbC.jpg,0494_KARATE_MOON.jpg,dvd_rental
495,KENTUCKIAN GIANT,2006,True,1712.0,/oruoMYVned5WVdd5uRBXIuRcE1B.jpg,0495_KENTUCKIAN_GIANT.jpg,dvd_rental
496,KICK SAVANNAH,2006,True,207871.0,/6MAuG6SU0yTIvCweElDNBXcofwQ.jpg,0496_KICK_SAVANNAH.jpg,dvd_rental
497,KILL BROTHERHOOD,2006,True,402334.0,/5oMMBxqqThvmOoUDx1rYOPFHons.jpg,0497_KILL_BROTHERHOOD.jpg,dvd_rental
498,KILLER INNOCENT,2006,True,551472.0,/8AMEt3fWOTxJRy3PONVe4q1P4XT.jpg,0498_KILLER_INNOCENT.jpg,dvd_rental
499,KING EVOLUTION,2006,True,1267722.0,/zjZLAX9I1woHAYCYlQGnrz3X53O.jpg,0499_KING_EVOLUTION.jpg,dvd_rental
500,KISS GLORY,2006,False,,,,dvd_rental
501,KISSING DOLLS,2006,True,24341.0,/yEE9Ly5r9o2XR35wKiIlkLfvnx6.jpg,0501_KISSING_DOLLS.jpg,dvd_rental
502,KNOCK WARLOCK,2006,True,11342.0,/odUW8lKgpJHX6ilcUYIderenTxZ.jpg,0502_KNOCK_WARLOCK.jpg,dvd_rental
503,KRAMER CHOCOLATE,2006,True,118.0,/voJEk0WNtrcawz2hN9AwdNbvhrp.jpg,0503_KRAMER_CHOCOLATE.jpg,dvd_rental
504,KWAI HOMEWARD,2006,True,674942.0,/rtiZGBa1iAhKvz3rdTkLnhKEmRc.jpg,0504_KWAI_HOMEWARD.jpg,dvd_rental
505,LABYRINTH LEAGUE,2006,True,141052.0,/wUWqnavD8iGZ5F4xXhWlrtEzKjV.jpg,0505_LABYRINTH_LEAGUE.jpg,dvd_rental
506,LADY STAGE,2006,True,882559.0,/aIb6Asvb6m5MWZeQ1Tx5TNHBNuG.jpg,0506_LADY_STAGE.jpg,dvd_rental
507,LADYBUGS ARMAGEDDON,2006,True,95.0,/yYtlk1E28L1kQG6VcazkHhv29Ur.jpg,0507_LADYBUGS_ARMAGEDDON.jpg,dvd_rental
508,LAMBS CINCINATTI,2006,True,274.0,/8FdQQ3cUCs9goEOr1qUFaHackoJ.jpg,0508_LAMBS_CINCINATTI.jpg,dvd_rental
509,LANGUAGE COWBOY,2006,True,3116.0,/czwhpcAa17QqUextesRPp9YFKLC.jpg,0509_LANGUAGE_COWBOY.jpg,dvd_rental
510,LAWLESS VISION,2006,True,57100.0,/6nynn9NPvxpKH8KYvfAuXrYnDP8.jpg,0510_LAWLESS_VISION.jpg,dvd_rental
511,LAWRENCE LOVE,2006,True,292431.0,/lwSD8oTwL2Dau0gE9pxXY3Zdhh2.jpg,0511_LAWRENCE_LOVE.jpg,dvd_rental
512,LEAGUE HELLFIGHTERS,2006,True,32726.0,/vxfMqStji9leTC8grt9JmxOt1rz.jpg,0512_LEAGUE_HELLFIGHTERS.jpg,dvd_rental
513,LEATHERNECKS DWARFS,2006,True,408.0,/b2ZPP3bZqDOzqTHr1TlFIFPWP48.jpg,0513_LEATHERNECKS_DWARFS.jpg,dvd_rental
514,LEBOWSKI SOLDIERS,2006,True,11551.0,/kwIYYxrT9zZ5Uh67ugFX2IyklKg.jpg,0514_LEBOWSKI_SOLDIERS.jpg,dvd_rental
515,LEGALLY SECRETARY,2006,True,11013.0,/zCL29rCrHlTbiNjzY1f9tiAHJtF.jpg,0515_LEGALLY_SECRETARY.jpg,dvd_rental
516,LEGEND JEDI,2006,True,181808.0,/7SNzh1fY3YJ8Y8MX93pZF5cJHaH.jpg,0516_LEGEND_JEDI.jpg,dvd_rental
517,LESSON CLEOPATRA,2006,True,8095.0,/7JMiLtYv8rRjoAmbFqdu9EvyC6f.jpg,0517_LESSON_CLEOPATRA.jpg,dvd_rental
518,LIAISONS SWEET,2006,True,16415.0,/5MMLN7wGmEksFwW6K1VHMJq5qIJ.jpg,0518_LIAISONS_SWEET.jpg,dvd_rental
519,LIBERTY MAGNIFICENT,2006,True,333484.0,/uotXQy2IKigAA6vvUIUsBPNHkH0.jpg,0519_LIBERTY_MAGNIFICENT.jpg,dvd_rental
520,LICENSE WEEKEND,2006,True,79120.0,/r0C6Elsoz9Vfz2psVzg7nL38OQ0.jpg,0520_LICENSE_WEEKEND.jpg,dvd_rental
521,LIES TREATMENT,2006,True,51072.0,/nDctTkrew9sviZlDu38a8OZ0mcN.jpg,0521_LIES_TREATMENT.jpg,dvd_rental
522,LIFE TWISTED,2006,True,82853.0,/z9jLPHcIg8p3avOjk4EeH7RqztH.jpg,0522_LIFE_TWISTED.jpg,dvd_rental
523,LIGHTS DEER,2006,True,11778.0,/qwS3AuvdXlpCqlYAuEwGInOe3pu.jpg,0523_LIGHTS_DEER.jpg,dvd_rental
524,LION UNCUT,2006,True,473033.0,/1tOzBr9wvo37KgFiFYLc16AGvAX.jpg,0524_LION_UNCUT.jpg,dvd_rental
525,LOATHING LEGALLY,2006,True,8835.0,/niib9aVXTSKt8YOr9sHaMGkpJHZ.jpg,0525_LOATHING_LEGALLY.jpg,dvd_rental
526,LOCK REAR,2006,True,567.0,/fH1MipE8PXGg0rlI5cUdzxKnyA2.jpg,0526_LOCK_REAR.jpg,dvd_rental
527,LOLA AGENT,2006,True,249070.0,/jyJN2aij0laukipJXdJhMH8hEP6.jpg,0527_LOLA_AGENT.jpg,dvd_rental
528,LOLITA WORLD,2006,True,1234821.0,/2sbGd7kDhMicDkT097FR9a2JyGU.jpg,0528_LOLITA_WORLD.jpg,dvd_rental
529,LONELY ELEPHANT,2006,True,1807.0,/nDony6FyytrekJ3ev9iC29kwhbh.jpg,0529_LONELY_ELEPHANT.jpg,dvd_rental
530,LORD ARIZONA,2006,True,378.0,/iLOKSXqDeVzA2al9f55WU7VAHE0.jpg,0530_LORD_ARIZONA.jpg,dvd_rental
531,LOSE INCH,2006,True,13403.0,/jafIFAW8sHQkzWPGoMDR4892dFI.jpg,0531_LOSE_INCH.jpg,dvd_rental
532,LOSER HUSTLER,2006,True,990.0,/6jicxcrfFZpXIBgQidj3uouwsiP.jpg,0532_LOSER_HUSTLER.jpg,dvd_rental
533,LOST BIRD,2006,True,746783.0,/dYynrQuqBQvKWxFGROtLiLa2VyA.jpg,0533_LOST_BIRD.jpg,dvd_rental
534,LOUISIANA HARRY,2006,True,671.0,/3MKK7vAJLtSkBTABMTjxf6TOCo3.jpg,0534_LOUISIANA_HARRY.jpg,dvd_rental
535,LOVE SUICIDES,2006,True,13198.0,/qModiIR60IMLP28ruGZluQOtsOj.jpg,0535_LOVE_SUICIDES.jpg,dvd_rental
536,LOVELY JINGLE,2006,True,1218762.0,/90vYAz1JCdbF2Ggx2VQUQEfitbN.jpg,0536_LOVELY_JINGLE.jpg,dvd_rental
537,LOVER TRUMAN,2006,True,37165.0,/4BGVZSwv5n0hMIAWwiSjMFDQ63K.jpg,0537_LOVER_TRUMAN.jpg,dvd_rental
538,LOVERBOY ATTACKS,2006,True,75.0,/uNtD2Ci0sJSahFNtvxbVldqEpXx.jpg,0538_LOVERBOY_ATTACKS.jpg,dvd_rental
539,LUCK OPUS,2006,True,1202479.0,/5KPh4GB1Vng9g9QOhvXCTtMAEc.jpg,0539_LUCK_OPUS.jpg,dvd_rental
540,LUCKY FLYING,2006,True,349498.0,/vmL0GDMDOOS5T3J2Ly3XmD1ZLiG.jpg,0540_LUCKY_FLYING.jpg,dvd_rental
541,LUKE MUMMY,2006,True,1304313.0,/sKYkjA9H4Qlzz5M1oqGCFVsTOfL.jpg,0541_LUKE_MUMMY.jpg,dvd_rental
542,LUST LOCK,2006,True,373030.0,/nRWGV2T8IHVkLS3oQbCKzjerIIH.jpg,0542_LUST_LOCK.jpg,dvd_rental
543,MADIGAN DORADO,2006,True,6644.0,/gCA1Zb1Kw1Zo6wSodCIlZPVfwpo.jpg,0543_MADIGAN_DORADO.jpg,dvd_rental
544,MADISON TRAP,2006,True,628847.0,/p9zbrDpAKyj3jeemkyAoBmlo3KG.jpg,0544_MADISON_TRAP.jpg,dvd_rental
545,MADNESS ATTACKS,2006,True,75.0,/uNtD2Ci0sJSahFNtvxbVldqEpXx.jpg,0545_MADNESS_ATTACKS.jpg,dvd_rental
546,MADRE GABLES,2006,True,17663.0,/bofIDdh1mQ2sdOmbrxYLOweAeVt.jpg,0546_MADRE_GABLES.jpg,dvd_rental
547,MAGIC MALLRATS,2006,True,2293.0,/2ip0sGIMPN0XEN6q3lQIoaNI6tP.jpg,0547_MAGIC_MALLRATS.jpg,dvd_rental
548,MAGNIFICENT CHITTY,2006,True,11708.0,/3wOBAUPf4vGM6iH2OFkjiA84EX0.jpg,0548_MAGNIFICENT_CHITTY.jpg,dvd_rental
549,MAGNOLIA FORRESTER,2006,True,711.0,/e3pixypDGkiiIav9Nv4TKHLiqKE.jpg,0549_MAGNOLIA_FORRESTER.jpg,dvd_rental
550,MAGUIRE APACHE,2006,True,43329.0,/wUsaLLoUlDlTGLgzI0MtDNLOGJ0.jpg,0550_MAGUIRE_APACHE.jpg,dvd_rental
551,MAIDEN HOME,2006,True,228161.0,/d4s4JbRnCepEnMSzN9t9RXdKfXc.jpg,0551_MAIDEN_HOME.jpg,dvd_rental
552,MAJESTIC FLOATS,2006,True,9715.0,/2lBhJ0PJoF8w1LzEqZqWjwQm40w.jpg,0552_MAJESTIC_FLOATS.jpg,dvd_rental
553,MAKER GABLES,2006,True,17663.0,/bofIDdh1mQ2sdOmbrxYLOweAeVt.jpg,0553_MAKER_GABLES.jpg,dvd_rental
554,MALKOVICH PET,2006,True,8913.0,/rjL6WhvdnaEqwMfM3Crscjs0nNP.jpg,0554_MALKOVICH_PET.jpg,dvd_rental
555,MALLRATS UNITED,2006,True,271331.0,/oQhVvz3N86DdHnYGsZ9Y2420II5.jpg,0555_MALLRATS_UNITED.jpg,dvd_rental
556,MALTESE HOPE,2006,True,1058424.0,/1n37BJchWHLiSYQkuFxe5KjB951.jpg,0556_MALTESE_HOPE.jpg,dvd_rental
557,MANCHURIAN CURTAIN,2006,True,5780.0,/mcmwso7eKnQCXlMtcpShHBwU1FO.jpg,0557_MANCHURIAN_CURTAIN.jpg,dvd_rental
558,MANNEQUIN WORST,2006,False,,,,dvd_rental
559,MARRIED GO,2006,True,48738.0,/zz41YviOTV8AvOotLUKsTezUEXy.jpg,0559_MARRIED_GO.jpg,dvd_rental
560,MARS ROMAN,2006,True,804.0,/1YGhKpQpojziGyv4XE1hzo2jKtN.jpg,0560_MARS_ROMAN.jpg,dvd_rental
561,MASK PEACH,2006,False,,,,dvd_rental
562,MASKED BUBBLE,2006,True,9683.0,/tFwvUSc8g0HHvDOBQ2rvC9LWVSj.jpg,0562_MASKED_BUBBLE.jpg,dvd_rental
563,MASSACRE USUAL,2006,True,629.0,/zI2ESVtVBJTo68aWuwCku78q4dZ.jpg,0563_MASSACRE_USUAL.jpg,dvd_rental
564,MASSAGE IMAGE,2006,True,41555.0,/naRLgnmTb0IJqG7565Dns0Dj7t4.jpg,0564_MASSAGE_IMAGE.jpg,dvd_rental
565,MATRIX SNOWMAN,2006,True,372343.0,/2EB4lIkz0SaBvPFs2eAz2txb1DQ.jpg,0565_MATRIX_SNOWMAN.jpg,dvd_rental
566,MAUDE MOD,2006,True,16379.0,/7c20VEblNKkDiBuA6bE6kbeHqHa.jpg,0566_MAUDE_MOD.jpg,dvd_rental
567,MEET CHOCOLATE,2006,True,118.0,/voJEk0WNtrcawz2hN9AwdNbvhrp.jpg,0567_MEET_CHOCOLATE.jpg,dvd_rental
568,MEMENTO ZOOLANDER,2006,True,9398.0,/pOtJyjyCjhOcfBnQG8vIZ6Q2y2A.jpg,0568_MEMENTO_ZOOLANDER.jpg,dvd_rental
569,MENAGERIE RUSHMORE,2006,True,11545.0,/hSJ6swahAuZ8wM96lHDTwQPXUvZ.jpg,0569_MENAGERIE_RUSHMORE.jpg,dvd_rental
570,MERMAID INSECTS,2006,True,8447.0,/w1i5JdddoLuzSmnKo5ORDoKdMm2.jpg,0570_MERMAID_INSECTS.jpg,dvd_rental
571,METAL ARMAGEDDON,2006,True,95.0,/yYtlk1E28L1kQG6VcazkHhv29Ur.jpg,0571_METAL_ARMAGEDDON.jpg,dvd_rental
572,METROPOLIS COMA,2006,True,11223.0,/pteO27H2fEKyyzc6MC9C1N62Hdq.jpg,0572_METROPOLIS_COMA.jpg,dvd_rental
573,MICROCOSMOS PARADISE,2006,False,,,,dvd_rental
574,MIDNIGHT WESTWARD,2006,True,926720.0,/qpmzYWmCMhHYFDiyV9S4gw8cUy7.jpg,0574_MIDNIGHT_WESTWARD.jpg,dvd_rental
575,MIDSUMMER GROUNDHOG,2006,True,137.0,/j8ZRAOctUiw7YzrQGuyCRIAJPIW.jpg,0575_MIDSUMMER_GROUNDHOG.jpg,dvd_rental
576,MIGHTY LUCK,2006,True,585511.0,/bwlHp4KsAyuEIAtbYs4mxCkrgyx.jpg,0576_MIGHTY_LUCK.jpg,dvd_rental
577,MILE MULAN,2006,True,10674.0,/towmTJ0k29quKI9IDnOZKAAtQx.jpg,0577_MILE_MULAN.jpg,dvd_rental
578,MILLION ACE,2006,True,3049.0,/zByKfhPuFUEymc0uzHGdIfO7dx5.jpg,0578_MILLION_ACE.jpg,dvd_rental
579,MINDS TRUMAN,2006,True,37165.0,/4BGVZSwv5n0hMIAWwiSjMFDQ63K.jpg,0579_MINDS_TRUMAN.jpg,dvd_rental
580,MINE TITANS,2006,True,10637.0,/fh9fyi0pEpsY1vli8b0myyqRuJ2.jpg,0580_MINE_TITANS.jpg,dvd_rental
581,MINORITY KISS,2006,True,1214684.0,/7qUFsdC96mJ6e55uYKsQOokXvAU.jpg,0581_MINORITY_KISS.jpg,dvd_rental
582,MIRACLE VIRTUAL,2006,True,83288.0,/iIHr2HXujKsCpW541fEO0OtaZFR.jpg,0582_MIRACLE_VIRTUAL.jpg,dvd_rental
583,MISSION ZOOLANDER,2006,True,9398.0,/pOtJyjyCjhOcfBnQG8vIZ6Q2y2A.jpg,0583_MISSION_ZOOLANDER.jpg,dvd_rental
584,MIXED DOORS,2006,True,1495815.0,/cB3CEzB92CzYQnWpNe8oDoDOoJe.jpg,0584_MIXED_DOORS.jpg,dvd_rental
585,MOB DUFFEL,2006,False,,,,dvd_rental
586,MOCKINGBIRD HOLLYWOOD,2006,True,466272.0,/vKSyaptSA7zZ9H8mSfaDnvyQl9k.jpg,0586_MOCKINGBIRD_HOLLYWOOD.jpg,dvd_rental
587,MOD SECRETARY,2006,True,11013.0,/zCL29rCrHlTbiNjzY1f9tiAHJtF.jpg,0587_MOD_SECRETARY.jpg,dvd_rental
588,MODEL FISH,2006,True,587.0,/m4gYCeV4GfGDw4PpMgU9kFIaNxP.jpg,0588_MODEL_FISH.jpg,dvd_rental
589,MODERN DORADO,2006,True,6644.0,/gCA1Zb1Kw1Zo6wSodCIlZPVfwpo.jpg,0589_MODERN_DORADO.jpg,dvd_rental
590,MONEY HAROLD,2006,True,13578.0,/iGM5plNRXY6ORJVK1ovf2sALNlx.jpg,0590_MONEY_HAROLD.jpg,dvd_rental
591,MONSOON CAUSE,2006,True,9061.0,/y6ABtrQIf3cxCAGbquP9JJfWtT9.jpg,0591_MONSOON_CAUSE.jpg,dvd_rental
592,MONSTER SPARTACUS,2006,True,967.0,/azXoEA108BvWjeKxIW9tfYlxY2I.jpg,0592_MONSTER_SPARTACUS.jpg,dvd_rental
593,MONTEREY LABYRINTH,2006,True,13597.0,/AhRH7qhyRWGOfr88UKLfSUEm7A0.jpg,0593_MONTEREY_LABYRINTH.jpg,dvd_rental
594,MONTEZUMA COMMAND,2006,True,384798.0,/hwWy9XmQw4QcDyNocWW8Mi0E0fs.jpg,0594_MONTEZUMA_COMMAND.jpg,dvd_rental
595,MOON BUNCH,2006,True,576.0,/8RLSKxIbW10kFKJirxVYDwwmDAl.jpg,0595_MOON_BUNCH.jpg,dvd_rental
596,MOONSHINE CABIN,2006,True,22970.0,/40Sjxp3rXLC3UV2Wbgxxu4HwMJK.jpg,0596_MOONSHINE_CABIN.jpg,dvd_rental
597,MOONWALKER FOOL,2006,True,37410.0,/1Uun13GJi5U0gs303e7BnER6SpG.jpg,0597_MOONWALKER_FOOL.jpg,dvd_rental
598,MOSQUITO ARMAGEDDON,2006,True,95.0,/yYtlk1E28L1kQG6VcazkHhv29Ur.jpg,0598_MOSQUITO_ARMAGEDDON.jpg,dvd_rental
599,MOTHER OLEANDER,2006,True,10994.0,/aYWDJpfuXI5B1veYRgp6emrDbA5.jpg,0599_MOTHER_OLEANDER.jpg,dvd_rental
600,MOTIONS DETAILS,2006,False,,,,dvd_rental
601,MOULIN WAKE,2006,True,37665.0,/4QgPZpf8GIJOqzCqvIGvNyZxEU2.jpg,0601_MOULIN_WAKE.jpg,dvd_rental
602,MOURNING PURPLE,2006,True,762975.0,/ndp4yIfg04i3raprDJ0UKWD8IK9.jpg,0602_MOURNING_PURPLE.jpg,dvd_rental
603,MOVIE SHAKESPEARE,2006,True,1934.0,/uLfSzGBT218PQXLWH8L0Q4IclxG.jpg,0603_MOVIE_SHAKESPEARE.jpg,dvd_rental
604,MULAN MOON,2006,True,17431.0,/y90zRKir3o4UwlRRocNP7G8eTbC.jpg,0604_MULAN_MOON.jpg,dvd_rental
605,MULHOLLAND BEAST,2006,True,1292415.0,/3S32pzyZMoOJ3ADrnT2GbV4tiX4.jpg,0605_MULHOLLAND_BEAST.jpg,dvd_rental
606,MUMMY CREATURES,2006,True,1330021.0,/afCyi1YlcSq2BH14UJmFbqzzJ65.jpg,0606_MUMMY_CREATURES.jpg,dvd_rental
607,MUPPET MILE,2006,True,497.0,/aBQiJRxGRrX0mXFMjxyzWYFtEnf.jpg,0607_MUPPET_MILE.jpg,dvd_rental
608,MURDER ANTITRUST,2006,True,9989.0,/zqGqZsOfY40ZnyzPPQq1jEVSTNf.jpg,0608_MURDER_ANTITRUST.jpg,dvd_rental
609,MUSCLE BRIGHT,2006,True,1330021.0,/afCyi1YlcSq2BH14UJmFbqzzJ65.jpg,0609_MUSCLE_BRIGHT.jpg,dvd_rental
610,MUSIC BOONDOCK,2006,True,8374.0,/jtJTwBMxMFnUDMMHqyt69Tx0aw6.jpg,0610_MUSIC_BOONDOCK.jpg,dvd_rental
611,MUSKETEERS WAIT,2006,True,11206.0,/oor6lU8mPHVN3ZyYwSKzvBTnmUt.jpg,0611_MUSKETEERS_WAIT.jpg,dvd_rental
612,MUSSOLINI SPOILERS,2006,True,124711.0,/6TXgf8WHpcf4izcWxqMHRiLoMS6.jpg,0612_MUSSOLINI_SPOILERS.jpg,dvd_rental
613,MYSTIC TRUMAN,2006,True,37165.0,/4BGVZSwv5n0hMIAWwiSjMFDQ63K.jpg,0613_MYSTIC_TRUMAN.jpg,dvd_rental
614,NAME DETECTIVE,2006,True,32620.0,/7YxlTtZ6fnfG0ZTwj7mKnTzadAN.jpg,0614_NAME_DETECTIVE.jpg,dvd_rental
615,NASH CHOCOLAT,2006,True,392.0,/yxaZCSXfUlkBY8WVYoeWeE8nvej.jpg,0615_NASH_CHOCOLAT.jpg,dvd_rental
616,NATIONAL STORY,2006,True,830286.0,/gND46t0xdI5ldCErDzslgORcawZ.jpg,0616_NATIONAL_STORY.jpg,dvd_rental
617,NATURAL STOCK,2006,True,100.0,/prewFR5HkUNpU1tNGUBPMal20rI.jpg,0617_NATURAL_STOCK.jpg,dvd_rental
618,NECKLACE OUTBREAK,2006,True,6950.0,/yxe9MSuSjXDH676Al1Sg6JEzejq.jpg,0618_NECKLACE_OUTBREAK.jpg,dvd_rental
619,NEIGHBORS CHARADE,2006,True,4808.0,/lttpLnsThCunHUHIl86FWBo5aNM.jpg,0619_NEIGHBORS_CHARADE.jpg,dvd_rental
620,NEMO CAMPUS,2006,True,359779.0,/3FIDBVHVDuuKwWe3goOPdxhfxwc.jpg,0620_NEMO_CAMPUS.jpg,dvd_rental
621,NETWORK PEAK,2006,True,201085.0,/5SbIDk0Gkyr0y22ZtydVq9Px423.jpg,0621_NETWORK_PEAK.jpg,dvd_rental
622,NEWSIES STORY,2006,True,862.0,/jvn7wy3RSNEXnFSXLpH2of2LcV6.jpg,0622_NEWSIES_STORY.jpg,dvd_rental
623,NEWTON LABYRINTH,2006,True,13597.0,/AhRH7qhyRWGOfr88UKLfSUEm7A0.jpg,0623_NEWTON_LABYRINTH.jpg,dvd_rental
624,NIGHTMARE CHILL,2006,True,1193353.0,/o0VNyGoHqXQvKsSgiAOcUXefFuq.jpg,0624_NIGHTMARE_CHILL.jpg,dvd_rental
625,NONE SPIKING,2006,True,1352557.0,/2cPmZymmCqSo4bLYGiYQm4Pirwi.jpg,0625_NONE_SPIKING.jpg,dvd_rental
626,NOON PAPI,2006,True,24621.0,/7nljGY0WATlvzXyEu0h8TIRw8d1.jpg,0626_NOON_PAPI.jpg,dvd_rental
627,NORTH TEQUILA,2006,False,,,,dvd_rental
628,NORTHWEST POLISH,2006,True,268761.0,/13IHTujjlNUY2TOhxDe6qMJgUZJ.jpg,0628_NORTHWEST_POLISH.jpg,dvd_rental
629,NOTORIOUS REUNION,2006,True,71552.0,/prurn3HioMykwlFMZdfvJ88iPlM.jpg,0629_NOTORIOUS_REUNION.jpg,dvd_rental
630,NOTTING SPEAKEASY,2006,True,89879.0,/fFZweTGdtvBM3z2mPeQTNQQGdyv.jpg,0630_NOTTING_SPEAKEASY.jpg,dvd_rental
631,NOVOCAINE FLIGHT,2006,True,87502.0,/cyjYllErGNrju2nwgt7D0XdpYC0.jpg,0631_NOVOCAINE_FLIGHT.jpg,dvd_rental
632,NUTS TIES,2006,True,190955.0,/5vYbz1WZei7hGkAlF5T0xqZ76jc.jpg,0632_NUTS_TIES.jpg,dvd_rental
633,OCTOBER SUBMARINE,2006,True,49020.0,/hZzj3MNUFbzy7WGLCzc3txp4BMX.jpg,0633_OCTOBER_SUBMARINE.jpg,dvd_rental
634,ODDS BOOGIE,2006,True,4995.0,/njDsPPXygxLluTcWrRKtePKIWk.jpg,0634_ODDS_BOOGIE.jpg,dvd_rental
635,OKLAHOMA JUMANJI,2006,True,8844.0,/m67M2wXLKblJLuJlvF7qaGrGfCa.jpg,0635_OKLAHOMA_JUMANJI.jpg,dvd_rental
636,OLEANDER CLUE,2006,True,15196.0,/vhrmZCkFkg2rtn7laiFzqwyVxky.jpg,0636_OLEANDER_CLUE.jpg,dvd_rental
637,OPEN AFRICAN,2006,True,57586.0,/oqnJnHow4YxztJQz5Ws1TD7hlNa.jpg,0637_OPEN_AFRICAN.jpg,dvd_rental
638,OPERATION OPERATION,2006,True,315614.0,/yPrqQF6v4dPBI0cxPrLbfw7E8PI.jpg,0638_OPERATION_OPERATION.jpg,dvd_rental
639,OPPOSITE NECKLACE,2006,True,1357766.0,/lpXJeViMrZxxzEVylgzeAMnNI1a.jpg,0639_OPPOSITE_NECKLACE.jpg,dvd_rental
640,OPUS ICE,2006,True,425.0,/9rpdhn7p7mDZW2rUXsINf9c6sR5.jpg,0640_OPUS_ICE.jpg,dvd_rental
641,ORANGE GRAPES,2006,True,1518264.0,/ov2qbZqKlmjPldIf5flcbxQfi1E.jpg,0641_ORANGE_GRAPES.jpg,dvd_rental
642,ORDER BETRAYED,2006,True,31618.0,/et7Is4beDsNypbvraNTgn2ItT6e.jpg,0642_ORDER_BETRAYED.jpg,dvd_rental
643,ORIENT CLOSER,2006,True,2288.0,/4Sqs6uA6nitoMDTQs9lZE22ln2v.jpg,0643_ORIENT_CLOSER.jpg,dvd_rental
644,OSCAR GOLD,2006,True,1546519.0,/3Gwyoc1dPOdB2KmwCXJn2v0ikrO.jpg,0644_OSCAR_GOLD.jpg,dvd_rental
645,OTHERS SOUP,2006,True,3063.0,/7LPGjvmMZkzaSey0KfOZ40ESzd2.jpg,0645_OTHERS_SOUP.jpg,dvd_rental
646,OUTBREAK DIVINE,2006,True,374195.0,/g3HJOAjkAIoCcKRE3glxlWpHS2J.jpg,0646_OUTBREAK_DIVINE.jpg,dvd_rental
647,OUTFIELD MASSACRE,2006,True,1353333.0,/bxLGiMdQRuwXBBhJJHyHOvvSgb0.jpg,0647_OUTFIELD_MASSACRE.jpg,dvd_rental
648,OUTLAW HANKY,2006,True,25001.0,/3SRPwBFCecBVeMqfSxy46jsBL44.jpg,0648_OUTLAW_HANKY.jpg,dvd_rental
649,OZ LIAISONS,2006,False,,,,dvd_rental
650,PACIFIC AMISTAD,2006,True,11831.0,/hyhSIOm0A99BLKf215CyxzAk3ZD.jpg,0650_PACIFIC_AMISTAD.jpg,dvd_rental
651,PACKER MADIGAN,2006,True,4931.0,/oB0HyLZt31gTSrTKdldtaevOw3I.jpg,0651_PACKER_MADIGAN.jpg,dvd_rental
652,PAJAMA JAWBREAKER,2006,True,18892.0,/yUdkn57AcZJCBiO74D9xQYq99Bm.jpg,0652_PAJAMA_JAWBREAKER.jpg,dvd_rental
653,PANIC CLUB,2006,True,372891.0,/sypGy2y3KeEonglVlUUszpa54i1.jpg,0653_PANIC_CLUB.jpg,dvd_rental
654,PANKY SUBMARINE,2006,True,49020.0,/hZzj3MNUFbzy7WGLCzc3txp4BMX.jpg,0654_PANKY_SUBMARINE.jpg,dvd_rental
655,PANTHER REDS,2006,True,18254.0,/kZsJWIKnvqsRkk9kDuj3nKVFmnx.jpg,0655_PANTHER_REDS.jpg,dvd_rental
656,PAPI NECKLACE,2006,True,1357766.0,/lpXJeViMrZxxzEVylgzeAMnNI1a.jpg,0656_PAPI_NECKLACE.jpg,dvd_rental
657,PARADISE SABRINA,2006,True,11860.0,/pKxuFbkT0QMbY7yAQjFXcexhqsI.jpg,0657_PARADISE_SABRINA.jpg,dvd_rental
658,PARIS WEEKEND,2006,True,133181.0,/jEHBCtjksxQKd3xEY7cKgrvNKrc.jpg,0658_PARIS_WEEKEND.jpg,dvd_rental
659,PARK CITIZEN,2006,True,1232868.0,/ffM3E0ipzZEFkdii7T23BZ5rya4.jpg,0659_PARK_CITIZEN.jpg,dvd_rental
660,PARTY KNOCK,2006,True,263472.0,/hRDVNV7einjCZHGQJ3j6Mqcjdaa.jpg,0660_PARTY_KNOCK.jpg,dvd_rental
661,PAST SUICIDES,2006,True,1443.0,/bxxLf6waF2nKDQEoXuIhuGJTSP4.jpg,0661_PAST_SUICIDES.jpg,dvd_rental
662,PATHS CONTROL,2006,True,9636.0,/bhyHkbCwq4IbATninLIWmIRHOvG.jpg,0662_PATHS_CONTROL.jpg,dvd_rental
663,PATIENT SISTER,2006,True,375846.0,/jKrIlgfJPIWNeowaOZPBZuOPmq0.jpg,0663_PATIENT_SISTER.jpg,dvd_rental
664,PATRIOT ROMAN,2006,True,804.0,/1YGhKpQpojziGyv4XE1hzo2jKtN.jpg,0664_PATRIOT_ROMAN.jpg,dvd_rental
665,PATTON INTERVIEW,2006,True,228967.0,/kHM4MI4pLIhpxLXnbP874yGJbUq.jpg,0665_PATTON_INTERVIEW.jpg,dvd_rental
666,PAYCHECK WAIT,2006,True,11206.0,/oor6lU8mPHVN3ZyYwSKzvBTnmUt.jpg,0666_PAYCHECK_WAIT.jpg,dvd_rental
667,PEACH INNOCENT,2006,True,570508.0,/1Shu8avuRUYEX3WGc35UXDga37K.jpg,0667_PEACH_INNOCENT.jpg,dvd_rental
668,PEAK FOREVER,2006,True,934518.0,/ct83PyCupvXGegJt1Vo9a2wdX2T.jpg,0668_PEAK_FOREVER.jpg,dvd_rental
669,PEARL DESTINY,2006,True,335977.0,/3Sj5ubQ0BLXd6JuECq52Ira8Oor.jpg,0669_PEARL_DESTINY.jpg,dvd_rental
670,PELICAN COMFORTS,2006,True,94073.0,/1KXGjP303tzMhVubSSYhjPYOq4U.jpg,0670_PELICAN_COMFORTS.jpg,dvd_rental
671,PERDITION FARGO,2006,True,275.0,/e25EHAVCA16rnbeAYl8qrSrc942.jpg,0671_PERDITION_FARGO.jpg,dvd_rental
672,PERFECT GROOVE,2006,True,11688.0,/X9jChoAotaGU81lEraUVi8RHOe.jpg,0672_PERFECT_GROOVE.jpg,dvd_rental
673,PERSONAL LADYBUGS,2006,True,19087.0,/gC0DmdJu7rHaqYjyXeo8GLLJ2Oa.jpg,0673_PERSONAL_LADYBUGS.jpg,dvd_rental
674,PET HAUNTING,2006,True,11618.0,/gdj2KH0DQ9CQictX6hIUN79kGmF.jpg,0674_PET_HAUNTING.jpg,dvd_rental
675,PHANTOM GLORY,2006,True,9665.0,/f2sKUHfBLTCUuGogGKUR7zqlk7D.jpg,0675_PHANTOM_GLORY.jpg,dvd_rental
676,PHILADELPHIA WIFE,2006,True,121002.0,/zARxDzopjgl4hzzpbToTmmjEZWB.jpg,0676_PHILADELPHIA_WIFE.jpg,dvd_rental
677,PIANIST OUTFIELD,2006,True,24795.0,/xaePFxrxeBI1rHS1TnZf5N4s5c.jpg,0677_PIANIST_OUTFIELD.jpg,dvd_rental
678,PICKUP DRIVING,2006,True,11404.0,/eKtnF5txfozOorKFTcfRyMIB3NJ.jpg,0678_PICKUP_DRIVING.jpg,dvd_rental
679,PILOT HOOSIERS,2006,True,5693.0,/eExG5qNAMdrbUD8tByWB25cr8wl.jpg,0679_PILOT_HOOSIERS.jpg,dvd_rental
680,PINOCCHIO SIMON,2006,True,449176.0,/eQGCjxKFdSHBekdSc4BGK1V2VZ6.jpg,0680_PINOCCHIO_SIMON.jpg,dvd_rental
681,PIRATES ROXANNE,2006,True,11584.0,/c2XSGkpAIIof6Oi8Sr6wBvwt1Lk.jpg,0681_PIRATES_ROXANNE.jpg,dvd_rental
682,PITTSBURGH HUNCHBACK,2006,True,10545.0,/pvnmJckCNgzEbuE5sHXX3tDRQox.jpg,0682_PITTSBURGH_HUNCHBACK.jpg,dvd_rental
683,PITY BOUND,2006,True,9303.0,/HIKFcqvKJWnyXPxnnATeqLurBd.jpg,0683_PITY_BOUND.jpg,dvd_rental
684,PIZZA JUMANJI,2006,True,8844.0,/m67M2wXLKblJLuJlvF7qaGrGfCa.jpg,0684_PIZZA_JUMANJI.jpg,dvd_rental
685,PLATOON INSTINCT,2006,True,402.0,/7iUhPh6B5C4T1osYDzoUchjb3i4.jpg,0685_PLATOON_INSTINCT.jpg,dvd_rental
686,PLUTO OLEANDER,2006,True,10994.0,/aYWDJpfuXI5B1veYRgp6emrDbA5.jpg,0686_PLUTO_OLEANDER.jpg,dvd_rental
687,POCUS PULP,2006,True,680.0,/hNcQAuquJxTxl2fJFs1R42DrWcf.jpg,0687_POCUS_PULP.jpg,dvd_rental
688,POLISH BROOKLYN,2006,True,167073.0,/1I8PTNKB4ycreZ5Pgg2a0poSYU3.jpg,0688_POLISH_BROOKLYN.jpg,dvd_rental
689,POLLOCK DELIVERANCE,2006,True,10669.0,/e1bVo5ehfvRDBh4IulHzmVXfVCh.jpg,0689_POLLOCK_DELIVERANCE.jpg,dvd_rental
690,POND SEATTLE,2006,True,858.0,/1buV1tX56kIqRo6FomnmoMIPbj1.jpg,0690_POND_SEATTLE.jpg,dvd_rental
691,POSEIDON FOREVER,2006,True,755679.0,/xaRzhQZ3zK5lN6vEetG8PD17KPF.jpg,0691_POSEIDON_FOREVER.jpg,dvd_rental
692,POTLUCK MIXED,2006,True,24070.0,/1q3puTH4FcoSBafsnPGGChBg2sO.jpg,0692_POTLUCK_MIXED.jpg,dvd_rental
693,POTTER CONNECTICUT,2006,True,18781.0,/2dbMuIhjCyy3ElL2xQZPyQY5FXO.jpg,0693_POTTER_CONNECTICUT.jpg,dvd_rental
694,PREJUDICE OLEANDER,2006,True,10994.0,/aYWDJpfuXI5B1veYRgp6emrDbA5.jpg,0694_PREJUDICE_OLEANDER.jpg,dvd_rental
695,PRESIDENT BANG,2006,True,41338.0,/2QSFnzx0dEwzV9GmVRdQMTKBTPb.jpg,0695_PRESIDENT_BANG.jpg,dvd_rental
696,PRIDE ALAMO,2006,True,11209.0,/tnJ4FOrqRwYzilWDEwdYbhyvUfh.jpg,0696_PRIDE_ALAMO.jpg,dvd_rental
697,PRIMARY GLASS,2006,True,450465.0,/fti914gSqtKKTegCXV3zrMcWPIe.jpg,0697_PRIMARY_GLASS.jpg,dvd_rental
698,PRINCESS GIANT,2006,True,1277280.0,/rqRnrNZqjxeD9y6026qO8bVKFRB.jpg,0698_PRINCESS_GIANT.jpg,dvd_rental
699,PRIVATE DROP,2006,True,1249213.0,/5e2DJg3ZmplFdDoJ05EeXyEi1Hr.jpg,0699_PRIVATE_DROP.jpg,dvd_rental
700,PRIX UNDEFEATED,2006,True,63844.0,/reEyA5PXezT8SlW5pK9uX0caa0R.jpg,0700_PRIX_UNDEFEATED.jpg,dvd_rental
701,PSYCHO SHRUNK,2006,True,9354.0,/7Iqb3NQIm3DCMa4dOeuMQYeLHdF.jpg,0701_PSYCHO_SHRUNK.jpg,dvd_rental
702,PULP BEVERLY,2006,True,90.0,/q8RtQuLStydGdJmHR4p8jNVssbv.jpg,0702_PULP_BEVERLY.jpg,dvd_rental
703,PUNK DIVORCE,2006,True,9499.0,/rXU3IzCFhPpUpwf0e3e3xwckbtG.jpg,0703_PUNK_DIVORCE.jpg,dvd_rental
704,PURE RUNNER,2006,True,78.0,/pBA2J6iQMiP5Zd4ewMKdOWfq1HV.jpg,0704_PURE_RUNNER.jpg,dvd_rental
705,PURPLE MOVIE,2006,True,1226863.0,/79EVB4qhyfrdlMgT8GIRAikdzsQ.jpg,0705_PURPLE_MOVIE.jpg,dvd_rental
706,QUEEN LUKE,2006,True,903.0,/pFMISXcKgTS27ZYgM5tIGIpzPJo.jpg,0706_QUEEN_LUKE.jpg,dvd_rental
707,QUEST MUSSOLINI,2006,True,10368.0,/i3rAPxhhDjqsL1rZJM57pyR7xFW.jpg,0707_QUEST_MUSSOLINI.jpg,dvd_rental
708,QUILLS BULL,2006,True,821792.0,/wWDttpdPe0fNA1l6fzbiyy8cBQK.jpg,0708_QUILLS_BULL.jpg,dvd_rental
709,RACER EGG,2006,True,379461.0,/joCCcML39FKH5JRygRoOHJUXog4.jpg,0709_RACER_EGG.jpg,dvd_rental
710,RAGE GAMES,2006,True,70160.0,/qSEn7KsGchT7qB08HlviyeTPrEr.jpg,0710_RAGE_GAMES.jpg,dvd_rental
711,RAGING AIRPLANE,2006,True,813.0,/5ZT6eyz8U3ZeefZh8CqqlOAv2VY.jpg,0711_RAGING_AIRPLANE.jpg,dvd_rental
712,RAIDERS ANTITRUST,2006,True,9989.0,/zqGqZsOfY40ZnyzPPQq1jEVSTNf.jpg,0712_RAIDERS_ANTITRUST.jpg,dvd_rental
713,RAINBOW SHOCK,2006,True,26558.0,/oCGUSrJVVjFPwkxcdVnOa7880S.jpg,0713_RAINBOW_SHOCK.jpg,dvd_rental
714,RANDOM GO,2006,False,,,,dvd_rental
715,RANGE MOONWALKER,2006,True,13192.0,/3GwTPQkAcgDeAirRpEuJG8HDdRz.jpg,0715_RANGE_MOONWALKER.jpg,dvd_rental
716,REAP UNFAITHFUL,2006,True,2251.0,/9UeN5JUCvJU3SuA4a9CrCVzgTr2.jpg,0716_REAP_UNFAITHFUL.jpg,dvd_rental
717,REAR TRADING,2006,True,1621.0,/bwmqcucVleqUTKUKw7K3hlvUGKC.jpg,0717_REAR_TRADING.jpg,dvd_rental
718,REBEL AIRPORT,2006,True,7227.0,/rrChB8wOXCNbOX9HHFP1oha4fbf.jpg,0718_REBEL_AIRPORT.jpg,dvd_rental
719,RECORDS ZORRO,2006,True,18450.0,/3fZDMzvMFKlDcpSi3m6DjM5sPKq.jpg,0719_RECORDS_ZORRO.jpg,dvd_rental
720,REDEMPTION COMFORTS,2006,True,94073.0,/1KXGjP303tzMhVubSSYhjPYOq4U.jpg,0720_REDEMPTION_COMFORTS.jpg,dvd_rental
721,REDS POCUS,2006,True,10439.0,/hnRo1RB791GbpERgV7cnM2sek2V.jpg,0721_REDS_POCUS.jpg,dvd_rental
722,REEF SALUTE,2006,True,131362.0,/4dDvEGu8SK0b5gmZqfbDZd5sI1Q.jpg,0722_REEF_SALUTE.jpg,dvd_rental
723,REIGN GENTLEMEN,2006,True,522627.0,/nC27YUVYDF2J1GEB9IIqmh3jIvc.jpg,0723_REIGN_GENTLEMEN.jpg,dvd_rental
724,REMEMBER DIARY,2006,True,270210.0,/to1KwiUByKIIwqI5qMsjYS3gHrX.jpg,0724_REMEMBER_DIARY.jpg,dvd_rental
725,REQUIEM TYCOON,2006,True,56930.0,/cX4pKQdEdEr5CnYRXuwakClX8WM.jpg,0725_REQUIEM_TYCOON.jpg,dvd_rental
726,RESERVOIR ADAPTATION,2006,True,2757.0,/d4DUAAHul6TKHRkXnj59Cy1WYnp.jpg,0726_RESERVOIR_ADAPTATION.jpg,dvd_rental
727,RESURRECTION SILVERADO,2006,True,11509.0,/bgRpDloYQgD2cPcVzcHJpqvfUZL.jpg,0727_RESURRECTION_SILVERADO.jpg,dvd_rental
728,REUNION WITCHES,2006,True,10166.0,/ptNCuitioUVcJz6RhYMuk5HBWX8.jpg,0728_REUNION_WITCHES.jpg,dvd_rental
729,RIDER CADDYSHACK,2006,True,11977.0,/k63H8ThR663EVCB1cIbxHlYgvA9.jpg,0729_RIDER_CADDYSHACK.jpg,dvd_rental
730,RIDGEMONT SUBMARINE,2006,True,49020.0,/hZzj3MNUFbzy7WGLCzc3txp4BMX.jpg,0730_RIDGEMONT_SUBMARINE.jpg,dvd_rental
731,RIGHT CRANES,2006,False,,,,dvd_rental
732,RINGS HEARTBREAKERS,2006,True,10833.0,/2ROhZDtUYMBEo4woauYESMJ5Fi8.jpg,0732_RINGS_HEARTBREAKERS.jpg,dvd_rental
733,RIVER OUTLAW,2006,True,584061.0,/4yI1S9ftHujjbSQHDVS38pc9vY6.jpg,0733_RIVER_OUTLAW.jpg,dvd_rental
734,ROAD ROXANNE,2006,True,11584.0,/c2XSGkpAIIof6Oi8Sr6wBvwt1Lk.jpg,0734_ROAD_ROXANNE.jpg,dvd_rental
735,ROBBERS JOON,2006,True,4104.0,/ddQPEl97zfJby4Mm9QEKF4sB2L4.jpg,0735_ROBBERS_JOON.jpg,dvd_rental
736,ROBBERY BRIGHT,2006,True,1330021.0,/afCyi1YlcSq2BH14UJmFbqzzJ65.jpg,0736_ROBBERY_BRIGHT.jpg,dvd_rental
737,ROCK INSTINCT,2006,True,402.0,/7iUhPh6B5C4T1osYDzoUchjb3i4.jpg,0737_ROCK_INSTINCT.jpg,dvd_rental
738,ROCKETEER MOTHER,2006,True,1102883.0,/qMgUI6pxkPtIuoXX4DcJ6X7bdt2.jpg,0738_ROCKETEER_MOTHER.jpg,dvd_rental
739,ROCKY WAR,2006,True,377448.0,/56KEpnJWe5KvpiPu5XmK14L7Wyr.jpg,0739_ROCKY_WAR.jpg,dvd_rental
740,ROLLERCOASTER BRINGING,2006,True,8649.0,/eUyyAH3BNHPvPzzMB9007FLjGxA.jpg,0740_ROLLERCOASTER_BRINGING.jpg,dvd_rental
741,ROMAN PUNK,2006,True,130733.0,/1HAR6oZpB62OXJ2VI8P5bzKekke.jpg,0741_ROMAN_PUNK.jpg,dvd_rental
742,ROOF CHAMPION,2006,True,520358.0,/9vNE5ju5tsMhuvRU2PEvnNSrc9Q.jpg,0742_ROOF_CHAMPION.jpg,dvd_rental
743,ROOM ROMAN,2006,False,,,,dvd_rental
744,ROOTS REMEMBER,2006,True,1638123.0,/5QZum1WUTGz9y1AuL4w5gxODAvl.jpg,0744_ROOTS_REMEMBER.jpg,dvd_rental
745,ROSES TREASURE,2006,True,2059.0,/2c0gn21jGROhZEvdrraXV35mAKd.jpg,0745_ROSES_TREASURE.jpg,dvd_rental
746,ROUGE SQUAD,2006,True,436969.0,/fPJWlhXA2VXf4MlQ3JenVsz1iba.jpg,0746_ROUGE_SQUAD.jpg,dvd_rental
747,ROXANNE REBEL,2006,True,646097.0,/lH3uawGaDUEV6oJNc5No4n8IQPA.jpg,0747_ROXANNE_REBEL.jpg,dvd_rental
748,RUGRATS SHAKESPEARE,2006,True,1934.0,/uLfSzGBT218PQXLWH8L0Q4IclxG.jpg,0748_RUGRATS_SHAKESPEARE.jpg,dvd_rental
749,RULES HUMAN,2006,False,,,,dvd_rental
750,RUN PACIFIC,2006,False,,,,dvd_rental
751,RUNAWAY TENENBAUMS,2006,True,9428.0,/zLJ76qtAQXbYTceBYwTAPu0e12P.jpg,0751_RUNAWAY_TENENBAUMS.jpg,dvd_rental
752,RUNNER MADIGAN,2006,True,4931.0,/oB0HyLZt31gTSrTKdldtaevOw3I.jpg,0752_RUNNER_MADIGAN.jpg,dvd_rental
753,RUSH GOODFELLAS,2006,True,769.0,/3Yy0zBO9AlyAZH1cTI8Ko2ouCi.jpg,0753_RUSH_GOODFELLAS.jpg,dvd_rental
754,RUSHMORE MERMAID,2006,True,1422120.0,/ndGA7b7b81a32HQCAVRZ5RWyfJ1.jpg,0754_RUSHMORE_MERMAID.jpg,dvd_rental
755,SABRINA MIDNIGHT,2006,True,137051.0,/czam6wq46B9UCZvq85vicElckFq.jpg,0755_SABRINA_MIDNIGHT.jpg,dvd_rental
756,SADDLE ANTITRUST,2006,True,9989.0,/zqGqZsOfY40ZnyzPPQq1jEVSTNf.jpg,0756_SADDLE_ANTITRUST.jpg,dvd_rental
757,SAGEBRUSH CLUELESS,2006,True,9603.0,/2VDuwNrVXuD3UTlFDUXBx51E5tL.jpg,0757_SAGEBRUSH_CLUELESS.jpg,dvd_rental
758,SAINTS BRIDE,2006,True,1159831.0,/4xC5IfnCekweHkTFjqQsMOC1gca.jpg,0758_SAINTS_BRIDE.jpg,dvd_rental
759,SALUTE APOLLO,2006,True,538196.0,/sOKcUs0IYC00qDDiuvqo4YRWamb.jpg,0759_SALUTE_APOLLO.jpg,dvd_rental
760,SAMURAI LION,2006,True,82979.0,/aueNiZdjFa21awDyIlqcLCk7Brt.jpg,0760_SAMURAI_LION.jpg,dvd_rental
761,SANTA PARIS,2006,True,655.0,/ba8edzVOul1uDHaLgDImALqhsN1.jpg,0761_SANTA_PARIS.jpg,dvd_rental
762,SASSY PACKER,2006,True,449357.0,/gBRcJMAAwBdb2S4dJrhP0sKO8hz.jpg,0762_SASSY_PACKER.jpg,dvd_rental
763,SATISFACTION CONFIDENTIAL,2006,True,9786.0,/eV6UL22Zlpsq5XybUupWh0rBOp0.jpg,0763_SATISFACTION_CONFIDENTIAL.jpg,dvd_rental
764,SATURDAY LAMBS,2006,True,274.0,/8FdQQ3cUCs9goEOr1qUFaHackoJ.jpg,0764_SATURDAY_LAMBS.jpg,dvd_rental
765,SATURN NAME,2006,True,372058.0,/iaiy3tg9QVkDpObm1IGqmbC9A5C.jpg,0765_SATURN_NAME.jpg,dvd_rental
766,SAVANNAH TOWN,2006,True,23168.0,/4VLzLzGr78AOnAUPv6iCcMNoFDB.jpg,0766_SAVANNAH_TOWN.jpg,dvd_rental
767,SCALAWAG DUCK,2006,True,76716.0,/bblkH2l6PG12x7lz7jMCMguDKSj.jpg,0767_SCALAWAG_DUCK.jpg,dvd_rental
768,SCARFACE BANG,2006,True,50727.0,/QsXaA6s0TTM8TP28Jx4QXgaY1I.jpg,0768_SCARFACE_BANG.jpg,dvd_rental
769,SCHOOL JACKET,2006,True,9667.0,/eD7vYfV8IWlw5klRqK9Xg3KP5ic.jpg,0769_SCHOOL_JACKET.jpg,dvd_rental
770,SCISSORHANDS SLUMS,2006,True,14662.0,/c1MSTREJupY94EbOnxmYHSjLkkD.jpg,0770_SCISSORHANDS_SLUMS.jpg,dvd_rental
788,SHIP WONDERLAND,2006,True,12155.0,/sqOyCSgzLglxcR2y1boewr5Qufn.jpg,0788_SHIP_WONDERLAND.jpg,dvd_rental
771,SCORPION APOLLO,2006,True,568.0,/h6RBssorNWZQYZN5M4ys9V6Uy0I.jpg,0771_SCORPION_APOLLO.jpg,dvd_rental
772,SEA VIRGIN,2006,True,14324.0,/1gzfvNTdvOXHiDyScVX9cpABw0u.jpg,0772_SEA_VIRGIN.jpg,dvd_rental
773,SEABISCUIT PUNK,2006,True,130733.0,/1HAR6oZpB62OXJ2VI8P5bzKekke.jpg,0773_SEABISCUIT_PUNK.jpg,dvd_rental
774,SEARCHERS WAIT,2006,True,11206.0,/oor6lU8mPHVN3ZyYwSKzvBTnmUt.jpg,0774_SEARCHERS_WAIT.jpg,dvd_rental
775,SEATTLE EXPECATIONS,2006,True,858.0,/1buV1tX56kIqRo6FomnmoMIPbj1.jpg,0775_SEATTLE_EXPECATIONS.jpg,dvd_rental
776,SECRET GROUNDHOG,2006,True,1215532.0,/tTkWVM2kLyBvwvKrZqTrZufaQdI.jpg,0776_SECRET_GROUNDHOG.jpg,dvd_rental
777,SECRETARY ROUGE,2006,True,824.0,/hE7ovWkqKzPmgrXZhLRIA20Hx6F.jpg,0777_SECRETARY_ROUGE.jpg,dvd_rental
778,SECRETS PARADISE,2006,False,,,,dvd_rental
779,SENSE GREEK,2006,True,32823.0,/2pI3EsXCgERBrirQxpmJJeklRBl.jpg,0779_SENSE_GREEK.jpg,dvd_rental
780,SENSIBILITY REAR,2006,True,567.0,/fH1MipE8PXGg0rlI5cUdzxKnyA2.jpg,0780_SENSIBILITY_REAR.jpg,dvd_rental
781,SEVEN SWARM,2006,True,46878.0,/cyQXcI0Z8DLZus0PFQ4e1mdtclr.jpg,0781_SEVEN_SWARM.jpg,dvd_rental
782,SHAKESPEARE SADDLE,2006,True,132335.0,/eQVbkLOaNCmPptiOIbQY6BPK11r.jpg,0782_SHAKESPEARE_SADDLE.jpg,dvd_rental
783,SHANE DARKNESS,2006,True,1202863.0,/zzxIUS5GFMmDVActt9IPMQ0XZde.jpg,0783_SHANE_DARKNESS.jpg,dvd_rental
784,SHANGHAI TYCOON,2006,True,56930.0,/cX4pKQdEdEr5CnYRXuwakClX8WM.jpg,0784_SHANGHAI_TYCOON.jpg,dvd_rental
785,SHAWSHANK BUBBLE,2006,True,9683.0,/tFwvUSc8g0HHvDOBQ2rvC9LWVSj.jpg,0785_SHAWSHANK_BUBBLE.jpg,dvd_rental
786,SHEPHERD MIDSUMMER,2006,False,,,,dvd_rental
787,SHINING ROSES,2006,True,1267905.0,/lXumhtgMOxA3aqocplC8YIMwOv8.jpg,0787_SHINING_ROSES.jpg,dvd_rental
789,SHOCK CABIN,2006,True,22970.0,/40Sjxp3rXLC3UV2Wbgxxu4HwMJK.jpg,0789_SHOCK_CABIN.jpg,dvd_rental
790,SHOOTIST SUPERFLY,2006,True,500475.0,/yngW6SKiJqpn7ZXEAZwX6QZxxwG.jpg,0790_SHOOTIST_SUPERFLY.jpg,dvd_rental
791,SHOW LORD,2006,True,1227317.0,/eDa5EYflbvzB0Vmkrxq5aKeE7yq.jpg,0791_SHOW_LORD.jpg,dvd_rental
792,SHREK LICENSE,2006,True,2959.0,/AfDnIQ7BfgVfCIaAtHNaDggvR56.jpg,0792_SHREK_LICENSE.jpg,dvd_rental
793,SHRUNK DIVINE,2006,True,374195.0,/g3HJOAjkAIoCcKRE3glxlWpHS2J.jpg,0793_SHRUNK_DIVINE.jpg,dvd_rental
794,SIDE ARK,2006,True,515533.0,/A0OMPHzM27dAz7s3DpGuXwTQGcV.jpg,0794_SIDE_ARK.jpg,dvd_rental
795,SIEGE MADRE,2006,True,381283.0,/bKqXhnc9gCF3Zp24kySVV3jzavc.jpg,0795_SIEGE_MADRE.jpg,dvd_rental
796,SIERRA DIVIDE,2006,True,38541.0,/hnwX5cUuzBDM0OWJB2UtnjkrHDm.jpg,0796_SIERRA_DIVIDE.jpg,dvd_rental
797,SILENCE KANE,2006,True,15.0,/w7V0bv38Z0q0DgHmMfcGM4WRNTv.jpg,0797_SILENCE_KANE.jpg,dvd_rental
798,SILVERADO GOLDFINGER,2006,True,658.0,/tA0AqFwuFvQCzLdBzEnIlK4RayX.jpg,0798_SILVERADO_GOLDFINGER.jpg,dvd_rental
799,SIMON NORTH,2006,True,31586.0,/1tb1cm2pvyMuNGC2hGBUK683NlQ.jpg,0799_SIMON_NORTH.jpg,dvd_rental
800,SINNERS ATLANTIS,2006,True,10865.0,/uR7AKWMDTwyAub5r4QoPPiJImvx.jpg,0800_SINNERS_ATLANTIS.jpg,dvd_rental
801,SISTER FREDDY,2006,True,6466.0,/yrLcECj5TI7AADVO33d7EG1Kk7t.jpg,0801_SISTER_FREDDY.jpg,dvd_rental
802,SKY MIRACLE,2006,True,14292.0,/mxtej2th8t8x0ufVBTyhsO6Htxj.jpg,0802_SKY_MIRACLE.jpg,dvd_rental
803,SLACKER LIAISONS,2006,True,121602.0,/9NEFSA8dXZ1lTCI7w21Z7ghzwmm.jpg,0803_SLACKER_LIAISONS.jpg,dvd_rental
804,SLEEPING SUSPECTS,2006,True,629.0,/zI2ESVtVBJTo68aWuwCku78q4dZ.jpg,0804_SLEEPING_SUSPECTS.jpg,dvd_rental
805,SLEEPLESS MONSOON,2006,True,480.0,/pt1WHixIA2D85EYv30mDyFr4Om7.jpg,0805_SLEEPLESS_MONSOON.jpg,dvd_rental
806,SLEEPY JAPANESE,2006,True,50805.0,/6npoR3RIRBlY0arZjXv9xZWlh6a.jpg,0806_SLEEPY_JAPANESE.jpg,dvd_rental
807,SLEUTH ORIENT,2006,True,392044.0,/v5F94xCSBrSDorvOQNHU4sqAcqZ.jpg,0807_SLEUTH_ORIENT.jpg,dvd_rental
808,SLING LUKE,2006,True,903.0,/pFMISXcKgTS27ZYgM5tIGIpzPJo.jpg,0808_SLING_LUKE.jpg,dvd_rental
809,SLIPPER FIDELITY,2006,True,575299.0,/PYxGi3NOOWAxE3PwtnwR4ANS8S.jpg,0809_SLIPPER_FIDELITY.jpg,dvd_rental
810,SLUMS DUCK,2006,True,76716.0,/bblkH2l6PG12x7lz7jMCMguDKSj.jpg,0810_SLUMS_DUCK.jpg,dvd_rental
811,SMILE EARRING,2006,True,3635.0,/milHDb4L8eyOZoPnrXpVmwglEd9.jpg,0811_SMILE_EARRING.jpg,dvd_rental
812,SMOKING BARBARELLA,2006,True,8069.0,/ewZiDBNqmsjOFnyJuCQRzVEt8C.jpg,0812_SMOKING_BARBARELLA.jpg,dvd_rental
813,SMOOCHY CONTROL,2006,True,9636.0,/bhyHkbCwq4IbATninLIWmIRHOvG.jpg,0813_SMOOCHY_CONTROL.jpg,dvd_rental
814,SNATCH SLIPPER,2006,True,139799.0,/yNcpIo208BmATunnGRjJaxeJXyV.jpg,0814_SNATCH_SLIPPER.jpg,dvd_rental
815,SNATCHERS MONTEZUMA,2006,True,38766.0,/98VSkofFMO5nGQB6o9W4lUy2aRR.jpg,0815_SNATCHERS_MONTEZUMA.jpg,dvd_rental
816,SNOWMAN ROLLERCOASTER,2006,True,10670.0,/pf81AN7puPhVwQcNSnP6w6vNpGf.jpg,0816_SNOWMAN_ROLLERCOASTER.jpg,dvd_rental
817,SOLDIERS EVOLUTION,2006,True,9397.0,/9Rl38kO7rbfJB9Dtg7cZ6v536LR.jpg,0817_SOLDIERS_EVOLUTION.jpg,dvd_rental
818,SOMETHING DUCK,2006,True,76716.0,/bblkH2l6PG12x7lz7jMCMguDKSj.jpg,0818_SOMETHING_DUCK.jpg,dvd_rental
819,SONG HEDWIG,2006,False,,,,dvd_rental
820,SONS INTERVIEW,2006,True,228967.0,/kHM4MI4pLIhpxLXnbP874yGJbUq.jpg,0820_SONS_INTERVIEW.jpg,dvd_rental
821,SORORITY QUEEN,2006,True,457136.0,/f4rwu6nuTOr1cZNG6lgLuaZufnL.jpg,0821_SORORITY_QUEEN.jpg,dvd_rental
822,SOUP WISDOM,2006,True,41090.0,/jJiKZG7vauFCeax5Aj5fahrcKUO.jpg,0822_SOUP_WISDOM.jpg,dvd_rental
823,SOUTH WAIT,2006,True,11206.0,/oor6lU8mPHVN3ZyYwSKzvBTnmUt.jpg,0823_SOUTH_WAIT.jpg,dvd_rental
824,SPARTACUS CHEAPER,2006,True,11007.0,/pXww1FYiPe9gfVZuXj5ybJI3Zxw.jpg,0824_SPARTACUS_CHEAPER.jpg,dvd_rental
825,SPEAKEASY DATE,2006,True,41733.0,/dAGRc6NevtcsSFIkBjVn1GYRBdy.jpg,0825_SPEAKEASY_DATE.jpg,dvd_rental
826,SPEED SUIT,2006,True,685274.0,/rZ0JtG3VUWYGuE7j5JlmCQlcssl.jpg,0826_SPEED_SUIT.jpg,dvd_rental
827,SPICE SORORITY,2006,True,26688.0,/zwoOjfp14SuiduKSe5YfPk4yERN.jpg,0827_SPICE_SORORITY.jpg,dvd_rental
828,SPIKING ELEMENT,2006,True,18.0,/wnps5IL8YpeJpZvciDRXt7yZF8a.jpg,0828_SPIKING_ELEMENT.jpg,dvd_rental
829,SPINAL ROCKY,2006,True,1366.0,/yyoGappf3WxXRrHz23yNbH2MffI.jpg,0829_SPINAL_ROCKY.jpg,dvd_rental
830,SPIRIT FLINTSTONES,2006,True,888.0,/z3NM5Lk7iIUI03ImIbH7Ihn8J7w.jpg,0830_SPIRIT_FLINTSTONES.jpg,dvd_rental
831,SPIRITED CASUALTIES,2006,True,197626.0,/mxKEt6NUWoeJsiNzzX5TKa8W3oX.jpg,0831_SPIRITED_CASUALTIES.jpg,dvd_rental
832,SPLASH GUMP,2006,True,13.0,/azV6hV99lYkdhydsQbJCI6FqMl4.jpg,0832_SPLASH_GUMP.jpg,dvd_rental
833,SPLENDOR PATTON,2006,True,11202.0,/1jCaXkBMi9onVxeqqN9v7kovp3u.jpg,0833_SPLENDOR_PATTON.jpg,dvd_rental
834,SPOILERS HELLFIGHTERS,2006,True,32726.0,/vxfMqStji9leTC8grt9JmxOt1rz.jpg,0834_SPOILERS_HELLFIGHTERS.jpg,dvd_rental
835,SPY MILE,2006,True,691.0,/mbLDXDyPUPpjrL2jtc7jfwMN30B.jpg,0835_SPY_MILE.jpg,dvd_rental
836,SQUAD FISH,2006,True,587.0,/m4gYCeV4GfGDw4PpMgU9kFIaNxP.jpg,0836_SQUAD_FISH.jpg,dvd_rental
837,STAGE WORLD,2006,True,193672.0,/nnO8R5902UNEZem36IHve8uOy1v.jpg,0837_STAGE_WORLD.jpg,dvd_rental
838,STAGECOACH ARMAGEDDON,2006,True,95.0,/yYtlk1E28L1kQG6VcazkHhv29Ur.jpg,0838_STAGECOACH_ARMAGEDDON.jpg,dvd_rental
839,STALLION SUNDANCE,2006,True,162468.0,/98NrZESTpZn6UgJ2jfwkbVBCihy.jpg,0839_STALLION_SUNDANCE.jpg,dvd_rental
840,STAMPEDE DISTURBING,2006,True,9424.0,/xwzdR3KecnAUtZSPNCfuRq2q4j5.jpg,0840_STAMPEDE_DISTURBING.jpg,dvd_rental
841,STAR OPERATION,2006,True,1251549.0,/dLuhaYGHCecHVt9tprqeUi6kxOa.jpg,0841_STAR_OPERATION.jpg,dvd_rental
842,STATE WASTELAND,2006,True,128241.0,/8uRwVWdcrOs3aCi8gxL5KTaG40r.jpg,0842_STATE_WASTELAND.jpg,dvd_rental
843,STEEL SANTA,2006,True,102170.0,/4L6ZMFcwYYQYBU0VwfgoFwdpRv9.jpg,0843_STEEL_SANTA.jpg,dvd_rental
844,STEERS ARMAGEDDON,2006,True,95.0,/yYtlk1E28L1kQG6VcazkHhv29Ur.jpg,0844_STEERS_ARMAGEDDON.jpg,dvd_rental
845,STEPMOM DREAM,2006,True,8652.0,/7ItSxE9giyy20pzHAQMAtrpu4KI.jpg,0845_STEPMOM_DREAM.jpg,dvd_rental
846,STING PERSONAL,2006,True,340676.0,/6IhZUIj6DYpHx3E6Df6QED6n0SN.jpg,0846_STING_PERSONAL.jpg,dvd_rental
847,STOCK GLASS,2006,True,450465.0,/fti914gSqtKKTegCXV3zrMcWPIe.jpg,0847_STOCK_GLASS.jpg,dvd_rental
848,STONE FIRE,2006,True,206091.0,/fWIY62fwUJz5cQQP0IZQwHHgVGG.jpg,0848_STONE_FIRE.jpg,dvd_rental
849,STORM HAPPINESS,2006,True,10683.0,/rYfUcEV88Z3gENrfYTE6i8yBkDr.jpg,0849_STORM_HAPPINESS.jpg,dvd_rental
850,STORY SIDE,2006,True,19151.0,/bGgd7k09LaaZBkJDW0C1zmPkwnu.jpg,0850_STORY_SIDE.jpg,dvd_rental
851,STRAIGHT HOURS,2006,True,44115.0,/1XbNkZMLXD9dYGZJ87nmQ62Mp2l.jpg,0851_STRAIGHT_HOURS.jpg,dvd_rental
852,STRANGELOVE DESIRE,2006,True,86331.0,/yBTElYnRkwySYzMunE6urPT9LvT.jpg,0852_STRANGELOVE_DESIRE.jpg,dvd_rental
853,STRANGER STRANGERS,2006,True,1527764.0,/d1Qyevn1JsqC5UJLf5VIzyJzS5n.jpg,0853_STRANGER_STRANGERS.jpg,dvd_rental
854,STRANGERS GRAFFITI,2006,True,838.0,/9rvox1lGhLtUj0djMtr44CuxYE1.jpg,0854_STRANGERS_GRAFFITI.jpg,dvd_rental
855,STREAK RIDGEMONT,2006,True,13342.0,/AfQAYVcjiGd6XKzMyGHGwCfbhPM.jpg,0855_STREAK_RIDGEMONT.jpg,dvd_rental
856,STREETCAR INTENTIONS,2006,True,796.0,/c4hIfeTlAjTcy2LRRcNXPMCyf0L.jpg,0856_STREETCAR_INTENTIONS.jpg,dvd_rental
857,STRICTLY SCARFACE,2006,True,111.0,/iDABT5GD9OQmFiXM3wR0DJIxtkY.jpg,0857_STRICTLY_SCARFACE.jpg,dvd_rental
858,SUBMARINE BED,2006,True,917007.0,/mJM6NMqynC2P1kvqmVD2K8Sa8AQ.jpg,0858_SUBMARINE_BED.jpg,dvd_rental
859,SUGAR WONKA,2006,True,787699.0,/6eHcR7zwvNSvkOl9jbctU0lvZQ1.jpg,0859_SUGAR_WONKA.jpg,dvd_rental
860,SUICIDES SILENCE,2006,True,68730.0,/7U9ltw1jcv36Rhf9uG889LAV8vC.jpg,0860_SUICIDES_SILENCE.jpg,dvd_rental
861,SUIT WALLS,2006,True,1483546.0,/zu54drUl5ZPSTrTOHSuFnImMz4A.jpg,0861_SUIT_WALLS.jpg,dvd_rental
862,SUMMER SCARFACE,2006,True,111.0,/iDABT5GD9OQmFiXM3wR0DJIxtkY.jpg,0862_SUMMER_SCARFACE.jpg,dvd_rental
863,SUN CONFESSIONS,2006,True,1597583.0,/uUvxp0URR4irPHxonqXsdTi5hPA.jpg,0863_SUN_CONFESSIONS.jpg,dvd_rental
864,SUNDANCE INVASION,2006,True,4858.0,/bWdyO6Snr0oprGihuZX3T51nemd.jpg,0864_SUNDANCE_INVASION.jpg,dvd_rental
865,SUNRISE LEAGUE,2006,True,141052.0,/wUWqnavD8iGZ5F4xXhWlrtEzKjV.jpg,0865_SUNRISE_LEAGUE.jpg,dvd_rental
866,SUNSET RACER,2006,True,590965.0,/aQmUjzHOyN0jaSaA9GOSksiVRGo.jpg,0866_SUNSET_RACER.jpg,dvd_rental
867,SUPER WYOMING,2006,True,184123.0,/nV5PpZ5FJtfTlFDXWAHOnxNlNHI.jpg,0867_SUPER_WYOMING.jpg,dvd_rental
868,SUPERFLY TRIP,2006,True,1549519.0,/oVyD6sX6Vr5Ej8X1DLrs12zG40Y.jpg,0868_SUPERFLY_TRIP.jpg,dvd_rental
869,SUSPECTS QUILLS,2006,True,10876.0,/hFj5IMooJrvO14CfxvB2seNvplT.jpg,0869_SUSPECTS_QUILLS.jpg,dvd_rental
870,SWARM GOLD,2006,True,334524.0,/iau0snwmDnEa52okDhkT6J3bYsa.jpg,0870_SWARM_GOLD.jpg,dvd_rental
871,SWEDEN SHINING,2006,True,694.0,/mm003Mj2e9kJRsrxiVdPn2BSBPh.jpg,0871_SWEDEN_SHINING.jpg,dvd_rental
872,SWEET BROTHERHOOD,2006,True,402334.0,/5oMMBxqqThvmOoUDx1rYOPFHons.jpg,0872_SWEET_BROTHERHOOD.jpg,dvd_rental
873,SWEETHEARTS SUSPECTS,2006,True,629.0,/zI2ESVtVBJTo68aWuwCku78q4dZ.jpg,0873_SWEETHEARTS_SUSPECTS.jpg,dvd_rental
874,TADPOLE PARK,2006,True,329.0,/h831eszSFmEyr94WKcgscqPIRbh.jpg,0874_TADPOLE_PARK.jpg,dvd_rental
875,TALENTED HOMICIDE,2006,True,458353.0,/u8qHMiRkWPhDeL4W85OKA5cahPI.jpg,0875_TALENTED_HOMICIDE.jpg,dvd_rental
876,TARZAN VIDEOTAPE,2006,True,1412.0,/8Qd8Q231kvgytjdLO1BV5ZG9bd9.jpg,0876_TARZAN_VIDEOTAPE.jpg,dvd_rental
877,TAXI KICK,2006,True,23483.0,/dyYP52hnVzioCxLSheogZBX0vXv.jpg,0877_TAXI_KICK.jpg,dvd_rental
878,TEEN APOLLO,2006,True,568.0,/h6RBssorNWZQYZN5M4ys9V6Uy0I.jpg,0878_TEEN_APOLLO.jpg,dvd_rental
879,TELEGRAPH VOYAGE,2006,True,180802.0,/n6wKuVGtl0HnB9OCjFto1IdVzln.jpg,0879_TELEGRAPH_VOYAGE.jpg,dvd_rental
880,TELEMARK HEARTBREAKERS,2006,True,10833.0,/2ROhZDtUYMBEo4woauYESMJ5Fi8.jpg,0880_TELEMARK_HEARTBREAKERS.jpg,dvd_rental
881,TEMPLE ATTRACTION,2006,True,401513.0,/wsAXHzvwnge7rHcVoIOV9VHHkwE.jpg,0881_TEMPLE_ATTRACTION.jpg,dvd_rental
882,TENENBAUMS COMMAND,2006,True,384798.0,/hwWy9XmQw4QcDyNocWW8Mi0E0fs.jpg,0882_TENENBAUMS_COMMAND.jpg,dvd_rental
883,TEQUILA PAST,2006,True,666277.0,/jWrJrLMD7SZoxc65KSYej6QOw12.jpg,0883_TEQUILA_PAST.jpg,dvd_rental
884,TERMINATOR CLUB,2006,True,550.0,/sgTAWJFaB2kBvdQxRGabYFiQqEK.jpg,0884_TERMINATOR_CLUB.jpg,dvd_rental
885,TEXAS WATCH,2006,True,252066.0,/cbhug1d8yb5bEu75WxAXmg4jiHx.jpg,0885_TEXAS_WATCH.jpg,dvd_rental
886,THEORY MERMAID,2006,True,1422120.0,/ndGA7b7b81a32HQCAVRZ5RWyfJ1.jpg,0886_THEORY_MERMAID.jpg,dvd_rental
887,THIEF PELICAN,2006,True,9944.0,/jZmGx7EST8HglBHeumXYqhNtrTo.jpg,0887_THIEF_PELICAN.jpg,dvd_rental
888,THIN SAGEBRUSH,2006,True,23590.0,/tnxHe2a64cEcjYGr2uK8kEg6XmC.jpg,0888_THIN_SAGEBRUSH.jpg,dvd_rental
889,TIES HUNGER,2006,True,70160.0,/qSEn7KsGchT7qB08HlviyeTPrEr.jpg,0889_TIES_HUNGER.jpg,dvd_rental
890,TIGHTS DAWN,2006,True,1232546.0,/exgfubqSbF4veI4uXFOdbV66gEf.jpg,0890_TIGHTS_DAWN.jpg,dvd_rental
891,TIMBERLAND SKY,2006,True,11459.0,/dXtT1o8bLUflTSh1e0XvDSzCFs4.jpg,0891_TIMBERLAND_SKY.jpg,dvd_rental
892,TITANIC BOONDOCK,2006,True,8374.0,/jtJTwBMxMFnUDMMHqyt69Tx0aw6.jpg,0892_TITANIC_BOONDOCK.jpg,dvd_rental
893,TITANS JERK,2006,True,6471.0,/mIjOWtUofyt9Jawge7FbvITjU3D.jpg,0893_TITANS_JERK.jpg,dvd_rental
894,TOMATOES HELLFIGHTERS,2006,True,32726.0,/vxfMqStji9leTC8grt9JmxOt1rz.jpg,0894_TOMATOES_HELLFIGHTERS.jpg,dvd_rental
895,TOMORROW HUSTLER,2006,True,990.0,/6jicxcrfFZpXIBgQidj3uouwsiP.jpg,0895_TOMORROW_HUSTLER.jpg,dvd_rental
896,TOOTSIE PILOT,2006,True,64870.0,/Z85wo4pIRnu3bkuFVGHTFolMKN.jpg,0896_TOOTSIE_PILOT.jpg,dvd_rental
897,TORQUE BOUND,2006,True,9303.0,/HIKFcqvKJWnyXPxnnATeqLurBd.jpg,0897_TORQUE_BOUND.jpg,dvd_rental
898,TOURIST PELICAN,2006,True,9944.0,/jZmGx7EST8HglBHeumXYqhNtrTo.jpg,0898_TOURIST_PELICAN.jpg,dvd_rental
899,TOWERS HURRICANE,2006,True,10400.0,/jicMNPt7YnL6K8nDHeK3TqhmHIU.jpg,0899_TOWERS_HURRICANE.jpg,dvd_rental
900,TOWN ARK,2006,True,85.0,/tECLVwLCMexSkls33RTCwedRZ6d.jpg,0900_TOWN_ARK.jpg,dvd_rental
901,TRACY CIDER,2006,True,1715.0,/uAldIJbqUSBcPWKCFxysuElFmtq.jpg,0901_TRACY_CIDER.jpg,dvd_rental
902,TRADING PINOCCHIO,2006,True,10895.0,/sAluF7lNc4Mv3qxx1mmOgsfbr0C.jpg,0902_TRADING_PINOCCHIO.jpg,dvd_rental
903,TRAFFIC HOBBIT,2006,True,49051.0,/3dJELUqdpGEkXVrMj7V3BiOjrtf.jpg,0903_TRAFFIC_HOBBIT.jpg,dvd_rental
904,TRAIN BUNCH,2006,True,576.0,/8RLSKxIbW10kFKJirxVYDwwmDAl.jpg,0904_TRAIN_BUNCH.jpg,dvd_rental
905,TRAINSPOTTING STRANGERS,2006,True,1010755.0,/iKIg4RH3zUITuQ8RXKZhWH7rm4B.jpg,0905_TRAINSPOTTING_STRANGERS.jpg,dvd_rental
906,TRAMP OTHERS,2006,True,1933.0,/u03kblxsv3zar3Uqt6sRfICU9L6.jpg,0906_TRAMP_OTHERS.jpg,dvd_rental
907,TRANSLATION SUMMER,2006,True,14671.0,/jaS2TmyOvpPScmlRoBwK1jGueox.jpg,0907_TRANSLATION_SUMMER.jpg,dvd_rental
908,TRAP GUYS,2006,True,629542.0,/czxHSOXyKd6zEvIOvUTxAwqOjcK.jpg,0908_TRAP_GUYS.jpg,dvd_rental
909,TREASURE COMMAND,2006,True,384798.0,/hwWy9XmQw4QcDyNocWW8Mi0E0fs.jpg,0909_TREASURE_COMMAND.jpg,dvd_rental
910,TREATMENT JEKYLL,2006,True,84512.0,/cJo4TgftAmU7rJdpEUiU2rIEJ77.jpg,0910_TREATMENT_JEKYLL.jpg,dvd_rental
911,TRIP NEWTON,2006,True,42807.0,/v3VuDClmFZNjfI6YLTkeinae9HK.jpg,0911_TRIP_NEWTON.jpg,dvd_rental
912,TROJAN TOMORROW,2006,True,588228.0,/tzp6VzED2TBc02bkYoYnQa6r2OK.jpg,0912_TROJAN_TOMORROW.jpg,dvd_rental
913,TROOPERS METAL,2006,True,600.0,/6CX7BcyD8Xd5AQ7myNs0UE4mu6c.jpg,0913_TROOPERS_METAL.jpg,dvd_rental
914,TROUBLE DATE,2006,True,1153521.0,/hTPQCKr0Ov4yKmr90kMCgnx5bg.jpg,0914_TROUBLE_DATE.jpg,dvd_rental
915,TRUMAN CRAZY,2006,True,50646.0,/35buC6XTHUMhTNZ1ZygT3T9yKMg.jpg,0915_TRUMAN_CRAZY.jpg,dvd_rental
916,TURN STAR,2006,False,,,,dvd_rental
917,TUXEDO MILE,2006,True,497.0,/aBQiJRxGRrX0mXFMjxyzWYFtEnf.jpg,0917_TUXEDO_MILE.jpg,dvd_rental
918,TWISTED PIRATES,2006,True,22.0,/bVG48kmXuLaZYgPfSCmhs6EYFbX.jpg,0918_TWISTED_PIRATES.jpg,dvd_rental
919,TYCOON GATHERING,2006,True,10943.0,/1naDbrrcE0hIG1f3CuU9HzHsz1d.jpg,0919_TYCOON_GATHERING.jpg,dvd_rental
920,UNBREAKABLE KARATE,2006,True,1885.0,/qupC1Jxss4YH5Y2ZeIB4XXokGcd.jpg,0920_UNBREAKABLE_KARATE.jpg,dvd_rental
921,UNCUT SUICIDES,2006,True,1443.0,/bxxLf6waF2nKDQEoXuIhuGJTSP4.jpg,0921_UNCUT_SUICIDES.jpg,dvd_rental
922,UNDEFEATED DALMATIONS,2006,True,10481.0,/cwF2aov9zwUhu9abu5fz6lS3kG2.jpg,0922_UNDEFEATED_DALMATIONS.jpg,dvd_rental
923,UNFAITHFUL KILL,2006,True,1439930.0,/p1eqHRxfIxfgtDgfjWcpEESeEvF.jpg,0923_UNFAITHFUL_KILL.jpg,dvd_rental
924,UNFORGIVEN ZOOLANDER,2006,True,9398.0,/pOtJyjyCjhOcfBnQG8vIZ6Q2y2A.jpg,0924_UNFORGIVEN_ZOOLANDER.jpg,dvd_rental
925,UNITED PILOT,2006,True,64870.0,/Z85wo4pIRnu3bkuFVGHTFolMKN.jpg,0925_UNITED_PILOT.jpg,dvd_rental
926,UNTOUCHABLES SUNRISE,2006,True,76.0,/uw9vx5M0qwkU1QnBNG4CXCgwYB3.jpg,0926_UNTOUCHABLES_SUNRISE.jpg,dvd_rental
927,UPRISING UPTOWN,2006,True,14926.0,/nTsy9QHBUZmbSc82nLPMtD8G3I4.jpg,0927_UPRISING_UPTOWN.jpg,dvd_rental
928,UPTOWN YOUNG,2006,True,1232449.0,/9dkwCoJFcNRxuXf6W2f3dm1JaTl.jpg,0928_UPTOWN_YOUNG.jpg,dvd_rental
929,USUAL UNTOUCHABLES,2006,True,117.0,/pVcWaUbFDL76ObIsReIBQ5ILMHv.jpg,0929_USUAL_UNTOUCHABLES.jpg,dvd_rental
930,VACATION BOONDOCK,2006,True,8374.0,/jtJTwBMxMFnUDMMHqyt69Tx0aw6.jpg,0930_VACATION_BOONDOCK.jpg,dvd_rental
931,VALENTINE VANISHING,2006,True,449459.0,/lXSiEbWSk7RqZQtwobZNTZKp8IH.jpg,0931_VALENTINE_VANISHING.jpg,dvd_rental
932,VALLEY PACKER,2006,True,449357.0,/gBRcJMAAwBdb2S4dJrhP0sKO8hz.jpg,0932_VALLEY_PACKER.jpg,dvd_rental
933,VAMPIRE WHALE,2006,True,1412598.0,/x8lIphxDZ0CIvyBCvYS0FwjyHco.jpg,0933_VAMPIRE_WHALE.jpg,dvd_rental
934,VANILLA DAY,2006,True,430334.0,/y0Z38FCaWM9fvlYgP5DLjdpDSqj.jpg,0934_VANILLA_DAY.jpg,dvd_rental
935,VANISHED GARDEN,2006,True,11236.0,/ku9JHB6c59UKUXjxV8lPoU89f6N.jpg,0935_VANISHED_GARDEN.jpg,dvd_rental
936,VANISHING ROCKY,2006,True,1366.0,/yyoGappf3WxXRrHz23yNbH2MffI.jpg,0936_VANISHING_ROCKY.jpg,dvd_rental
937,VARSITY TRIP,2006,True,1549519.0,/oVyD6sX6Vr5Ej8X1DLrs12zG40Y.jpg,0937_VARSITY_TRIP.jpg,dvd_rental
938,VELVET TERMINATOR,2006,True,218.0,/9KI49SBnwAOzGcMw1onIki7vd2.jpg,0938_VELVET_TERMINATOR.jpg,dvd_rental
939,VERTIGO NORTHWEST,2006,True,213.0,/8r81l0fxwB5uxlAHzVXZ6IhO0o9.jpg,0939_VERTIGO_NORTHWEST.jpg,dvd_rental
940,VICTORY ACADEMY,2006,True,9336.0,/wmphZLnqARmCvjFvYkBAMhlsmNl.jpg,0940_VICTORY_ACADEMY.jpg,dvd_rental
941,VIDEOTAPE ARSENIC,2006,True,212.0,/t1RP1lzSB8UR4aWuZnCSYcLCIlX.jpg,0941_VIDEOTAPE_ARSENIC.jpg,dvd_rental
942,VIETNAM SMOOCHY,2006,True,9275.0,/d0AKKjou9K7rUlCEHWtiXljMfvM.jpg,0942_VIETNAM_SMOOCHY.jpg,dvd_rental
943,VILLAIN DESPERATE,2006,True,14262.0,/nVus5axqx1MBldy5RO2Rf5AEUqu.jpg,0943_VILLAIN_DESPERATE.jpg,dvd_rental
944,VIRGIN DAISY,2006,True,18426.0,/8ENYofdSAu4YswHMHweq8BuSvlw.jpg,0944_VIRGIN_DAISY.jpg,dvd_rental
945,VIRGINIAN PLUTO,2006,True,67163.0,/42eckwGVzpRon6WE2F6g7uEUVDm.jpg,0945_VIRGINIAN_PLUTO.jpg,dvd_rental
946,VIRTUAL SPOILERS,2006,True,124711.0,/6TXgf8WHpcf4izcWxqMHRiLoMS6.jpg,0946_VIRTUAL_SPOILERS.jpg,dvd_rental
947,VISION TORQUE,2006,True,10718.0,/kjk5FQWR9NNYiMBHz99hcSoW7ct.jpg,0947_VISION_TORQUE.jpg,dvd_rental
948,VOICE PEACH,2006,True,438551.0,/vEMwEGN2T4JU8oql7b6Uq1h3yRq.jpg,0948_VOICE_PEACH.jpg,dvd_rental
949,VOLCANO TEXAS,2006,True,1330496.0,/wLJJ40AMEZmypeFut6AffqwMK8E.jpg,0949_VOLCANO_TEXAS.jpg,dvd_rental
950,VOLUME HOUSE,2006,False,,,,dvd_rental
951,VOYAGE LEGALLY,2006,True,8835.0,/niib9aVXTSKt8YOr9sHaMGkpJHZ.jpg,0951_VOYAGE_LEGALLY.jpg,dvd_rental
952,WAGON JAWS,2006,True,84060.0,/3aLabIgttFYtHaN7eVQAA9nGdHz.jpg,0952_WAGON_JAWS.jpg,dvd_rental
953,WAIT CIDER,2006,True,1715.0,/uAldIJbqUSBcPWKCFxysuElFmtq.jpg,0953_WAIT_CIDER.jpg,dvd_rental
954,WAKE JAWS,2006,True,84060.0,/3aLabIgttFYtHaN7eVQAA9nGdHz.jpg,0954_WAKE_JAWS.jpg,dvd_rental
955,WALLS ARTIST,2006,True,74643.0,/1Es8PPKkReOjf32SAFxlXoOJSwK.jpg,0955_WALLS_ARTIST.jpg,dvd_rental
956,WANDA CHAMBER,2006,True,672.0,/bhCfAzeMMg7GyLDT11yVM2i1NPh.jpg,0956_WANDA_CHAMBER.jpg,dvd_rental
957,WAR NOTTING,2006,True,509.0,/n0QNJ6zc0DJn3adJsm4rZojq25v.jpg,0957_WAR_NOTTING.jpg,dvd_rental
958,WARDROBE PHANTOM,2006,True,9826.0,/fW7CBJlZ6Vu79wqn6wCJvhSIx4J.jpg,0958_WARDROBE_PHANTOM.jpg,dvd_rental
959,WARLOCK WEREWOLF,2006,True,894205.0,/jCZ92sCQkHv8jHLI9Cz6ETuj0cS.jpg,0959_WARLOCK_WEREWOLF.jpg,dvd_rental
960,WARS PLUTO,2006,True,67163.0,/42eckwGVzpRon6WE2F6g7uEUVDm.jpg,0960_WARS_PLUTO.jpg,dvd_rental
961,WASH HEAVENLY,2006,True,40243.0,/djAHP5GbeN8fEZ37DviSkHCOFNm.jpg,0961_WASH_HEAVENLY.jpg,dvd_rental
962,WASTELAND DIVINE,2006,True,374195.0,/g3HJOAjkAIoCcKRE3glxlWpHS2J.jpg,0962_WASTELAND_DIVINE.jpg,dvd_rental
963,WATCH TRACY,2006,True,8592.0,/qWVg35ieeTKjWeX2bJLRe8YYd2A.jpg,0963_WATCH_TRACY.jpg,dvd_rental
964,WATERFRONT DELIVERANCE,2006,True,10669.0,/e1bVo5ehfvRDBh4IulHzmVXfVCh.jpg,0964_WATERFRONT_DELIVERANCE.jpg,dvd_rental
965,WATERSHIP FRONTIER,2006,True,399361.0,/sYWfXTIfuAUr9ZmgYnQc5sjz26j.jpg,0965_WATERSHIP_FRONTIER.jpg,dvd_rental
966,WEDDING APOLLO,2006,True,568.0,/h6RBssorNWZQYZN5M4ys9V6Uy0I.jpg,0966_WEDDING_APOLLO.jpg,dvd_rental
967,WEEKEND PERSONAL,2006,True,340676.0,/6IhZUIj6DYpHx3E6Df6QED6n0SN.jpg,0967_WEEKEND_PERSONAL.jpg,dvd_rental
968,WEREWOLF LOLA,2006,True,329505.0,/iQt9Kydd8yn9xfBvYeKec56glyv.jpg,0968_WEREWOLF_LOLA.jpg,dvd_rental
969,WEST LION,2006,True,1305533.0,/r0Yq8pxgG6YzaeFzeJk3GFhlswT.jpg,0969_WEST_LION.jpg,dvd_rental
970,WESTWARD SEABISCUIT,2006,True,4464.0,/jv14nQPvby17UwN9vAQoiciwA5r.jpg,0970_WESTWARD_SEABISCUIT.jpg,dvd_rental
971,WHALE BIKINI,2006,True,564610.0,/ftd16utOkesQaNGFXe4b84BqaXe.jpg,0971_WHALE_BIKINI.jpg,dvd_rental
972,WHISPERER GIANT,2006,True,1712.0,/oruoMYVned5WVdd5uRBXIuRcE1B.jpg,0972_WHISPERER_GIANT.jpg,dvd_rental
973,WIFE TURN,2006,False,,,,dvd_rental
974,WILD APOLLO,2006,True,1131940.0,/fFD7XEjaXIEuTwTm38BlaBHM7r8.jpg,0974_WILD_APOLLO.jpg,dvd_rental
975,WILLOW TRACY,2006,True,8592.0,/qWVg35ieeTKjWeX2bJLRe8YYd2A.jpg,0975_WILLOW_TRACY.jpg,dvd_rental
976,WIND PHANTOM,2006,True,915670.0,/ickmMlA97iQejA3FmxmgJbIgIlP.jpg,0976_WIND_PHANTOM.jpg,dvd_rental
977,WINDOW SIDE,2006,False,,,,dvd_rental
978,WISDOM WORKER,2006,True,1162.0,/sHU0JZR6sn1Zr2OtBxYCjy8J7el.jpg,0978_WISDOM_WORKER.jpg,dvd_rental
979,WITCHES PANIC,2006,True,4547.0,/a4RVuYE53xDV8zlppZMVP2Z27gp.jpg,0979_WITCHES_PANIC.jpg,dvd_rental
980,WIZARD COLDBLOODED,2006,True,32502.0,/zfU3QJVqnY3wW1La9ptrOYGFdbP.jpg,0980_WIZARD_COLDBLOODED.jpg,dvd_rental
981,WOLVES DESIRE,2006,True,86331.0,/yBTElYnRkwySYzMunE6urPT9LvT.jpg,0981_WOLVES_DESIRE.jpg,dvd_rental
982,WOMEN DORADO,2006,True,6644.0,/gCA1Zb1Kw1Zo6wSodCIlZPVfwpo.jpg,0982_WOMEN_DORADO.jpg,dvd_rental
983,WON DARES,2006,True,19322.0,/rOWzSEoodFqHYEC99uxo4MMAxvk.jpg,0983_WON_DARES.jpg,dvd_rental
984,WONDERFUL DROP,2006,True,1249213.0,/5e2DJg3ZmplFdDoJ05EeXyEi1Hr.jpg,0984_WONDERFUL_DROP.jpg,dvd_rental
985,WONDERLAND CHRISTMAS,2006,True,550032.0,/3QwvhdOZSNJdHbHcL9aIwp3l9mD.jpg,0985_WONDERLAND_CHRISTMAS.jpg,dvd_rental
986,WONKA SEA,2006,True,246080.0,/eOoKjNdKRBYBwwVazKtR5YEiK9S.jpg,0986_WONKA_SEA.jpg,dvd_rental
987,WORDS HUNTER,2006,True,399402.0,/nzC37wvOkZr0utsuEvJjH0P9URV.jpg,0987_WORDS_HUNTER.jpg,dvd_rental
988,WORKER TARZAN,2006,True,37135.0,/1Gk8iihu4Q4BGh2n1IwNLB3zM8E.jpg,0988_WORKER_TARZAN.jpg,dvd_rental
989,WORKING MICROCOSMOS,2006,True,9305.0,/7Ksdt70xD3TnGmRdm7f9A3vFzDb.jpg,0989_WORKING_MICROCOSMOS.jpg,dvd_rental
990,WORLD LEATHERNECKS,2006,True,47555.0,/AcPWELwYBVvSfnfcK3GSiMH44K8.jpg,0990_WORLD_LEATHERNECKS.jpg,dvd_rental
991,WORST BANGER,2006,True,1265623.0,/mtyIfCHm7FZw1plbwbybj9Stfz8.jpg,0991_WORST_BANGER.jpg,dvd_rental
992,WRATH MILE,2006,True,497.0,/aBQiJRxGRrX0mXFMjxyzWYFtEnf.jpg,0992_WRATH_MILE.jpg,dvd_rental
993,WRONG BEHAVIOR,2006,True,255572.0,/niiJ8MDntOPocphgESMv1SbswgP.jpg,0993_WRONG_BEHAVIOR.jpg,dvd_rental
994,WYOMING STORM,2006,True,211846.0,/ynl48GsAGF1FhSl6cKQQZrKf719.jpg,0994_WYOMING_STORM.jpg,dvd_rental
995,YENTL IDAHO,2006,True,468.0,/7D08WRTWi5ZGJvBmMW64W4H6dE2.jpg,0995_YENTL_IDAHO.jpg,dvd_rental
996,YOUNG LANGUAGE,2006,True,527376.0,/rfL4YK2nHAdIRKaGs6Pit1qzO3u.jpg,0996_YOUNG_LANGUAGE.jpg,dvd_rental
997,YOUTH KICK,2006,False,,,,dvd_rental
998,ZHIVAGO CORE,2006,True,9341.0,/l4HpogVLiVtx0LWW8XuJoWT7WfZ.jpg,0998_ZHIVAGO_CORE.jpg,dvd_rental
999,ZOOLANDER FICTION,2006,True,680.0,/hNcQAuquJxTxl2fJFs1R42DrWcf.jpg,0999_ZOOLANDER_FICTION.jpg,dvd_rental
1000,ZORRO ARK,2006,True,995133.0,/jfkVV2RrD5tXAy8P0JLl90ELS0S.jpg,1000_ZORRO_ARK.jpg,dvd_rental
